{
  "type": "FeatureCollection",
  "name": "cn0000385-device-data",
  "coordinate_system": "WGS84 / EPSG:4326",
  "device_schema_version": 2,
  "generated_at": "2026-09-07T16:24:17.878Z",
  "properties": {
    "course_id": "cn0000385",
    "course_name": "泰州华侨城云海湿地高尔夫球会 · Codex 18洞地图图层校准 v15",
    "holes": 18
  },
  "features": [
    {
      "type": "Feature",
      "id": "cn0000385-h01-hole_perimeter-0",
      "properties": {
        "course_id": "cn0000385",
        "hole": 1,
        "feature_type": "hole_perimeter",
        "index": 0
      },
      "geometry": {
        "type": "Polygon",
        "coordinates": [
          [
            [
              120.0720062,
              32.6158632
            ],
            [
              120.0720545,
              32.6156192
            ],
            [
              120.0720063,
              32.6148423
            ],
            [
              120.0719796,
              32.6138486
            ],
            [
              120.0719796,
              32.6135144
            ],
            [
              120.0720065,
              32.6132117
            ],
            [
              120.0720816,
              32.6129361
            ],
            [
              120.0721834,
              32.6127372
            ],
            [
              120.072339,
              32.612597
            ],
            [
              120.0725374,
              32.6125335
            ],
            [
              120.0727304,
              32.6125965
            ],
            [
              120.0728591,
              32.6127545
            ],
            [
              120.0729341,
              32.6129893
            ],
            [
              120.073036,
              32.6132105
            ],
            [
              120.073111,
              32.6134905
            ],
            [
              120.0731485,
              32.6138202
            ],
            [
              120.0731485,
              32.6141544
            ],
            [
              120.0729929,
              32.6154194
            ],
            [
              120.0729392,
              32.6156407
            ],
            [
              120.0728212,
              32.6158577
            ],
            [
              120.0723869,
              32.6164002
            ],
            [
              120.0721134,
              32.6163689
            ],
            [
              120.0720008,
              32.6161116
            ],
            [
              120.0720062,
              32.6158632
            ]
          ]
        ]
      }
    },
    {
      "type": "Feature",
      "id": "cn0000385-h01-rough-0",
      "properties": {
        "course_id": "cn0000385",
        "hole": 1,
        "feature_type": "rough",
        "index": 0
      },
      "geometry": {
        "type": "Polygon",
        "coordinates": [
          [
            [
              120.0720062,
              32.6158632
            ],
            [
              120.0720545,
              32.6156192
            ],
            [
              120.0720063,
              32.6148423
            ],
            [
              120.0719796,
              32.6138486
            ],
            [
              120.0719796,
              32.6135144
            ],
            [
              120.0720065,
              32.6132117
            ],
            [
              120.0720816,
              32.6129361
            ],
            [
              120.0721834,
              32.6127372
            ],
            [
              120.072339,
              32.612597
            ],
            [
              120.0725374,
              32.6125335
            ],
            [
              120.0727304,
              32.6125965
            ],
            [
              120.0728591,
              32.6127545
            ],
            [
              120.0729341,
              32.6129893
            ],
            [
              120.073036,
              32.6132105
            ],
            [
              120.073111,
              32.6134905
            ],
            [
              120.0731485,
              32.6138202
            ],
            [
              120.0731485,
              32.6141544
            ],
            [
              120.0729929,
              32.6154194
            ],
            [
              120.0729392,
              32.6156407
            ],
            [
              120.0728212,
              32.6158577
            ],
            [
              120.0723869,
              32.6164002
            ],
            [
              120.0721134,
              32.6163689
            ],
            [
              120.0720008,
              32.6161116
            ],
            [
              120.0720062,
              32.6158632
            ]
          ]
        ]
      }
    },
    {
      "type": "Feature",
      "id": "cn0000385-h01-tee_box-0",
      "properties": {
        "course_id": "cn0000385",
        "hole": 1,
        "feature_type": "tee_box",
        "index": 0
      },
      "geometry": {
        "type": "Polygon",
        "coordinates": [
          [
            [
              120.0723573,
              32.6162508
            ],
            [
              120.0723016,
              32.6162851
            ],
            [
              120.0722333,
              32.6162768
            ],
            [
              120.0721916,
              32.6162306
            ],
            [
              120.0721963,
              32.6161796
            ],
            [
              120.0726716,
              32.6154705
            ],
            [
              120.0727212,
              32.6154407
            ],
            [
              120.072782,
              32.6154438
            ],
            [
              120.0728306,
              32.6154853
            ],
            [
              120.0728305,
              32.6155436
            ],
            [
              120.0726376,
              32.6158508
            ],
            [
              120.0723573,
              32.6162508
            ]
          ]
        ]
      }
    },
    {
      "type": "Feature",
      "id": "cn0000385-h01-fairway-0",
      "properties": {
        "course_id": "cn0000385",
        "hole": 1,
        "feature_type": "fairway",
        "index": 0
      },
      "geometry": {
        "type": "Polygon",
        "coordinates": [
          [
            [
              120.0725621,
              32.6156335
            ],
            [
              120.0723494,
              32.6156505
            ],
            [
              120.0722526,
              32.6155663
            ],
            [
              120.0723593,
              32.6153967
            ],
            [
              120.0725034,
              32.6147622
            ],
            [
              120.0725472,
              32.614414
            ],
            [
              120.0725327,
              32.6140635
            ],
            [
              120.0724823,
              32.6136986
            ],
            [
              120.072408,
              32.6133396
            ],
            [
              120.0723043,
              32.6130459
            ],
            [
              120.072226,
              32.6128815
            ],
            [
              120.0722639,
              32.6128048
            ],
            [
              120.0724355,
              32.6126691
            ],
            [
              120.0726285,
              32.6126734
            ],
            [
              120.0727893,
              32.6128178
            ],
            [
              120.0728805,
              32.613039
            ],
            [
              120.0729662,
              32.613319
            ],
            [
              120.0730198,
              32.6136532
            ],
            [
              120.0730514,
              32.6144341
            ],
            [
              120.0730022,
              32.6148237
            ],
            [
              120.0729071,
              32.6152794
            ],
            [
              120.0728353,
              32.6155456
            ],
            [
              120.0726423,
              32.6158531
            ],
            [
              120.0723618,
              32.6162531
            ],
            [
              120.0723111,
              32.6162875
            ],
            [
              120.0722461,
              32.6162869
            ],
            [
              120.0721919,
              32.6162446
            ],
            [
              120.0721892,
              32.6161825
            ],
            [
              120.0725621,
              32.6156335
            ]
          ]
        ]
      }
    },
    {
      "type": "Feature",
      "id": "cn0000385-h01-green_fringe-0",
      "properties": {
        "course_id": "cn0000385",
        "hole": 1,
        "feature_type": "green_fringe",
        "index": 0
      },
      "geometry": {
        "type": "Polygon",
        "coordinates": [
          [
            [
              120.0726422,
              32.6126151
            ],
            [
              120.0726051,
              32.6126172
            ],
            [
              120.0725688,
              32.6126287
            ],
            [
              120.0725353,
              32.612649
            ],
            [
              120.0725062,
              32.612677
            ],
            [
              120.072483,
              32.6127115
            ],
            [
              120.0724668,
              32.6127506
            ],
            [
              120.0724584,
              32.6127924
            ],
            [
              120.0724583,
              32.6128349
            ],
            [
              120.0724664,
              32.6128758
            ],
            [
              120.0724824,
              32.6129131
            ],
            [
              120.0725055,
              32.6129449
            ],
            [
              120.0725344,
              32.6129698
            ],
            [
              120.0725678,
              32.6129863
            ],
            [
              120.072604,
              32.6129937
            ],
            [
              120.0726411,
              32.6129916
            ],
            [
              120.0726774,
              32.6129801
            ],
            [
              120.0727109,
              32.6129598
            ],
            [
              120.07274,
              32.6129318
            ],
            [
              120.0727632,
              32.6128973
            ],
            [
              120.0727794,
              32.6128582
            ],
            [
              120.0727878,
              32.6128164
            ],
            [
              120.0727879,
              32.6127739
            ],
            [
              120.0727798,
              32.612733
            ],
            [
              120.0727638,
              32.6126957
            ],
            [
              120.0727407,
              32.6126639
            ],
            [
              120.0727118,
              32.612639
            ],
            [
              120.0726784,
              32.6126225
            ],
            [
              120.0726422,
              32.6126151
            ]
          ]
        ]
      }
    },
    {
      "type": "Feature",
      "id": "cn0000385-h01-green-0",
      "properties": {
        "course_id": "cn0000385",
        "hole": 1,
        "feature_type": "green",
        "index": 0
      },
      "geometry": {
        "type": "Polygon",
        "coordinates": [
          [
            [
              120.0726386,
              32.6126512
            ],
            [
              120.072611,
              32.612653
            ],
            [
              120.072584,
              32.6126625
            ],
            [
              120.072559,
              32.6126791
            ],
            [
              120.0725372,
              32.6127019
            ],
            [
              120.0725197,
              32.6127299
            ],
            [
              120.0725074,
              32.6127617
            ],
            [
              120.0725009,
              32.6127955
            ],
            [
              120.0725005,
              32.6128299
            ],
            [
              120.0725063,
              32.6128629
            ],
            [
              120.0725179,
              32.612893
            ],
            [
              120.0725348,
              32.6129187
            ],
            [
              120.0725562,
              32.6129386
            ],
            [
              120.0725808,
              32.6129518
            ],
            [
              120.0726076,
              32.6129576
            ],
            [
              120.0726352,
              32.6129558
            ],
            [
              120.0726622,
              32.6129463
            ],
            [
              120.0726872,
              32.6129297
            ],
            [
              120.072709,
              32.6129069
            ],
            [
              120.0727265,
              32.6128789
            ],
            [
              120.0727388,
              32.6128471
            ],
            [
              120.0727453,
              32.6128133
            ],
            [
              120.0727457,
              32.6127789
            ],
            [
              120.0727399,
              32.6127459
            ],
            [
              120.0727283,
              32.6127158
            ],
            [
              120.0727114,
              32.6126901
            ],
            [
              120.07269,
              32.6126702
            ],
            [
              120.0726654,
              32.612657
            ],
            [
              120.0726386,
              32.6126512
            ]
          ]
        ]
      }
    },
    {
      "type": "Feature",
      "id": "cn0000385-h01-bunker-0",
      "properties": {
        "course_id": "cn0000385",
        "hole": 1,
        "feature_type": "bunker",
        "index": 0
      },
      "geometry": {
        "type": "Polygon",
        "coordinates": [
          [
            [
              120.0726317,
              32.6136448
            ],
            [
              120.072678,
              32.6137181
            ],
            [
              120.072616,
              32.6137765
            ],
            [
              120.0725466,
              32.6137722
            ],
            [
              120.0725052,
              32.6137343
            ],
            [
              120.0725476,
              32.6137004
            ],
            [
              120.0725277,
              32.6136487
            ],
            [
              120.0725722,
              32.6136277
            ],
            [
              120.0726317,
              32.6136448
            ]
          ]
        ]
      }
    },
    {
      "type": "Feature",
      "id": "cn0000385-h01-bunker-1",
      "properties": {
        "course_id": "cn0000385",
        "hole": 1,
        "feature_type": "bunker",
        "index": 1
      },
      "geometry": {
        "type": "Polygon",
        "coordinates": [
          [
            [
              120.0723221,
              32.6129175
            ],
            [
              120.0724159,
              32.6128823
            ],
            [
              120.072436,
              32.6128747
            ],
            [
              120.072382,
              32.6129209
            ],
            [
              120.0723221,
              32.6129175
            ]
          ]
        ]
      }
    },
    {
      "type": "Feature",
      "id": "cn0000385-h01-bunker-2",
      "properties": {
        "course_id": "cn0000385",
        "hole": 1,
        "feature_type": "bunker",
        "index": 2
      },
      "geometry": {
        "type": "Polygon",
        "coordinates": [
          [
            [
              120.0728346,
              32.6128375
            ],
            [
              120.0728595,
              32.6129468
            ],
            [
              120.0728298,
              32.6129742
            ],
            [
              120.072741,
              32.6128904
            ],
            [
              120.0727803,
              32.612826
            ],
            [
              120.0728346,
              32.6128375
            ]
          ]
        ]
      }
    },
    {
      "type": "Feature",
      "id": "cn0000385-h01-bunker-3",
      "properties": {
        "course_id": "cn0000385",
        "hole": 1,
        "feature_type": "bunker",
        "index": 3
      },
      "geometry": {
        "type": "Polygon",
        "coordinates": [
          [
            [
              120.0728876,
              32.6130114
            ],
            [
              120.0729382,
              32.6130397
            ],
            [
              120.0729423,
              32.6130705
            ],
            [
              120.0729126,
              32.6130979
            ],
            [
              120.0728717,
              32.6131031
            ],
            [
              120.0728319,
              32.6130796
            ],
            [
              120.0728277,
              32.6130487
            ],
            [
              120.0728876,
              32.6130114
            ]
          ]
        ]
      }
    },
    {
      "type": "Feature",
      "id": "cn0000385-h01-water-0",
      "properties": {
        "course_id": "cn0000385",
        "hole": 1,
        "feature_type": "water",
        "index": 0
      },
      "geometry": {
        "type": "Polygon",
        "coordinates": [
          [
            [
              120.0740567,
              32.613286
            ],
            [
              120.074046,
              32.6132838
            ],
            [
              120.0740379,
              32.6132657
            ],
            [
              120.0740004,
              32.6132499
            ],
            [
              120.0740004,
              32.6132318
            ],
            [
              120.0740111,
              32.6132205
            ],
            [
              120.0740084,
              32.6131799
            ],
            [
              120.0739923,
              32.6131708
            ],
            [
              120.0739923,
              32.6131527
            ],
            [
              120.0739816,
              32.6131437
            ],
            [
              120.0739521,
              32.613146
            ],
            [
              120.0739521,
              32.6131256
            ],
            [
              120.0739628,
              32.6131076
            ],
            [
              120.0739199,
              32.613094
            ],
            [
              120.0739172,
              32.6130759
            ],
            [
              120.0739279,
              32.6130669
            ],
            [
              120.0739279,
              32.6130511
            ],
            [
              120.0739011,
              32.613033
            ],
            [
              120.0739011,
              32.6130262
            ],
            [
              120.0739199,
              32.6130149
            ],
            [
              120.0739199,
              32.6130059
            ],
            [
              120.0738877,
              32.6129901
            ],
            [
              120.0738716,
              32.6129675
            ],
            [
              120.0738555,
              32.612963
            ],
            [
              120.0738448,
              32.6129358
            ],
            [
              120.0738528,
              32.6129087
            ],
            [
              120.0738394,
              32.6128997
            ],
            [
              120.073826,
              32.6128342
            ],
            [
              120.0738126,
              32.6128071
            ],
            [
              120.0737831,
              32.61278
            ],
            [
              120.0737831,
              32.6127574
            ],
            [
              120.0737616,
              32.612737
            ],
            [
              120.0737777,
              32.6126783
            ],
            [
              120.0737751,
              32.6126354
            ],
            [
              120.073767,
              32.6126218
            ],
            [
              120.0737831,
              32.6126082
            ],
            [
              120.0737831,
              32.6125879
            ],
            [
              120.0737724,
              32.6125789
            ],
            [
              120.0737375,
              32.6125698
            ],
            [
              120.0737241,
              32.612545
            ],
            [
              120.0737348,
              32.6125314
            ],
            [
              120.0737509,
              32.6125292
            ],
            [
              120.0737643,
              32.6125179
            ],
            [
              120.0737643,
              32.6125021
            ],
            [
              120.0737321,
              32.6124637
            ],
            [
              120.0737429,
              32.6124298
            ],
            [
              120.0737268,
              32.6124207
            ],
            [
              120.0737107,
              32.6124252
            ],
            [
              120.0736892,
              32.6124162
            ],
            [
              120.0736892,
              32.6124072
            ],
            [
              120.073708,
              32.6123981
            ],
            [
              120.0737053,
              32.6123733
            ],
            [
              120.0737321,
              32.612362
            ],
            [
              120.0738046,
              32.6124275
            ],
            [
              120.0737777,
              32.6124433
            ],
            [
              120.0737777,
              32.6124546
            ],
            [
              120.0737938,
              32.6124682
            ],
            [
              120.073826,
              32.6124704
            ],
            [
              120.0738314,
              32.6124817
            ],
            [
              120.0738287,
              32.6125088
            ],
            [
              120.073818,
              32.6125201
            ],
            [
              120.073818,
              32.6125314
            ],
            [
              120.0738046,
              32.6125405
            ],
            [
              120.0738046,
              32.6125563
            ],
            [
              120.0737885,
              32.6125585
            ],
            [
              120.0737777,
              32.6125789
            ],
            [
              120.0738019,
              32.6125879
            ],
            [
              120.0738689,
              32.6126467
            ],
            [
              120.0738877,
              32.6126534
            ],
            [
              120.0738958,
              32.6126692
            ],
            [
              120.0739172,
              32.6126805
            ],
            [
              120.0739253,
              32.6127099
            ],
            [
              120.0739521,
              32.6127235
            ],
            [
              120.0739548,
              32.6127325
            ],
            [
              120.0739226,
              32.6127619
            ],
            [
              120.0739226,
              32.61278
            ],
            [
              120.0739333,
              32.6128071
            ],
            [
              120.0739601,
              32.6128161
            ],
            [
              120.0739655,
              32.6128342
            ],
            [
              120.0739601,
              32.6128703
            ],
            [
              120.0739682,
              32.6128771
            ],
            [
              120.0739682,
              32.6128907
            ],
            [
              120.0740165,
              32.6129223
            ],
            [
              120.0740245,
              32.6129539
            ],
            [
              120.074046,
              32.6129765
            ],
            [
              120.0740299,
              32.6129991
            ],
            [
              120.0740325,
              32.613042
            ],
            [
              120.0740433,
              32.6130533
            ],
            [
              120.0740674,
              32.6130579
            ],
            [
              120.0740835,
              32.6130691
            ],
            [
              120.0741157,
              32.6131211
            ],
            [
              120.0741103,
              32.6131482
            ],
            [
              120.0741291,
              32.6131686
            ],
            [
              120.0741318,
              32.6131979
            ],
            [
              120.0741667,
              32.6132296
            ],
            [
              120.0741586,
              32.6132544
            ],
            [
              120.0741157,
              32.6132589
            ],
            [
              120.0740567,
              32.613286
            ]
          ]
        ]
      }
    },
    {
      "type": "Feature",
      "id": "cn0000385-h01-water-1",
      "properties": {
        "course_id": "cn0000385",
        "hole": 1,
        "feature_type": "water",
        "index": 1
      },
      "geometry": {
        "type": "Polygon",
        "coordinates": [
          [
            [
              120.0729811,
              32.6166636
            ],
            [
              120.0729704,
              32.6166546
            ],
            [
              120.0729865,
              32.6166456
            ],
            [
              120.0729865,
              32.616632
            ],
            [
              120.0729704,
              32.6166004
            ],
            [
              120.0729972,
              32.6165642
            ],
            [
              120.0730723,
              32.6165394
            ],
            [
              120.0730723,
              32.6165213
            ],
            [
              120.0730857,
              32.6165123
            ],
            [
              120.0730723,
              32.6164897
            ],
            [
              120.0731152,
              32.6164535
            ],
            [
              120.0731447,
              32.61644
            ],
            [
              120.0731474,
              32.6164151
            ],
            [
              120.0731796,
              32.6163903
            ],
            [
              120.0732172,
              32.6163925
            ],
            [
              120.0732332,
              32.6163835
            ],
            [
              120.0732332,
              32.6163722
            ],
            [
              120.0732172,
              32.6163632
            ],
            [
              120.0732172,
              32.6163473
            ],
            [
              120.0732681,
              32.6162999
            ],
            [
              120.0732896,
              32.6162886
            ],
            [
              120.0732976,
              32.6162683
            ],
            [
              120.0733164,
              32.6162592
            ],
            [
              120.0733459,
              32.6162253
            ],
            [
              120.0733835,
              32.6162118
            ],
            [
              120.0733942,
              32.6161892
            ],
            [
              120.0733942,
              32.6161643
            ],
            [
              120.0734103,
              32.6161485
            ],
            [
              120.0734103,
              32.6161282
            ],
            [
              120.073429,
              32.6161214
            ],
            [
              120.0734505,
              32.6161011
            ],
            [
              120.0734505,
              32.6160762
            ],
            [
              120.073472,
              32.6160491
            ],
            [
              120.0734746,
              32.6160333
            ],
            [
              120.0734854,
              32.6160265
            ],
            [
              120.0735202,
              32.6160288
            ],
            [
              120.0735471,
              32.6160152
            ],
            [
              120.0735444,
              32.6159994
            ],
            [
              120.0735149,
              32.6159881
            ],
            [
              120.0735149,
              32.61597
            ],
            [
              120.0735363,
              32.6159158
            ],
            [
              120.0735524,
              32.6158435
            ],
            [
              120.0735497,
              32.6158164
            ],
            [
              120.0735578,
              32.6158074
            ],
            [
              120.0735578,
              32.6157916
            ],
            [
              120.0735766,
              32.6157825
            ],
            [
              120.0735766,
              32.6157667
            ],
            [
              120.0735953,
              32.6157441
            ],
            [
              120.0735953,
              32.615726
            ],
            [
              120.0735819,
              32.6157125
            ],
            [
              120.07359,
              32.6156786
            ],
            [
              120.0736007,
              32.6156718
            ],
            [
              120.073598,
              32.6156425
            ],
            [
              120.0736195,
              32.6155679
            ],
            [
              120.0736463,
              32.6155272
            ],
            [
              120.0736436,
              32.6154911
            ],
            [
              120.0736517,
              32.6154617
            ],
            [
              120.0736812,
              32.6154188
            ],
            [
              120.0736839,
              32.6154007
            ],
            [
              120.0737053,
              32.6153872
            ],
            [
              120.073716,
              32.6153668
            ],
            [
              120.073708,
              32.6153375
            ],
            [
              120.0737321,
              32.6153171
            ],
            [
              120.0737214,
              32.6152674
            ],
            [
              120.0737,
              32.6152426
            ],
            [
              120.0737295,
              32.61522
            ],
            [
              120.0737429,
              32.6151883
            ],
            [
              120.0737295,
              32.6150867
            ],
            [
              120.0737429,
              32.6150641
            ],
            [
              120.0737563,
              32.6149963
            ],
            [
              120.0737858,
              32.614976
            ],
            [
              120.0737911,
              32.6149511
            ],
            [
              120.0737858,
              32.6149218
            ],
            [
              120.0737938,
              32.614915
            ],
            [
              120.0737938,
              32.6148969
            ],
            [
              120.0738046,
              32.6148879
            ],
            [
              120.0738099,
              32.6148608
            ],
            [
              120.0738448,
              32.6148269
            ],
            [
              120.0738421,
              32.6147862
            ],
            [
              120.0738797,
              32.614732
            ],
            [
              120.0739199,
              32.6147229
            ],
            [
              120.0739601,
              32.6147275
            ],
            [
              120.0739896,
              32.6147139
            ],
            [
              120.0739816,
              32.6146958
            ],
            [
              120.0739467,
              32.6146868
            ],
            [
              120.0739199,
              32.6146891
            ],
            [
              120.0739145,
              32.61468
            ],
            [
              120.0739253,
              32.6146732
            ],
            [
              120.0739279,
              32.6146619
            ],
            [
              120.0739521,
              32.6146484
            ],
            [
              120.0739574,
              32.61461
            ],
            [
              120.0740057,
              32.61461
            ],
            [
              120.0740138,
              32.6146032
            ],
            [
              120.0740165,
              32.6145783
            ],
            [
              120.0740567,
              32.6145603
            ],
            [
              120.0740433,
              32.6144676
            ],
            [
              120.0740486,
              32.6144496
            ],
            [
              120.0740996,
              32.6144157
            ],
            [
              120.0741211,
              32.614436
            ],
            [
              120.0741211,
              32.6144609
            ],
            [
              120.0741103,
              32.6144676
            ],
            [
              120.0740808,
              32.6144654
            ],
            [
              120.0740647,
              32.6144812
            ],
            [
              120.0740647,
              32.6144902
            ],
            [
              120.0740835,
              32.6145128
            ],
            [
              120.0740889,
              32.6145512
            ],
            [
              120.0741157,
              32.6145874
            ],
            [
              120.0741184,
              32.6146213
            ],
            [
              120.0741157,
              32.6146303
            ],
            [
              120.0740916,
              32.6146439
            ],
            [
              120.0740755,
              32.6146845
            ],
            [
              120.0740191,
              32.6146958
            ],
            [
              120.0740084,
              32.6147049
            ],
            [
              120.0740084,
              32.6147229
            ],
            [
              120.073995,
              32.6147342
            ],
            [
              120.0739923,
              32.6147794
            ],
            [
              120.0740111,
              32.6147907
            ],
            [
              120.0740111,
              32.6148178
            ],
            [
              120.0739896,
              32.6148223
            ],
            [
              120.0739789,
              32.6148404
            ],
            [
              120.0739923,
              32.6148585
            ],
            [
              120.074003,
              32.6149466
            ],
            [
              120.0740486,
              32.6149737
            ],
            [
              120.0740996,
              32.614976
            ],
            [
              120.0740996,
              32.6149895
            ],
            [
              120.0741318,
              32.6150189
            ],
            [
              120.0740996,
              32.6150212
            ],
            [
              120.074062,
              32.6150121
            ],
            [
              120.0740352,
              32.6150166
            ],
            [
              120.0740004,
              32.6149963
            ],
            [
              120.0739816,
              32.6150053
            ],
            [
              120.0739548,
              32.6149918
            ],
            [
              120.0739065,
              32.6149873
            ],
            [
              120.0738475,
              32.6150099
            ],
            [
              120.0738475,
              32.6150325
            ],
            [
              120.0738099,
              32.6150822
            ],
            [
              120.0738126,
              32.6151115
            ],
            [
              120.0738046,
              32.6151296
            ],
            [
              120.0737911,
              32.6151386
            ],
            [
              120.0737938,
              32.6151612
            ],
            [
              120.0737858,
              32.6151929
            ],
            [
              120.0738099,
              32.61522
            ],
            [
              120.0738153,
              32.6152493
            ],
            [
              120.0737938,
              32.6152674
            ],
            [
              120.0737911,
              32.6152968
            ],
            [
              120.0738019,
              32.6153081
            ],
            [
              120.0737965,
              32.6153307
            ],
            [
              120.0737751,
              32.615351
            ],
            [
              120.0737697,
              32.6153713
            ],
            [
              120.073759,
              32.6153804
            ],
            [
              120.073767,
              32.6154301
            ],
            [
              120.0737536,
              32.6154549
            ],
            [
              120.0737375,
              32.6155656
            ],
            [
              120.073716,
              32.6156108
            ],
            [
              120.0737295,
              32.6156425
            ],
            [
              120.073767,
              32.6156673
            ],
            [
              120.0737831,
              32.6156718
            ],
            [
              120.073818,
              32.6156673
            ],
            [
              120.0738662,
              32.6156944
            ],
            [
              120.0739118,
              32.6156944
            ],
            [
              120.0739548,
              32.6157057
            ],
            [
              120.0739762,
              32.6156989
            ],
            [
              120.0739977,
              32.615708
            ],
            [
              120.0740004,
              32.6157283
            ],
            [
              120.0740138,
              32.6157396
            ],
            [
              120.074062,
              32.6157577
            ],
            [
              120.0740406,
              32.6157667
            ],
            [
              120.0739574,
              32.6157599
            ],
            [
              120.0738984,
              32.6157373
            ],
            [
              120.0738743,
              32.6157215
            ],
            [
              120.0738394,
              32.6157306
            ],
            [
              120.0737938,
              32.6157283
            ],
            [
              120.0737563,
              32.6157486
            ],
            [
              120.0737375,
              32.6157645
            ],
            [
              120.0737321,
              32.6157916
            ],
            [
              120.0736973,
              32.6158142
            ],
            [
              120.0737,
              32.6158413
            ],
            [
              120.0736892,
              32.6158797
            ],
            [
              120.0737053,
              32.6158978
            ],
            [
              120.0736919,
              32.6159362
            ],
            [
              120.0736758,
              32.6159475
            ],
            [
              120.0736463,
              32.6159475
            ],
            [
              120.0736222,
              32.6159678
            ],
            [
              120.0736222,
              32.6159791
            ],
            [
              120.0736088,
              32.6159949
            ],
            [
              120.0736141,
              32.6160378
            ],
            [
              120.0736007,
              32.6160649
            ],
            [
              120.0735578,
              32.6160785
            ],
            [
              120.0735256,
              32.6161146
            ],
            [
              120.0735256,
              32.6161282
            ],
            [
              120.0735444,
              32.6161553
            ],
            [
              120.0735578,
              32.6162005
            ],
            [
              120.0735041,
              32.6162027
            ],
            [
              120.0734773,
              32.6162186
            ],
            [
              120.0734666,
              32.6162366
            ],
            [
              120.0734559,
              32.6162863
            ],
            [
              120.0734746,
              32.6162976
            ],
            [
              120.0734746,
              32.6163247
            ],
            [
              120.0734854,
              32.6163473
            ],
            [
              120.0735256,
              32.6163744
            ],
            [
              120.0735337,
              32.6163903
            ],
            [
              120.0735202,
              32.6164016
            ],
            [
              120.0734961,
              32.6163812
            ],
            [
              120.0734666,
              32.6163699
            ],
            [
              120.0734317,
              32.616379
            ],
            [
              120.0733835,
              32.6163654
            ],
            [
              120.0733244,
              32.6163835
            ],
            [
              120.0733137,
              32.6163948
            ],
            [
              120.0733083,
              32.6164242
            ],
            [
              120.0732735,
              32.6164287
            ],
            [
              120.073244,
              32.6164558
            ],
            [
              120.073185,
              32.6164919
            ],
            [
              120.0731742,
              32.6165213
            ],
            [
              120.0731501,
              32.6165552
            ],
            [
              120.0731072,
              32.6165846
            ],
            [
              120.0731072,
              32.6166139
            ],
            [
              120.0730777,
              32.616632
            ],
            [
              120.0730401,
              32.6166343
            ],
            [
              120.073024,
              32.6166568
            ],
            [
              120.0730079,
              32.6166659
            ],
            [
              120.0729811,
              32.6166636
            ]
          ]
        ]
      }
    },
    {
      "type": "Feature",
      "id": "cn0000385-h01-centerline-0",
      "properties": {
        "course_id": "cn0000385",
        "hole": 1,
        "feature_type": "centerline",
        "index": 0
      },
      "geometry": {
        "type": "LineString",
        "coordinates": [
          [
            120.0722796,
            32.6162106
          ],
          [
            120.0724083,
            32.6160343
          ],
          [
            120.0725585,
            32.6158128
          ],
          [
            120.0727462,
            32.6155145
          ],
          [
            120.0728267,
            32.6151937
          ],
          [
            120.0729071,
            32.6148097
          ],
          [
            120.0729554,
            32.6144257
          ],
          [
            120.0729394,
            32.6140372
          ],
          [
            120.0728858,
            32.6136488
          ],
          [
            120.0728054,
            32.6132604
          ],
          [
            120.0726875,
            32.6129263
          ],
          [
            120.0726231,
            32.6128044
          ]
        ]
      }
    },
    {
      "type": "Feature",
      "id": "cn0000385-h01-cart_drive_route-0",
      "properties": {
        "course_id": "cn0000385",
        "hole": 1,
        "feature_type": "cart_drive_route",
        "index": 0
      },
      "geometry": {
        "type": "LineString",
        "coordinates": [
          [
            120.0725591,
            32.6162453
          ],
          [
            120.0726925,
            32.6159846
          ],
          [
            120.0727515,
            32.6157092
          ],
          [
            120.0727427,
            32.6155758
          ],
          [
            120.0727536,
            32.615294
          ],
          [
            120.0727385,
            32.6150087
          ],
          [
            120.072725,
            32.6147473
          ],
          [
            120.0727199,
            32.6146144
          ],
          [
            120.0727327,
            32.6144745
          ],
          [
            120.0727658,
            32.6141957
          ],
          [
            120.0727063,
            32.6139045
          ],
          [
            120.0726467,
            32.6138918
          ],
          [
            120.0726041,
            32.6138577
          ],
          [
            120.0725803,
            32.613831
          ],
          [
            120.0725741,
            32.6137924
          ],
          [
            120.0725666,
            32.613678
          ],
          [
            120.0726182,
            32.6134017
          ],
          [
            120.0725697,
            32.613112
          ],
          [
            120.0725563,
            32.6129402
          ]
        ]
      }
    },
    {
      "type": "Feature",
      "id": "cn0000385-h01-cart_path-0",
      "properties": {
        "course_id": "cn0000385",
        "hole": 1,
        "feature_type": "cart_path",
        "index": 0
      },
      "geometry": {
        "type": "LineString",
        "coordinates": [
          [
            120.071919,
            32.6166094
          ],
          [
            120.0719082,
            32.6164151
          ],
          [
            120.0718117,
            32.6164287
          ],
          [
            120.071876,
            32.6162118
          ],
          [
            120.071876,
            32.6161079
          ],
          [
            120.0718063,
            32.616013
          ]
        ]
      }
    },
    {
      "type": "Feature",
      "id": "cn0000385-h01-cart_path-1",
      "properties": {
        "course_id": "cn0000385",
        "hole": 1,
        "feature_type": "cart_path",
        "index": 1
      },
      "geometry": {
        "type": "LineString",
        "coordinates": [
          [
            120.0735122,
            32.6136136
          ],
          [
            120.0735766,
            32.6136679
          ],
          [
            120.0737107,
            32.6136362
          ]
        ]
      }
    },
    {
      "type": "Feature",
      "id": "cn0000385-h01-tree-0",
      "properties": {
        "course_id": "cn0000385",
        "hole": 1,
        "feature_type": "tree",
        "index": 0
      },
      "geometry": {
        "type": "Point",
        "coordinates": [
          120.0730697,
          32.6126517
        ]
      }
    },
    {
      "type": "Feature",
      "id": "cn0000385-h01-tree-1",
      "properties": {
        "course_id": "cn0000385",
        "hole": 1,
        "feature_type": "tree",
        "index": 1
      },
      "geometry": {
        "type": "Point",
        "coordinates": [
          120.0730667,
          32.6134797
        ]
      }
    },
    {
      "type": "Feature",
      "id": "cn0000385-h01-tree-2",
      "properties": {
        "course_id": "cn0000385",
        "hole": 1,
        "feature_type": "tree",
        "index": 2
      },
      "geometry": {
        "type": "Point",
        "coordinates": [
          120.0721232,
          32.6134186
        ]
      }
    },
    {
      "type": "Feature",
      "id": "cn0000385-h01-tree-3",
      "properties": {
        "course_id": "cn0000385",
        "hole": 1,
        "feature_type": "tree",
        "index": 3
      },
      "geometry": {
        "type": "Point",
        "coordinates": [
          120.0733052,
          32.6138328
        ]
      }
    },
    {
      "type": "Feature",
      "id": "cn0000385-h01-tree-4",
      "properties": {
        "course_id": "cn0000385",
        "hole": 1,
        "feature_type": "tree",
        "index": 4
      },
      "geometry": {
        "type": "Point",
        "coordinates": [
          120.0722198,
          32.6144938
        ]
      }
    },
    {
      "type": "Feature",
      "id": "cn0000385-h01-tree-5",
      "properties": {
        "course_id": "cn0000385",
        "hole": 1,
        "feature_type": "tree",
        "index": 5
      },
      "geometry": {
        "type": "Point",
        "coordinates": [
          120.072952,
          32.6149288
        ]
      }
    },
    {
      "type": "Feature",
      "id": "cn0000385-h01-tree-6",
      "properties": {
        "course_id": "cn0000385",
        "hole": 1,
        "feature_type": "tree",
        "index": 6
      },
      "geometry": {
        "type": "Point",
        "coordinates": [
          120.0731605,
          32.6150232
        ]
      }
    },
    {
      "type": "Feature",
      "id": "cn0000385-h01-tree-7",
      "properties": {
        "course_id": "cn0000385",
        "hole": 1,
        "feature_type": "tree",
        "index": 7
      },
      "geometry": {
        "type": "Point",
        "coordinates": [
          120.0721325,
          32.6156704
        ]
      }
    },
    {
      "type": "Feature",
      "id": "cn0000385-h01-tree-8",
      "properties": {
        "course_id": "cn0000385",
        "hole": 1,
        "feature_type": "tree",
        "index": 8
      },
      "geometry": {
        "type": "Point",
        "coordinates": [
          120.0727841,
          32.6160255
        ]
      }
    },
    {
      "type": "Feature",
      "id": "cn0000385-h01-tee-black",
      "properties": {
        "course_id": "cn0000385",
        "hole": 1,
        "feature_type": "tee",
        "color": "black",
        "distance_m": 387
      },
      "geometry": {
        "type": "Point",
        "coordinates": [
          120.0722796,
          32.6162106
        ]
      }
    },
    {
      "type": "Feature",
      "id": "cn0000385-h01-tee-blue",
      "properties": {
        "course_id": "cn0000385",
        "hole": 1,
        "feature_type": "tee",
        "color": "blue",
        "distance_m": 370
      },
      "geometry": {
        "type": "Point",
        "coordinates": [
          120.0724083,
          32.6160343
        ]
      }
    },
    {
      "type": "Feature",
      "id": "cn0000385-h01-tee-white",
      "properties": {
        "course_id": "cn0000385",
        "hole": 1,
        "feature_type": "tee",
        "color": "white",
        "distance_m": 340
      },
      "geometry": {
        "type": "Point",
        "coordinates": [
          120.0725585,
          32.6158128
        ]
      }
    },
    {
      "type": "Feature",
      "id": "cn0000385-h01-tee-red",
      "properties": {
        "course_id": "cn0000385",
        "hole": 1,
        "feature_type": "tee",
        "color": "red",
        "distance_m": 309
      },
      "geometry": {
        "type": "Point",
        "coordinates": [
          120.0727462,
          32.6155145
        ]
      }
    },
    {
      "type": "Feature",
      "id": "cn0000385-h01-flag-daily_pin",
      "properties": {
        "course_id": "cn0000385",
        "hole": 1,
        "feature_type": "flag",
        "role": "daily_pin"
      },
      "geometry": {
        "type": "Point",
        "coordinates": [
          120.0726231,
          32.6128044
        ]
      }
    },
    {
      "type": "Feature",
      "id": "cn0000385-h01-green_target-front",
      "properties": {
        "course_id": "cn0000385",
        "hole": 1,
        "feature_type": "green_target",
        "role": "front"
      },
      "geometry": {
        "type": "Point",
        "coordinates": [
          120.0726076,
          32.6129576
        ]
      }
    },
    {
      "type": "Feature",
      "id": "cn0000385-h01-green_target-middle",
      "properties": {
        "course_id": "cn0000385",
        "hole": 1,
        "feature_type": "green_target",
        "role": "middle"
      },
      "geometry": {
        "type": "Point",
        "coordinates": [
          120.07262363448278,
          32.61279911724138
        ]
      }
    },
    {
      "type": "Feature",
      "id": "cn0000385-h01-green_target-back",
      "properties": {
        "course_id": "cn0000385",
        "hole": 1,
        "feature_type": "green_target",
        "role": "back"
      },
      "geometry": {
        "type": "Point",
        "coordinates": [
          120.0726386,
          32.6126512
        ]
      }
    },
    {
      "type": "Feature",
      "id": "cn0000385-h02-hole_perimeter-0",
      "properties": {
        "course_id": "cn0000385",
        "hole": 2,
        "feature_type": "hole_perimeter",
        "index": 0
      },
      "geometry": {
        "type": "Polygon",
        "coordinates": [
          [
            [
              120.072573,
              32.6125169
            ],
            [
              120.0724555,
              32.6126121
            ],
            [
              120.0721176,
              32.6122898
            ],
            [
              120.0715846,
              32.6113406
            ],
            [
              120.0715752,
              32.6112901
            ],
            [
              120.0714592,
              32.6111107
            ],
            [
              120.0713803,
              32.6108082
            ],
            [
              120.0712635,
              32.6106722
            ],
            [
              120.0714424,
              32.6099538
            ],
            [
              120.0713432,
              32.6097591
            ],
            [
              120.0713401,
              32.6096884
            ],
            [
              120.0712668,
              32.6095926
            ],
            [
              120.0712525,
              32.6094018
            ],
            [
              120.0711417,
              32.6092496
            ],
            [
              120.0711043,
              32.6091632
            ],
            [
              120.0711014,
              32.6090668
            ],
            [
              120.0711204,
              32.6090146
            ],
            [
              120.0711755,
              32.608965
            ],
            [
              120.0712613,
              32.6089307
            ],
            [
              120.071367,
              32.6089363
            ],
            [
              120.0714523,
              32.6090077
            ],
            [
              120.0714975,
              32.6092036
            ],
            [
              120.0715678,
              32.6093354
            ],
            [
              120.0715806,
              32.6095075
            ],
            [
              120.0716578,
              32.6095984
            ],
            [
              120.0716808,
              32.6097397
            ],
            [
              120.0721179,
              32.6099732
            ],
            [
              120.0720819,
              32.6100328
            ],
            [
              120.0727793,
              32.6117524
            ],
            [
              120.0727847,
              32.6119326
            ],
            [
              120.0727167,
              32.6118814
            ],
            [
              120.0727588,
              32.6120111
            ],
            [
              120.0727756,
              32.6122696
            ],
            [
              120.0728523,
              32.6123452
            ],
            [
              120.072866,
              32.6124358
            ],
            [
              120.0728203,
              32.6125045
            ],
            [
              120.0727525,
              32.6125372
            ],
            [
              120.0726591,
              32.6125357
            ],
            [
              120.0725929,
              32.6125008
            ],
            [
              120.072573,
              32.6125169
            ]
          ]
        ]
      }
    },
    {
      "type": "Feature",
      "id": "cn0000385-h02-rough-0",
      "properties": {
        "course_id": "cn0000385",
        "hole": 2,
        "feature_type": "rough",
        "index": 0
      },
      "geometry": {
        "type": "Polygon",
        "coordinates": [
          [
            [
              120.072573,
              32.6125169
            ],
            [
              120.0724555,
              32.6126121
            ],
            [
              120.0721176,
              32.6122898
            ],
            [
              120.0715846,
              32.6113406
            ],
            [
              120.0715752,
              32.6112901
            ],
            [
              120.0714592,
              32.6111107
            ],
            [
              120.0713803,
              32.6108082
            ],
            [
              120.0712635,
              32.6106722
            ],
            [
              120.0714424,
              32.6099538
            ],
            [
              120.0713432,
              32.6097591
            ],
            [
              120.0713401,
              32.6096884
            ],
            [
              120.0712668,
              32.6095926
            ],
            [
              120.0712525,
              32.6094018
            ],
            [
              120.0711417,
              32.6092496
            ],
            [
              120.0711043,
              32.6091632
            ],
            [
              120.0711014,
              32.6090668
            ],
            [
              120.0711204,
              32.6090146
            ],
            [
              120.0711755,
              32.608965
            ],
            [
              120.0712613,
              32.6089307
            ],
            [
              120.071367,
              32.6089363
            ],
            [
              120.0714523,
              32.6090077
            ],
            [
              120.0714975,
              32.6092036
            ],
            [
              120.0715678,
              32.6093354
            ],
            [
              120.0715806,
              32.6095075
            ],
            [
              120.0716578,
              32.6095984
            ],
            [
              120.0716808,
              32.6097397
            ],
            [
              120.0721179,
              32.6099732
            ],
            [
              120.0720819,
              32.6100328
            ],
            [
              120.0727793,
              32.6117524
            ],
            [
              120.0727847,
              32.6119326
            ],
            [
              120.0727167,
              32.6118814
            ],
            [
              120.0727588,
              32.6120111
            ],
            [
              120.0727756,
              32.6122696
            ],
            [
              120.0728523,
              32.6123452
            ],
            [
              120.072866,
              32.6124358
            ],
            [
              120.0728203,
              32.6125045
            ],
            [
              120.0727525,
              32.6125372
            ],
            [
              120.0726591,
              32.6125357
            ],
            [
              120.0725929,
              32.6125008
            ],
            [
              120.072573,
              32.6125169
            ]
          ]
        ]
      }
    },
    {
      "type": "Feature",
      "id": "cn0000385-h02-tee_box-0",
      "properties": {
        "course_id": "cn0000385",
        "hole": 2,
        "feature_type": "tee_box",
        "index": 0
      },
      "geometry": {
        "type": "Polygon",
        "coordinates": [
          [
            [
              120.0727837,
              32.6123628
            ],
            [
              120.0728001,
              32.6124057
            ],
            [
              120.0727797,
              32.6124551
            ],
            [
              120.0727353,
              32.6124803
            ],
            [
              120.0726818,
              32.6124802
            ],
            [
              120.072373,
              32.6123394
            ],
            [
              120.0721329,
              32.6121654
            ],
            [
              120.0719647,
              32.6116285
            ],
            [
              120.0719692,
              32.611591
            ],
            [
              120.0719944,
              32.6115597
            ],
            [
              120.0720611,
              32.6115405
            ],
            [
              120.0721241,
              32.6115671
            ],
            [
              120.0727837,
              32.6123628
            ]
          ]
        ]
      }
    },
    {
      "type": "Feature",
      "id": "cn0000385-h02-fairway-0",
      "properties": {
        "course_id": "cn0000385",
        "hole": 2,
        "feature_type": "fairway",
        "index": 0
      },
      "geometry": {
        "type": "Polygon",
        "coordinates": [
          [
            [
              120.0723244,
              32.612085
            ],
            [
              120.0723038,
              32.6120501
            ],
            [
              120.0722917,
              32.6119706
            ],
            [
              120.0715773,
              32.6107323
            ],
            [
              120.0715373,
              32.6106942
            ],
            [
              120.0715006,
              32.6105976
            ],
            [
              120.0715099,
              32.6105664
            ],
            [
              120.0714899,
              32.6105742
            ],
            [
              120.0715845,
              32.6104793
            ],
            [
              120.0715862,
              32.6104206
            ],
            [
              120.0715558,
              32.610397
            ],
            [
              120.0715826,
              32.61036
            ],
            [
              120.0715619,
              32.6102117
            ],
            [
              120.0715291,
              32.6101434
            ],
            [
              120.0714829,
              32.6099667
            ],
            [
              120.0714778,
              32.6100755
            ],
            [
              120.0714521,
              32.6101852
            ],
            [
              120.0714626,
              32.6100495
            ],
            [
              120.0714175,
              32.6100538
            ],
            [
              120.0714424,
              32.6099538
            ],
            [
              120.0713432,
              32.6097591
            ],
            [
              120.0713401,
              32.6096884
            ],
            [
              120.0712668,
              32.6095926
            ],
            [
              120.0712525,
              32.6094018
            ],
            [
              120.0711964,
              32.6093248
            ],
            [
              120.0712411,
              32.6093106
            ],
            [
              120.0712338,
              32.6092389
            ],
            [
              120.0711697,
              32.6091044
            ],
            [
              120.0711669,
              32.6090637
            ],
            [
              120.0712019,
              32.6090155
            ],
            [
              120.0712786,
              32.6089829
            ],
            [
              120.0713333,
              32.6089836
            ],
            [
              120.0713788,
              32.6090092
            ],
            [
              120.0714086,
              32.6091111
            ],
            [
              120.0714316,
              32.6091026
            ],
            [
              120.0714251,
              32.6091285
            ],
            [
              120.0714487,
              32.6091391
            ],
            [
              120.0714403,
              32.6091724
            ],
            [
              120.071494,
              32.6091884
            ],
            [
              120.0715678,
              32.6093354
            ],
            [
              120.0715806,
              32.6095075
            ],
            [
              120.0716578,
              32.6095984
            ],
            [
              120.0716808,
              32.6097397
            ],
            [
              120.0718391,
              32.6098242
            ],
            [
              120.0719065,
              32.6100371
            ],
            [
              120.0719607,
              32.6101426
            ],
            [
              120.0721645,
              32.6104331
            ],
            [
              120.0723079,
              32.6108941
            ],
            [
              120.0723191,
              32.6110068
            ],
            [
              120.0723069,
              32.6110479
            ],
            [
              120.0726317,
              32.6118676
            ],
            [
              120.072647,
              32.612084
            ],
            [
              120.0726706,
              32.612137
            ],
            [
              120.0726815,
              32.6122653
            ],
            [
              120.0728019,
              32.6123847
            ],
            [
              120.0728007,
              32.6124319
            ],
            [
              120.0727758,
              32.6124654
            ],
            [
              120.0727351,
              32.6124851
            ],
            [
              120.0726882,
              32.6124863
            ],
            [
              120.0726462,
              32.6124687
            ],
            [
              120.0725835,
              32.6124143
            ],
            [
              120.072552,
              32.6124217
            ],
            [
              120.072433,
              32.6122804
            ],
            [
              120.0724623,
              32.6122662
            ],
            [
              120.0724021,
              32.6121619
            ],
            [
              120.0723244,
              32.612085
            ]
          ]
        ]
      }
    },
    {
      "type": "Feature",
      "id": "cn0000385-h02-green_fringe-0",
      "properties": {
        "course_id": "cn0000385",
        "hole": 2,
        "feature_type": "green_fringe",
        "index": 0
      },
      "geometry": {
        "type": "Polygon",
        "coordinates": [
          [
            [
              120.0712219,
              32.6089733
            ],
            [
              120.0711893,
              32.6089885
            ],
            [
              120.0711622,
              32.6090119
            ],
            [
              120.071142,
              32.6090423
            ],
            [
              120.0711296,
              32.6090782
            ],
            [
              120.0711258,
              32.6091178
            ],
            [
              120.0711307,
              32.6091591
            ],
            [
              120.0711439,
              32.6092
            ],
            [
              120.071165,
              32.6092384
            ],
            [
              120.0711928,
              32.6092725
            ],
            [
              120.071226,
              32.6093006
            ],
            [
              120.0712627,
              32.6093212
            ],
            [
              120.0713014,
              32.6093332
            ],
            [
              120.0713399,
              32.6093362
            ],
            [
              120.0713763,
              32.6093299
            ],
            [
              120.0714089,
              32.6093147
            ],
            [
              120.071436,
              32.6092913
            ],
            [
              120.0714562,
              32.6092609
            ],
            [
              120.0714686,
              32.609225
            ],
            [
              120.0714724,
              32.6091854
            ],
            [
              120.0714675,
              32.6091441
            ],
            [
              120.0714543,
              32.6091032
            ],
            [
              120.0714332,
              32.6090648
            ],
            [
              120.0714054,
              32.6090307
            ],
            [
              120.0713722,
              32.6090026
            ],
            [
              120.0713355,
              32.608982
            ],
            [
              120.0712968,
              32.60897
            ],
            [
              120.0712583,
              32.608967
            ],
            [
              120.0712219,
              32.6089733
            ]
          ]
        ]
      }
    },
    {
      "type": "Feature",
      "id": "cn0000385-h02-green-0",
      "properties": {
        "course_id": "cn0000385",
        "hole": 2,
        "feature_type": "green",
        "index": 0
      },
      "geometry": {
        "type": "Polygon",
        "coordinates": [
          [
            [
              120.0712366,
              32.6090072
            ],
            [
              120.0712125,
              32.6090188
            ],
            [
              120.0711928,
              32.6090371
            ],
            [
              120.0711784,
              32.6090611
            ],
            [
              120.0711701,
              32.6090896
            ],
            [
              120.0711683,
              32.6091213
            ],
            [
              120.071173,
              32.6091545
            ],
            [
              120.071184,
              32.6091875
            ],
            [
              120.0712008,
              32.6092187
            ],
            [
              120.0712225,
              32.6092466
            ],
            [
              120.0712481,
              32.6092697
            ],
            [
              120.0712762,
              32.6092868
            ],
            [
              120.0713055,
              32.6092972
            ],
            [
              120.0713344,
              32.6093003
            ],
            [
              120.0713616,
              32.609296
            ],
            [
              120.0713857,
              32.6092844
            ],
            [
              120.0714054,
              32.6092661
            ],
            [
              120.0714198,
              32.6092421
            ],
            [
              120.0714281,
              32.6092136
            ],
            [
              120.0714299,
              32.6091819
            ],
            [
              120.0714252,
              32.6091487
            ],
            [
              120.0714142,
              32.6091157
            ],
            [
              120.0713974,
              32.6090845
            ],
            [
              120.0713757,
              32.6090566
            ],
            [
              120.0713501,
              32.6090335
            ],
            [
              120.071322,
              32.6090164
            ],
            [
              120.0712927,
              32.609006
            ],
            [
              120.0712638,
              32.6090029
            ],
            [
              120.0712366,
              32.6090072
            ]
          ]
        ]
      }
    },
    {
      "type": "Feature",
      "id": "cn0000385-h02-bunker-0",
      "properties": {
        "course_id": "cn0000385",
        "hole": 2,
        "feature_type": "bunker",
        "index": 0
      },
      "geometry": {
        "type": "Polygon",
        "coordinates": [
          [
            [
              120.0715816,
              32.6104049
            ],
            [
              120.0716074,
              32.6104454
            ],
            [
              120.0715702,
              32.6105253
            ],
            [
              120.0714893,
              32.6105746
            ],
            [
              120.0714295,
              32.6105279
            ],
            [
              120.0714686,
              32.6104848
            ],
            [
              120.0714395,
              32.6104488
            ],
            [
              120.0714909,
              32.6103996
            ],
            [
              120.0715816,
              32.6104049
            ]
          ]
        ]
      }
    },
    {
      "type": "Feature",
      "id": "cn0000385-h02-bunker-1",
      "properties": {
        "course_id": "cn0000385",
        "hole": 2,
        "feature_type": "bunker",
        "index": 1
      },
      "geometry": {
        "type": "Polygon",
        "coordinates": [
          [
            [
              120.0714616,
              32.6100671
            ],
            [
              120.0714371,
              32.6102407
            ],
            [
              120.0714138,
              32.6102497
            ],
            [
              120.0713794,
              32.6102069
            ],
            [
              120.0714166,
              32.6100578
            ],
            [
              120.0714616,
              32.6100671
            ]
          ]
        ]
      }
    },
    {
      "type": "Feature",
      "id": "cn0000385-h02-bunker-2",
      "properties": {
        "course_id": "cn0000385",
        "hole": 2,
        "feature_type": "bunker",
        "index": 2
      },
      "geometry": {
        "type": "Polygon",
        "coordinates": [
          [
            [
              120.0719633,
              32.6099575
            ],
            [
              120.0718812,
              32.6100299
            ],
            [
              120.0718092,
              32.6099927
            ],
            [
              120.0717454,
              32.6098496
            ],
            [
              120.0717732,
              32.6098325
            ],
            [
              120.071782,
              32.6097937
            ],
            [
              120.0718961,
              32.6098547
            ],
            [
              120.0719633,
              32.6099575
            ]
          ]
        ]
      }
    },
    {
      "type": "Feature",
      "id": "cn0000385-h02-bunker-3",
      "properties": {
        "course_id": "cn0000385",
        "hole": 2,
        "feature_type": "bunker",
        "index": 3
      },
      "geometry": {
        "type": "Polygon",
        "coordinates": [
          [
            [
              120.0712061,
              32.6091655
            ],
            [
              120.0712227,
              32.609204
            ],
            [
              120.0712268,
              32.6093002
            ],
            [
              120.071198,
              32.6093269
            ],
            [
              120.0711208,
              32.6092014
            ],
            [
              120.0711589,
              32.6091443
            ],
            [
              120.0712061,
              32.6091655
            ]
          ]
        ]
      }
    },
    {
      "type": "Feature",
      "id": "cn0000385-h02-bunker-4",
      "properties": {
        "course_id": "cn0000385",
        "hole": 2,
        "feature_type": "bunker",
        "index": 4
      },
      "geometry": {
        "type": "Polygon",
        "coordinates": [
          [
            [
              120.0714903,
              32.6091826
            ],
            [
              120.0714466,
              32.6091736
            ],
            [
              120.0714528,
              32.6090698
            ],
            [
              120.0714666,
              32.6090696
            ],
            [
              120.0714903,
              32.6091826
            ]
          ]
        ]
      }
    },
    {
      "type": "Feature",
      "id": "cn0000385-h02-bunker-5",
      "properties": {
        "course_id": "cn0000385",
        "hole": 2,
        "feature_type": "bunker",
        "index": 5
      },
      "geometry": {
        "type": "Polygon",
        "coordinates": [
          [
            [
              120.0711039,
              32.6091483
            ],
            [
              120.0711014,
              32.6090668
            ],
            [
              120.0711204,
              32.6090146
            ],
            [
              120.0711755,
              32.608965
            ],
            [
              120.0712613,
              32.6089307
            ],
            [
              120.071367,
              32.6089363
            ],
            [
              120.0714523,
              32.6090077
            ],
            [
              120.0714666,
              32.6090695
            ],
            [
              120.0711039,
              32.6091483
            ]
          ]
        ]
      }
    },
    {
      "type": "Feature",
      "id": "cn0000385-h02-water-0",
      "properties": {
        "course_id": "cn0000385",
        "hole": 2,
        "feature_type": "water",
        "index": 0
      },
      "geometry": {
        "type": "Polygon",
        "coordinates": [
          [
            [
              120.0706235,
              32.6101772
            ],
            [
              120.070594,
              32.6101614
            ],
            [
              120.0706047,
              32.610132
            ],
            [
              120.070602,
              32.6101004
            ],
            [
              120.070594,
              32.6100913
            ],
            [
              120.0705966,
              32.6100484
            ],
            [
              120.0705698,
              32.6100236
            ],
            [
              120.070551,
              32.6100168
            ],
            [
              120.070551,
              32.6100055
            ],
            [
              120.0705323,
              32.6099897
            ],
            [
              120.0705269,
              32.6099422
            ],
            [
              120.0705189,
              32.6099354
            ],
            [
              120.0705323,
              32.6099151
            ],
            [
              120.0705323,
              32.6098993
            ],
            [
              120.0705215,
              32.6098857
            ],
            [
              120.0705242,
              32.6098541
            ],
            [
              120.0705162,
              32.6098315
            ],
            [
              120.0705269,
              32.6098044
            ],
            [
              120.0705376,
              32.6097999
            ],
            [
              120.0705591,
              32.6098112
            ],
            [
              120.0706181,
              32.6098112
            ],
            [
              120.0706422,
              32.6098021
            ],
            [
              120.0706583,
              32.6098089
            ],
            [
              120.0706851,
              32.6098044
            ],
            [
              120.0707468,
              32.6098134
            ],
            [
              120.070779,
              32.6097976
            ],
            [
              120.070779,
              32.6097863
            ],
            [
              120.0707603,
              32.609775
            ],
            [
              120.0706637,
              32.609775
            ],
            [
              120.0706449,
              32.6097818
            ],
            [
              120.0706127,
              32.6097728
            ],
            [
              120.0705671,
              32.6097773
            ],
            [
              120.0705591,
              32.609766
            ],
            [
              120.0705725,
              32.6097479
            ],
            [
              120.070594,
              32.6097389
            ],
            [
              120.0706127,
              32.6097208
            ],
            [
              120.0706851,
              32.6096869
            ],
            [
              120.0707012,
              32.6096282
            ],
            [
              120.0707281,
              32.6096056
            ],
            [
              120.0707227,
              32.609461
            ],
            [
              120.0707334,
              32.6094474
            ],
            [
              120.0707415,
              32.6094135
            ],
            [
              120.0707683,
              32.6093819
            ],
            [
              120.0707603,
              32.6093073
            ],
            [
              120.0707173,
              32.6092395
            ],
            [
              120.0707173,
              32.6091763
            ],
            [
              120.0707093,
              32.609165
            ],
            [
              120.0707442,
              32.6091108
            ],
            [
              120.0707415,
              32.6090746
            ],
            [
              120.0707307,
              32.6090565
            ],
            [
              120.0707361,
              32.6090136
            ],
            [
              120.0707898,
              32.6090159
            ],
            [
              120.0708193,
              32.609
            ],
            [
              120.0708193,
              32.608991
            ],
            [
              120.0708005,
              32.6089797
            ],
            [
              120.0707147,
              32.6089775
            ],
            [
              120.0707039,
              32.6089458
            ],
            [
              120.070712,
              32.608921
            ],
            [
              120.0707039,
              32.6088532
            ],
            [
              120.0706932,
              32.6088216
            ],
            [
              120.0706556,
              32.6087877
            ],
            [
              120.0706637,
              32.6087628
            ],
            [
              120.0706637,
              32.6087199
            ],
            [
              120.0707039,
              32.6086837
            ],
            [
              120.0707147,
              32.6086431
            ],
            [
              120.0707254,
              32.608634
            ],
            [
              120.07072,
              32.6086001
            ],
            [
              120.0707254,
              32.6085391
            ],
            [
              120.0707173,
              32.6085301
            ],
            [
              120.0707227,
              32.6085188
            ],
            [
              120.0707227,
              32.6084081
            ],
            [
              120.070712,
              32.608381
            ],
            [
              120.0706905,
              32.6083584
            ],
            [
              120.0706556,
              32.608338
            ],
            [
              120.0706315,
              32.6082974
            ],
            [
              120.0706369,
              32.6082906
            ],
            [
              120.0706583,
              32.6082929
            ],
            [
              120.0706878,
              32.6082861
            ],
            [
              120.0707281,
              32.6083267
            ],
            [
              120.0707442,
              32.608329
            ],
            [
              120.0707629,
              32.6083516
            ],
            [
              120.0708568,
              32.6084126
            ],
            [
              120.0708997,
              32.6084081
            ],
            [
              120.0709453,
              32.6084239
            ],
            [
              120.0709909,
              32.6084239
            ],
            [
              120.071007,
              32.6084307
            ],
            [
              120.0710312,
              32.6084262
            ],
            [
              120.0710553,
              32.6084442
            ],
            [
              120.0710768,
              32.608451
            ],
            [
              120.0711009,
              32.6084894
            ],
            [
              120.0712055,
              32.608512
            ],
            [
              120.071227,
              32.6085549
            ],
            [
              120.071176,
              32.6085934
            ],
            [
              120.0711626,
              32.6086408
            ],
            [
              120.0711626,
              32.6086657
            ],
            [
              120.071176,
              32.6087063
            ],
            [
              120.0711599,
              32.6087244
            ],
            [
              120.0711626,
              32.6087493
            ],
            [
              120.0711545,
              32.6087628
            ],
            [
              120.0711358,
              32.6087764
            ],
            [
              120.0711331,
              32.6087944
            ],
            [
              120.0711089,
              32.6088103
            ],
            [
              120.0710982,
              32.6088261
            ],
            [
              120.0710982,
              32.6088667
            ],
            [
              120.0710848,
              32.6088735
            ],
            [
              120.0710151,
              32.608869
            ],
            [
              120.070999,
              32.608878
            ],
            [
              120.070999,
              32.6088916
            ],
            [
              120.0710124,
              32.6089052
            ],
            [
              120.0710553,
              32.6089097
            ],
            [
              120.0710499,
              32.6089571
            ],
            [
              120.0710231,
              32.6089662
            ],
            [
              120.070999,
              32.6089842
            ],
            [
              120.0709856,
              32.6090113
            ],
            [
              120.0709614,
              32.6090339
            ],
            [
              120.0709668,
              32.6090746
            ],
            [
              120.0709507,
              32.6090882
            ],
            [
              120.0709373,
              32.6091221
            ],
            [
              120.0709131,
              32.6091537
            ],
            [
              120.0709105,
              32.6092079
            ],
            [
              120.0709131,
              32.6092215
            ],
            [
              120.0709265,
              32.6092305
            ],
            [
              120.0709319,
              32.6092554
            ],
            [
              120.0709212,
              32.6093141
            ],
            [
              120.0709292,
              32.6093344
            ],
            [
              120.07094,
              32.6093412
            ],
            [
              120.0709426,
              32.6093819
            ],
            [
              120.0709829,
              32.6094384
            ],
            [
              120.0709909,
              32.6094632
            ],
            [
              120.0710151,
              32.6094858
            ],
            [
              120.0710043,
              32.6095016
            ],
            [
              120.070999,
              32.6095626
            ],
            [
              120.0710124,
              32.6095852
            ],
            [
              120.0710097,
              32.6096033
            ],
            [
              120.0710204,
              32.6096395
            ],
            [
              120.0710124,
              32.6096824
            ],
            [
              120.0710312,
              32.6097027
            ],
            [
              120.0710365,
              32.6097231
            ],
            [
              120.0710258,
              32.6097253
            ],
            [
              120.0710016,
              32.6097524
            ],
            [
              120.0709695,
              32.6097705
            ],
            [
              120.0709695,
              32.6097773
            ],
            [
              120.0709426,
              32.6097999
            ],
            [
              120.07094,
              32.6098338
            ],
            [
              120.0709239,
              32.6098518
            ],
            [
              120.070889,
              32.6098609
            ],
            [
              120.0708568,
              32.6098903
            ],
            [
              120.0708434,
              32.6099151
            ],
            [
              120.0707978,
              32.6099219
            ],
            [
              120.0707495,
              32.6099196
            ],
            [
              120.0707334,
              32.6099264
            ],
            [
              120.0706986,
              32.6099174
            ],
            [
              120.0706422,
              32.6099196
            ],
            [
              120.0706261,
              32.6099287
            ],
            [
              120.0706288,
              32.6099445
            ],
            [
              120.0706449,
              32.6099535
            ],
            [
              120.0708032,
              32.609949
            ],
            [
              120.0708085,
              32.6099558
            ],
            [
              120.0707951,
              32.6099738
            ],
            [
              120.0707629,
              32.6099806
            ],
            [
              120.0707468,
              32.6099942
            ],
            [
              120.0707307,
              32.6100416
            ],
            [
              120.07072,
              32.6100529
            ],
            [
              120.07072,
              32.6100823
            ],
            [
              120.0706664,
              32.6101659
            ],
            [
              120.0706503,
              32.6101749
            ],
            [
              120.0706235,
              32.6101772
            ]
          ]
        ]
      }
    },
    {
      "type": "Feature",
      "id": "cn0000385-h02-water-1",
      "properties": {
        "course_id": "cn0000385",
        "hole": 2,
        "feature_type": "water",
        "index": 1
      },
      "geometry": {
        "type": "Polygon",
        "coordinates": [
          [
            [
              120.0735095,
              32.6119847
            ],
            [
              120.0734854,
              32.6120005
            ],
            [
              120.0734746,
              32.6119982
            ],
            [
              120.0734639,
              32.6119756
            ],
            [
              120.0734425,
              32.6119643
            ],
            [
              120.0734586,
              32.6119485
            ],
            [
              120.0734586,
              32.6119327
            ],
            [
              120.0734237,
              32.6119169
            ],
            [
              120.0734183,
              32.6118446
            ],
            [
              120.0734344,
              32.6118356
            ],
            [
              120.0734344,
              32.6118197
            ],
            [
              120.0734156,
              32.6118084
            ],
            [
              120.0733942,
              32.6118175
            ],
            [
              120.0733808,
              32.6117994
            ],
            [
              120.0733915,
              32.6117497
            ],
            [
              120.0734076,
              32.6117384
            ],
            [
              120.0734076,
              32.6117136
            ],
            [
              120.0733942,
              32.6117045
            ],
            [
              120.0733566,
              32.6117
            ],
            [
              120.0733352,
              32.6116887
            ],
            [
              120.0733244,
              32.6116751
            ],
            [
              120.0733218,
              32.6116458
            ],
            [
              120.073311,
              32.6116345
            ],
            [
              120.0732547,
              32.6116345
            ],
            [
              120.0732091,
              32.6116051
            ],
            [
              120.0731474,
              32.6116141
            ],
            [
              120.0731206,
              32.6116096
            ],
            [
              120.0730804,
              32.6116254
            ],
            [
              120.0730509,
              32.6116254
            ],
            [
              120.0730214,
              32.6116345
            ],
            [
              120.0729704,
              32.6116232
            ],
            [
              120.0729623,
              32.61163
            ],
            [
              120.0729677,
              32.6116593
            ],
            [
              120.0729248,
              32.6116797
            ],
            [
              120.0729007,
              32.6116797
            ],
            [
              120.0728121,
              32.6117407
            ],
            [
              120.0727853,
              32.6117497
            ],
            [
              120.0727639,
              32.6117452
            ],
            [
              120.0727478,
              32.6117542
            ],
            [
              120.0727531,
              32.6117723
            ],
            [
              120.0727317,
              32.6117949
            ],
            [
              120.0727317,
              32.611822
            ],
            [
              120.0727075,
              32.6118333
            ],
            [
              120.0726995,
              32.6118694
            ],
            [
              120.072678,
              32.6118762
            ],
            [
              120.0726593,
              32.6118694
            ],
            [
              120.0726861,
              32.6118469
            ],
            [
              120.0726861,
              32.6118288
            ],
            [
              120.07267,
              32.6118197
            ],
            [
              120.0726593,
              32.6117972
            ],
            [
              120.0726458,
              32.6117949
            ],
            [
              120.0726297,
              32.6118039
            ],
            [
              120.0726244,
              32.6118288
            ],
            [
              120.0725868,
              32.6118333
            ],
            [
              120.0725842,
              32.6118084
            ],
            [
              120.0725681,
              32.6117836
            ],
            [
              120.0726163,
              32.6117655
            ],
            [
              120.072611,
              32.6117407
            ],
            [
              120.0726271,
              32.6117316
            ],
            [
              120.0726271,
              32.6117226
            ],
            [
              120.0725868,
              32.611691
            ],
            [
              120.07256,
              32.6116864
            ],
            [
              120.0725493,
              32.6116706
            ],
            [
              120.0725171,
              32.6116571
            ],
            [
              120.072501,
              32.6116661
            ],
            [
              120.072501,
              32.6116774
            ],
            [
              120.0724903,
              32.6116864
            ],
            [
              120.0724608,
              32.6116797
            ],
            [
              120.0724742,
              32.6116616
            ],
            [
              120.0724956,
              32.6116593
            ],
            [
              120.0725037,
              32.6116435
            ],
            [
              120.0724742,
              32.6116141
            ],
            [
              120.0724742,
              32.6115916
            ],
            [
              120.0724527,
              32.6115396
            ],
            [
              120.0724581,
              32.6115305
            ],
            [
              120.0724527,
              32.6115102
            ],
            [
              120.0725198,
              32.6115034
            ],
            [
              120.0725895,
              32.6115125
            ],
            [
              120.0726217,
              32.6114921
            ],
            [
              120.0726217,
              32.6114831
            ],
            [
              120.0725895,
              32.6114718
            ],
            [
              120.0724635,
              32.6114763
            ],
            [
              120.07245,
              32.6114695
            ],
            [
              120.0724688,
              32.611447
            ],
            [
              120.0724661,
              32.6113995
            ],
            [
              120.0724822,
              32.611386
            ],
            [
              120.0724822,
              32.6113543
            ],
            [
              120.0725144,
              32.6113272
            ],
            [
              120.0725493,
              32.6113159
            ],
            [
              120.0725493,
              32.6113001
            ],
            [
              120.0725359,
              32.6112911
            ],
            [
              120.0725386,
              32.6112459
            ],
            [
              120.0725654,
              32.6112255
            ],
            [
              120.0725654,
              32.6112075
            ],
            [
              120.0725842,
              32.6111803
            ],
            [
              120.072611,
              32.6111736
            ],
            [
              120.0726297,
              32.6111487
            ],
            [
              120.0726861,
              32.6111374
            ],
            [
              120.0726995,
              32.6111171
            ],
            [
              120.0727183,
              32.6111081
            ],
            [
              120.0727558,
              32.6111148
            ],
            [
              120.0727746,
              32.6111352
            ],
            [
              120.0727987,
              32.6111352
            ],
            [
              120.0728551,
              32.6111555
            ],
            [
              120.0729033,
              32.61116
            ],
            [
              120.0729328,
              32.6111736
            ],
            [
              120.0729302,
              32.6111894
            ],
            [
              120.0729382,
              32.6111962
            ],
            [
              120.0729758,
              32.6112007
            ],
            [
              120.0730026,
              32.6112188
            ],
            [
              120.0730455,
              32.611221
            ],
            [
              120.073126,
              32.6112436
            ],
            [
              120.0731206,
              32.6112639
            ],
            [
              120.0731367,
              32.611273
            ],
            [
              120.0731501,
              32.6112933
            ],
            [
              120.0731742,
              32.6113024
            ],
            [
              120.0731984,
              32.6113453
            ],
            [
              120.0732198,
              32.6113634
            ],
            [
              120.0732601,
              32.6113769
            ],
            [
              120.0732896,
              32.6113972
            ],
            [
              120.0732896,
              32.6114063
            ],
            [
              120.073303,
              32.6114153
            ],
            [
              120.0732896,
              32.6114447
            ],
            [
              120.0733352,
              32.6114786
            ],
            [
              120.0733539,
              32.6114763
            ],
            [
              120.0733674,
              32.611456
            ],
            [
              120.0733835,
              32.6114492
            ],
            [
              120.0734076,
              32.6114537
            ],
            [
              120.0734425,
              32.6114854
            ],
            [
              120.0734639,
              32.6114718
            ],
            [
              120.0734639,
              32.611456
            ],
            [
              120.0734907,
              32.611456
            ],
            [
              120.0735149,
              32.6114379
            ],
            [
              120.0735363,
              32.611456
            ],
            [
              120.0735578,
              32.611456
            ],
            [
              120.0735685,
              32.611447
            ],
            [
              120.0735685,
              32.6114311
            ],
            [
              120.0735551,
              32.6114176
            ],
            [
              120.0735632,
              32.6114085
            ],
            [
              120.0735873,
              32.6114108
            ],
            [
              120.0736061,
              32.6114018
            ],
            [
              120.0736222,
              32.6114085
            ],
            [
              120.0736436,
              32.6114018
            ],
            [
              120.0736678,
              32.6114085
            ],
            [
              120.0736758,
              32.6114334
            ],
            [
              120.073708,
              32.6114582
            ],
            [
              120.0737241,
              32.6114831
            ],
            [
              120.0737348,
              32.6115396
            ],
            [
              120.0736919,
              32.611587
            ],
            [
              120.0736839,
              32.6116187
            ],
            [
              120.0736892,
              32.611639
            ],
            [
              120.073657,
              32.6116571
            ],
            [
              120.0736409,
              32.6116842
            ],
            [
              120.0736383,
              32.611761
            ],
            [
              120.0736248,
              32.6117678
            ],
            [
              120.0735793,
              32.61177
            ],
            [
              120.0735337,
              32.6118084
            ],
            [
              120.0734988,
              32.6119056
            ],
            [
              120.0734854,
              32.6119146
            ],
            [
              120.0734854,
              32.6119553
            ],
            [
              120.0735095,
              32.6119689
            ],
            [
              120.0735095,
              32.6119847
            ]
          ]
        ]
      }
    },
    {
      "type": "Feature",
      "id": "cn0000385-h02-centerline-0",
      "properties": {
        "course_id": "cn0000385",
        "hole": 2,
        "feature_type": "centerline",
        "index": 0
      },
      "geometry": {
        "type": "LineString",
        "coordinates": [
          [
            120.072709,
            32.6124068
          ],
          [
            120.0725803,
            32.612294
          ],
          [
            120.0725803,
            32.6122127
          ],
          [
            120.072398,
            32.6120323
          ],
          [
            120.0723123,
            32.6114451
          ],
          [
            120.0721836,
            32.6112917
          ],
          [
            120.0721514,
            32.6111201
          ],
          [
            120.072012,
            32.6109125
          ],
          [
            120.0719477,
            32.6106054
          ],
          [
            120.0716689,
            32.6102805
          ],
          [
            120.0716583,
            32.6099552
          ],
          [
            120.0715725,
            32.609874
          ],
          [
            120.0714974,
            32.6097205
          ],
          [
            120.0715082,
            32.6096482
          ],
          [
            120.0714224,
            32.609558
          ],
          [
            120.0714117,
            32.6093683
          ],
          [
            120.0713259,
            32.6092148
          ],
          [
            120.0713045,
            32.6090612
          ],
          [
            120.0712616,
            32.6090794
          ],
          [
            120.0712991,
            32.6091516
          ]
        ]
      }
    },
    {
      "type": "Feature",
      "id": "cn0000385-h02-cart_path-0",
      "properties": {
        "course_id": "cn0000385",
        "hole": 2,
        "feature_type": "cart_path",
        "index": 0
      },
      "geometry": {
        "type": "LineString",
        "coordinates": [
          [
            120.0704116,
            32.6089052
          ],
          [
            120.0703955,
            32.6088012
          ],
          [
            120.0704223,
            32.6087108
          ],
          [
            120.0704223,
            32.6086159
          ]
        ]
      }
    },
    {
      "type": "Feature",
      "id": "cn0000385-h02-cart_path-1",
      "properties": {
        "course_id": "cn0000385",
        "hole": 2,
        "feature_type": "cart_path",
        "index": 1
      },
      "geometry": {
        "type": "LineString",
        "coordinates": [
          [
            120.0724715,
            32.6119146
          ],
          [
            120.0725037,
            32.6118649
          ],
          [
            120.0725037,
            32.6118197
          ],
          [
            120.0724447,
            32.6118062
          ],
          [
            120.0724286,
            32.6117926
          ],
          [
            120.0723884,
            32.6116932
          ],
          [
            120.0723857,
            32.6115848
          ]
        ]
      }
    },
    {
      "type": "Feature",
      "id": "cn0000385-h02-cart_path-2",
      "properties": {
        "course_id": "cn0000385",
        "hole": 2,
        "feature_type": "cart_path",
        "index": 2
      },
      "geometry": {
        "type": "LineString",
        "coordinates": [
          [
            120.0718009,
            32.6096598
          ],
          [
            120.071817,
            32.609705
          ],
          [
            120.0718009,
            32.6099671
          ],
          [
            120.0718224,
            32.6100439
          ]
        ]
      }
    },
    {
      "type": "Feature",
      "id": "cn0000385-h02-cart_path-3",
      "properties": {
        "course_id": "cn0000385",
        "hole": 2,
        "feature_type": "cart_path",
        "index": 3
      },
      "geometry": {
        "type": "LineString",
        "coordinates": [
          [
            120.0719994,
            32.6120592
          ],
          [
            120.0718117,
            32.6115577
          ],
          [
            120.0718653,
            32.6114673
          ]
        ]
      }
    },
    {
      "type": "Feature",
      "id": "cn0000385-h02-cart_path-4",
      "properties": {
        "course_id": "cn0000385",
        "hole": 2,
        "feature_type": "cart_path",
        "index": 4
      },
      "geometry": {
        "type": "LineString",
        "coordinates": [
          [
            120.071978,
            32.6125427
          ],
          [
            120.0720155,
            32.6126286
          ],
          [
            120.0719994,
            32.6128364
          ]
        ]
      }
    },
    {
      "type": "Feature",
      "id": "cn0000385-h02-cart_path-5",
      "properties": {
        "course_id": "cn0000385",
        "hole": 2,
        "feature_type": "cart_path",
        "index": 5
      },
      "geometry": {
        "type": "LineString",
        "coordinates": [
          [
            120.0703311,
            32.6097185
          ],
          [
            120.0703096,
            32.6093841
          ],
          [
            120.0703472,
            32.6092576
          ],
          [
            120.0703204,
            32.6091808
          ],
          [
            120.0703257,
            32.6091266
          ]
        ]
      }
    },
    {
      "type": "Feature",
      "id": "cn0000385-h02-cart_path-6",
      "properties": {
        "course_id": "cn0000385",
        "hole": 2,
        "feature_type": "cart_path",
        "index": 6
      },
      "geometry": {
        "type": "LineString",
        "coordinates": [
          [
            120.0721604,
            32.611395
          ],
          [
            120.0719619,
            32.6114537
          ],
          [
            120.0718707,
            32.6114628
          ]
        ]
      }
    },
    {
      "type": "Feature",
      "id": "cn0000385-h02-cart_path-7",
      "properties": {
        "course_id": "cn0000385",
        "hole": 2,
        "feature_type": "cart_path",
        "index": 7
      },
      "geometry": {
        "type": "LineString",
        "coordinates": [
          [
            120.0723749,
            32.6107081
          ],
          [
            120.0724018,
            32.610785
          ],
          [
            120.072332,
            32.6111691
          ]
        ]
      }
    },
    {
      "type": "Feature",
      "id": "cn0000385-h02-cart_path-8",
      "properties": {
        "course_id": "cn0000385",
        "hole": 2,
        "feature_type": "cart_path",
        "index": 8
      },
      "geometry": {
        "type": "LineString",
        "coordinates": [
          [
            120.0735873,
            32.6124252
          ],
          [
            120.0734478,
            32.6124343
          ],
          [
            120.0732869,
            32.6123846
          ]
        ]
      }
    },
    {
      "type": "Feature",
      "id": "cn0000385-h02-tree-0",
      "properties": {
        "course_id": "cn0000385",
        "hole": 2,
        "feature_type": "tree",
        "index": 0
      },
      "geometry": {
        "type": "Point",
        "coordinates": [
          120.0710363,
          32.6094014
        ]
      }
    },
    {
      "type": "Feature",
      "id": "cn0000385-h02-tree-1",
      "properties": {
        "course_id": "cn0000385",
        "hole": 2,
        "feature_type": "tree",
        "index": 1
      },
      "geometry": {
        "type": "Point",
        "coordinates": [
          120.0724841,
          32.610992
        ]
      }
    },
    {
      "type": "Feature",
      "id": "cn0000385-h02-tree-2",
      "properties": {
        "course_id": "cn0000385",
        "hole": 2,
        "feature_type": "tree",
        "index": 2
      },
      "geometry": {
        "type": "Point",
        "coordinates": [
          120.0723083,
          32.6116826
        ]
      }
    },
    {
      "type": "Feature",
      "id": "cn0000385-h02-tree-3",
      "properties": {
        "course_id": "cn0000385",
        "hole": 2,
        "feature_type": "tree",
        "index": 3
      },
      "geometry": {
        "type": "Point",
        "coordinates": [
          120.0728065,
          32.6119899
        ]
      }
    },
    {
      "type": "Feature",
      "id": "cn0000385-h02-tree-4",
      "properties": {
        "course_id": "cn0000385",
        "hole": 2,
        "feature_type": "tree",
        "index": 4
      },
      "geometry": {
        "type": "Point",
        "coordinates": [
          120.0727383,
          32.6122063
        ]
      }
    },
    {
      "type": "Feature",
      "id": "cn0000385-h02-tree-5",
      "properties": {
        "course_id": "cn0000385",
        "hole": 2,
        "feature_type": "tree",
        "index": 5
      },
      "geometry": {
        "type": "Point",
        "coordinates": [
          120.0721106,
          32.6124964
        ]
      }
    },
    {
      "type": "Feature",
      "id": "cn0000385-h02-tee-black",
      "properties": {
        "course_id": "cn0000385",
        "hole": 2,
        "feature_type": "tee",
        "color": "black",
        "distance_m": 385
      },
      "geometry": {
        "type": "Point",
        "coordinates": [
          120.072709,
          32.6124068
        ]
      }
    },
    {
      "type": "Feature",
      "id": "cn0000385-h02-tee-blue",
      "properties": {
        "course_id": "cn0000385",
        "hole": 2,
        "feature_type": "tee",
        "color": "blue",
        "distance_m": 365
      },
      "geometry": {
        "type": "Point",
        "coordinates": [
          120.0724248,
          32.6122762
        ]
      }
    },
    {
      "type": "Feature",
      "id": "cn0000385-h02-tee-white",
      "properties": {
        "course_id": "cn0000385",
        "hole": 2,
        "feature_type": "tee",
        "color": "white",
        "distance_m": 338
      },
      "geometry": {
        "type": "Point",
        "coordinates": [
          120.072205,
          32.6121183
        ]
      }
    },
    {
      "type": "Feature",
      "id": "cn0000385-h02-tee-red",
      "properties": {
        "course_id": "cn0000385",
        "hole": 2,
        "feature_type": "tee",
        "color": "red",
        "distance_m": 282
      },
      "geometry": {
        "type": "Point",
        "coordinates": [
          120.0720549,
          32.6116171
        ]
      }
    },
    {
      "type": "Feature",
      "id": "cn0000385-h02-flag-daily_pin",
      "properties": {
        "course_id": "cn0000385",
        "hole": 2,
        "feature_type": "flag",
        "role": "daily_pin"
      },
      "geometry": {
        "type": "Point",
        "coordinates": [
          120.0712991,
          32.6091516
        ]
      }
    },
    {
      "type": "Feature",
      "id": "cn0000385-h02-green_target-front",
      "properties": {
        "course_id": "cn0000385",
        "hole": 2,
        "feature_type": "green_target",
        "role": "front"
      },
      "geometry": {
        "type": "Point",
        "coordinates": [
          120.0713616,
          32.609296
        ]
      }
    },
    {
      "type": "Feature",
      "id": "cn0000385-h02-green_target-middle",
      "properties": {
        "course_id": "cn0000385",
        "hole": 2,
        "feature_type": "green_target",
        "role": "middle"
      },
      "geometry": {
        "type": "Point",
        "coordinates": [
          120.07129694482758,
          32.60914662068965
        ]
      }
    },
    {
      "type": "Feature",
      "id": "cn0000385-h02-green_target-back",
      "properties": {
        "course_id": "cn0000385",
        "hole": 2,
        "feature_type": "green_target",
        "role": "back"
      },
      "geometry": {
        "type": "Point",
        "coordinates": [
          120.0712366,
          32.6090072
        ]
      }
    },
    {
      "type": "Feature",
      "id": "cn0000385-h03-hole_perimeter-0",
      "properties": {
        "course_id": "cn0000385",
        "hole": 3,
        "feature_type": "hole_perimeter",
        "index": 0
      },
      "geometry": {
        "type": "Polygon",
        "coordinates": [
          [
            [
              120.0728926,
              32.6104398
            ],
            [
              120.0727621,
              32.6104231
            ],
            [
              120.0726747,
              32.6103451
            ],
            [
              120.0725757,
              32.6104064
            ],
            [
              120.0725032,
              32.6103642
            ],
            [
              120.0724322,
              32.6101286
            ],
            [
              120.0723833,
              32.6096825
            ],
            [
              120.0723695,
              32.6097501
            ],
            [
              120.0723298,
              32.6097966
            ],
            [
              120.0722727,
              32.6098177
            ],
            [
              120.0722025,
              32.6098098
            ],
            [
              120.0721432,
              32.6097618
            ],
            [
              120.0720381,
              32.6095398
            ],
            [
              120.0720387,
              32.6094826
            ],
            [
              120.0722444,
              32.6089233
            ],
            [
              120.0722423,
              32.6088228
            ],
            [
              120.0722867,
              32.6087686
            ],
            [
              120.0723562,
              32.6087383
            ],
            [
              120.0724639,
              32.6087485
            ],
            [
              120.0725394,
              32.608814
            ],
            [
              120.0726304,
              32.6090393
            ],
            [
              120.0726342,
              32.609141
            ],
            [
              120.0726447,
              32.6091527
            ],
            [
              120.0727062,
              32.6091362
            ],
            [
              120.0727794,
              32.6094392
            ],
            [
              120.072766,
              32.6094653
            ],
            [
              120.0731592,
              32.6101066
            ],
            [
              120.0731194,
              32.6100699
            ],
            [
              120.0729903,
              32.6101498
            ],
            [
              120.0730268,
              32.6102478
            ],
            [
              120.0730167,
              32.6103317
            ],
            [
              120.0729693,
              32.6104012
            ],
            [
              120.0728926,
              32.6104398
            ]
          ]
        ]
      }
    },
    {
      "type": "Feature",
      "id": "cn0000385-h03-rough-0",
      "properties": {
        "course_id": "cn0000385",
        "hole": 3,
        "feature_type": "rough",
        "index": 0
      },
      "geometry": {
        "type": "Polygon",
        "coordinates": [
          [
            [
              120.0728926,
              32.6104398
            ],
            [
              120.0727621,
              32.6104231
            ],
            [
              120.0726747,
              32.6103451
            ],
            [
              120.0725757,
              32.6104064
            ],
            [
              120.0725032,
              32.6103642
            ],
            [
              120.0724322,
              32.6101286
            ],
            [
              120.0723833,
              32.6096825
            ],
            [
              120.0723695,
              32.6097501
            ],
            [
              120.0723298,
              32.6097966
            ],
            [
              120.0722727,
              32.6098177
            ],
            [
              120.0722025,
              32.6098098
            ],
            [
              120.0721432,
              32.6097618
            ],
            [
              120.0720381,
              32.6095398
            ],
            [
              120.0720387,
              32.6094826
            ],
            [
              120.0722444,
              32.6089233
            ],
            [
              120.0722423,
              32.6088228
            ],
            [
              120.0722867,
              32.6087686
            ],
            [
              120.0723562,
              32.6087383
            ],
            [
              120.0724639,
              32.6087485
            ],
            [
              120.0725394,
              32.608814
            ],
            [
              120.0726304,
              32.6090393
            ],
            [
              120.0726342,
              32.609141
            ],
            [
              120.0726447,
              32.6091527
            ],
            [
              120.0727062,
              32.6091362
            ],
            [
              120.0727794,
              32.6094392
            ],
            [
              120.072766,
              32.6094653
            ],
            [
              120.0731592,
              32.6101066
            ],
            [
              120.0731194,
              32.6100699
            ],
            [
              120.0729903,
              32.6101498
            ],
            [
              120.0730268,
              32.6102478
            ],
            [
              120.0730167,
              32.6103317
            ],
            [
              120.0729693,
              32.6104012
            ],
            [
              120.0728926,
              32.6104398
            ]
          ]
        ]
      }
    },
    {
      "type": "Feature",
      "id": "cn0000385-h03-tee_box-0",
      "properties": {
        "course_id": "cn0000385",
        "hole": 3,
        "feature_type": "tee_box",
        "index": 0
      },
      "geometry": {
        "type": "Polygon",
        "coordinates": [
          [
            [
              120.0723437,
              32.6097256
            ],
            [
              120.0723219,
              32.6097657
            ],
            [
              120.0722859,
              32.6097868
            ],
            [
              120.0722336,
              32.6097901
            ],
            [
              120.0721944,
              32.6097737
            ],
            [
              120.0721688,
              32.6097437
            ],
            [
              120.0720658,
              32.6095114
            ],
            [
              120.072309,
              32.6088404
            ],
            [
              120.0723433,
              32.6088058
            ],
            [
              120.0723948,
              32.6087934
            ],
            [
              120.0724593,
              32.6088175
            ],
            [
              120.072484,
              32.6088731
            ],
            [
              120.0723437,
              32.6097256
            ]
          ]
        ]
      }
    },
    {
      "type": "Feature",
      "id": "cn0000385-h03-fairway-0",
      "properties": {
        "course_id": "cn0000385",
        "hole": 3,
        "feature_type": "fairway",
        "index": 0
      },
      "geometry": {
        "type": "Polygon",
        "coordinates": [
          [
            [
              120.0726966,
              32.6103316
            ],
            [
              120.072659,
              32.6103548
            ],
            [
              120.0726537,
              32.6103471
            ],
            [
              120.0725681,
              32.6100839
            ],
            [
              120.0724493,
              32.6092949
            ],
            [
              120.0723805,
              32.6092086
            ],
            [
              120.0723768,
              32.6090825
            ],
            [
              120.0722973,
              32.608881
            ],
            [
              120.0723163,
              32.6088209
            ],
            [
              120.0723802,
              32.6087896
            ],
            [
              120.0724438,
              32.6088011
            ],
            [
              120.0724843,
              32.6088439
            ],
            [
              120.0725675,
              32.6090511
            ],
            [
              120.0725698,
              32.6091591
            ],
            [
              120.0726076,
              32.6092014
            ],
            [
              120.0726437,
              32.6092007
            ],
            [
              120.0727139,
              32.6095326
            ],
            [
              120.0728156,
              32.609798
            ],
            [
              120.0729243,
              32.6099116
            ],
            [
              120.0729494,
              32.6100139
            ],
            [
              120.0729112,
              32.6100475
            ],
            [
              120.072958,
              32.6101698
            ],
            [
              120.0729104,
              32.6101994
            ],
            [
              120.0729289,
              32.6102438
            ],
            [
              120.072915,
              32.6102896
            ],
            [
              120.0728554,
              32.6103264
            ],
            [
              120.0727995,
              32.6103239
            ],
            [
              120.0727547,
              32.6102957
            ],
            [
              120.0726966,
              32.6103316
            ]
          ]
        ]
      }
    },
    {
      "type": "Feature",
      "id": "cn0000385-h03-green_fringe-0",
      "properties": {
        "course_id": "cn0000385",
        "hole": 3,
        "feature_type": "green_fringe",
        "index": 0
      },
      "geometry": {
        "type": "Polygon",
        "coordinates": [
          [
            [
              120.0728868,
              32.6104178
            ],
            [
              120.072921,
              32.6104054
            ],
            [
              120.0729507,
              32.610385
            ],
            [
              120.0729745,
              32.6103578
            ],
            [
              120.0729911,
              32.610325
            ],
            [
              120.0729998,
              32.6102884
            ],
            [
              120.0730001,
              32.6102497
            ],
            [
              120.0729921,
              32.6102109
            ],
            [
              120.072976,
              32.6101739
            ],
            [
              120.0729527,
              32.6101406
            ],
            [
              120.0729234,
              32.6101127
            ],
            [
              120.0728895,
              32.6100915
            ],
            [
              120.0728528,
              32.6100782
            ],
            [
              120.072815,
              32.6100733
            ],
            [
              120.0727782,
              32.6100772
            ],
            [
              120.072744,
              32.6100896
            ],
            [
              120.0727143,
              32.61011
            ],
            [
              120.0726905,
              32.6101372
            ],
            [
              120.0726739,
              32.61017
            ],
            [
              120.0726652,
              32.6102066
            ],
            [
              120.0726649,
              32.6102453
            ],
            [
              120.0726729,
              32.6102841
            ],
            [
              120.072689,
              32.6103211
            ],
            [
              120.0727123,
              32.6103544
            ],
            [
              120.0727416,
              32.6103823
            ],
            [
              120.0727755,
              32.6104035
            ],
            [
              120.0728122,
              32.6104168
            ],
            [
              120.07285,
              32.6104217
            ],
            [
              120.0728868,
              32.6104178
            ]
          ]
        ]
      }
    },
    {
      "type": "Feature",
      "id": "cn0000385-h03-green-0",
      "properties": {
        "course_id": "cn0000385",
        "hole": 3,
        "feature_type": "green",
        "index": 0
      },
      "geometry": {
        "type": "Polygon",
        "coordinates": [
          [
            [
              120.0728757,
              32.6103828
            ],
            [
              120.072901,
              32.6103734
            ],
            [
              120.0729228,
              32.6103576
            ],
            [
              120.0729401,
              32.6103364
            ],
            [
              120.072952,
              32.6103106
            ],
            [
              120.0729579,
              32.6102817
            ],
            [
              120.0729575,
              32.6102511
            ],
            [
              120.0729509,
              32.6102203
            ],
            [
              120.0729383,
              32.6101909
            ],
            [
              120.0729204,
              32.6101643
            ],
            [
              120.0728981,
              32.6101419
            ],
            [
              120.0728725,
              32.6101247
            ],
            [
              120.0728449,
              32.6101138
            ],
            [
              120.0728167,
              32.6101095
            ],
            [
              120.0727893,
              32.6101122
            ],
            [
              120.072764,
              32.6101216
            ],
            [
              120.0727422,
              32.6101374
            ],
            [
              120.0727249,
              32.6101586
            ],
            [
              120.072713,
              32.6101844
            ],
            [
              120.0727071,
              32.6102133
            ],
            [
              120.0727075,
              32.6102439
            ],
            [
              120.0727141,
              32.6102747
            ],
            [
              120.0727267,
              32.6103041
            ],
            [
              120.0727446,
              32.6103307
            ],
            [
              120.0727669,
              32.6103531
            ],
            [
              120.0727925,
              32.6103703
            ],
            [
              120.0728201,
              32.6103812
            ],
            [
              120.0728483,
              32.6103855
            ],
            [
              120.0728757,
              32.6103828
            ]
          ]
        ]
      }
    },
    {
      "type": "Feature",
      "id": "cn0000385-h03-bunker-0",
      "properties": {
        "course_id": "cn0000385",
        "hole": 3,
        "feature_type": "bunker",
        "index": 0
      },
      "geometry": {
        "type": "Polygon",
        "coordinates": [
          [
            [
              120.072605,
              32.6103482
            ],
            [
              120.0726027,
              32.6103001
            ],
            [
              120.0725751,
              32.6103038
            ],
            [
              120.0725067,
              32.6101662
            ],
            [
              120.0726033,
              32.6101286
            ],
            [
              120.0726232,
              32.6101372
            ],
            [
              120.0726857,
              32.6102944
            ],
            [
              120.0726953,
              32.610292
            ],
            [
              120.0726467,
              32.6103481
            ],
            [
              120.072605,
              32.6103482
            ]
          ]
        ]
      }
    },
    {
      "type": "Feature",
      "id": "cn0000385-h03-centerline-0",
      "properties": {
        "course_id": "cn0000385",
        "hole": 3,
        "feature_type": "centerline",
        "index": 0
      },
      "geometry": {
        "type": "LineString",
        "coordinates": [
          [
            120.0723929,
            32.6088702
          ],
          [
            120.0724733,
            32.6090689
          ],
          [
            120.0724733,
            32.6091863
          ],
          [
            120.0725698,
            32.6092946
          ],
          [
            120.0726663,
            32.6097914
          ],
          [
            120.0727306,
            32.6098817
          ],
          [
            120.0727735,
            32.6101798
          ],
          [
            120.0728325,
            32.6102475
          ]
        ]
      }
    },
    {
      "type": "Feature",
      "id": "cn0000385-h03-cart_path-0",
      "properties": {
        "course_id": "cn0000385",
        "hole": 3,
        "feature_type": "cart_path",
        "index": 0
      },
      "geometry": {
        "type": "LineString",
        "coordinates": [
          [
            120.0719833,
            32.6091492
          ],
          [
            120.0719512,
            32.6093887
          ],
          [
            120.0719672,
            32.609461
          ]
        ]
      }
    },
    {
      "type": "Feature",
      "id": "cn0000385-h03-cart_path-1",
      "properties": {
        "course_id": "cn0000385",
        "hole": 3,
        "feature_type": "cart_path",
        "index": 1
      },
      "geometry": {
        "type": "LineString",
        "coordinates": [
          [
            120.0728041,
            32.6107804
          ],
          [
            120.0728524,
            32.6107895
          ],
          [
            120.0730616,
            32.6109386
          ],
          [
            120.0732064,
            32.6109567
          ]
        ]
      }
    },
    {
      "type": "Feature",
      "id": "cn0000385-h03-tree-0",
      "properties": {
        "course_id": "cn0000385",
        "hole": 3,
        "feature_type": "tree",
        "index": 0
      },
      "geometry": {
        "type": "Point",
        "coordinates": [
          120.0717224,
          32.6085558
        ]
      }
    },
    {
      "type": "Feature",
      "id": "cn0000385-h03-tree-1",
      "properties": {
        "course_id": "cn0000385",
        "hole": 3,
        "feature_type": "tree",
        "index": 1
      },
      "geometry": {
        "type": "Point",
        "coordinates": [
          120.0719614,
          32.6086362
        ]
      }
    },
    {
      "type": "Feature",
      "id": "cn0000385-h03-tree-2",
      "properties": {
        "course_id": "cn0000385",
        "hole": 3,
        "feature_type": "tree",
        "index": 2
      },
      "geometry": {
        "type": "Point",
        "coordinates": [
          120.0729411,
          32.6091768
        ]
      }
    },
    {
      "type": "Feature",
      "id": "cn0000385-h03-tree-3",
      "properties": {
        "course_id": "cn0000385",
        "hole": 3,
        "feature_type": "tree",
        "index": 3
      },
      "geometry": {
        "type": "Point",
        "coordinates": [
          120.0723303,
          32.6104286
        ]
      }
    },
    {
      "type": "Feature",
      "id": "cn0000385-h03-tree-4",
      "properties": {
        "course_id": "cn0000385",
        "hole": 3,
        "feature_type": "tree",
        "index": 4
      },
      "geometry": {
        "type": "Point",
        "coordinates": [
          120.0728872,
          32.6106938
        ]
      }
    },
    {
      "type": "Feature",
      "id": "cn0000385-h03-tee-black",
      "properties": {
        "course_id": "cn0000385",
        "hole": 3,
        "feature_type": "tee",
        "color": "black",
        "distance_m": 175
      },
      "geometry": {
        "type": "Point",
        "coordinates": [
          120.0723929,
          32.6088702
        ]
      }
    },
    {
      "type": "Feature",
      "id": "cn0000385-h03-tee-blue",
      "properties": {
        "course_id": "cn0000385",
        "hole": 3,
        "feature_type": "tee",
        "color": "blue",
        "distance_m": 142
      },
      "geometry": {
        "type": "Point",
        "coordinates": [
          120.0722696,
          32.609295
        ]
      }
    },
    {
      "type": "Feature",
      "id": "cn0000385-h03-tee-white",
      "properties": {
        "course_id": "cn0000385",
        "hole": 3,
        "feature_type": "tee",
        "color": "white",
        "distance_m": 121
      },
      "geometry": {
        "type": "Point",
        "coordinates": [
          120.0721569,
          32.6095119
        ]
      }
    },
    {
      "type": "Feature",
      "id": "cn0000385-h03-tee-red",
      "properties": {
        "course_id": "cn0000385",
        "hole": 3,
        "feature_type": "tee",
        "color": "red",
        "distance_m": 94
      },
      "geometry": {
        "type": "Point",
        "coordinates": [
          120.0722534,
          32.6097151
        ]
      }
    },
    {
      "type": "Feature",
      "id": "cn0000385-h03-flag-daily_pin",
      "properties": {
        "course_id": "cn0000385",
        "hole": 3,
        "feature_type": "flag",
        "role": "daily_pin"
      },
      "geometry": {
        "type": "Point",
        "coordinates": [
          120.0728325,
          32.6102475
        ]
      }
    },
    {
      "type": "Feature",
      "id": "cn0000385-h03-green_target-front",
      "properties": {
        "course_id": "cn0000385",
        "hole": 3,
        "feature_type": "green_target",
        "role": "front"
      },
      "geometry": {
        "type": "Point",
        "coordinates": [
          120.0727893,
          32.6101122
        ]
      }
    },
    {
      "type": "Feature",
      "id": "cn0000385-h03-green_target-middle",
      "properties": {
        "course_id": "cn0000385",
        "hole": 3,
        "feature_type": "green_target",
        "role": "middle"
      },
      "geometry": {
        "type": "Point",
        "coordinates": [
          120.0728339896552,
          32.610252165517245
        ]
      }
    },
    {
      "type": "Feature",
      "id": "cn0000385-h03-green_target-back",
      "properties": {
        "course_id": "cn0000385",
        "hole": 3,
        "feature_type": "green_target",
        "role": "back"
      },
      "geometry": {
        "type": "Point",
        "coordinates": [
          120.0728757,
          32.6103828
        ]
      }
    },
    {
      "type": "Feature",
      "id": "cn0000385-h04-hole_perimeter-0",
      "properties": {
        "course_id": "cn0000385",
        "hole": 4,
        "feature_type": "hole_perimeter",
        "index": 0
      },
      "geometry": {
        "type": "Polygon",
        "coordinates": [
          [
            [
              120.0733686,
              32.6110885
            ],
            [
              120.0733428,
              32.6110368
            ],
            [
              120.0733106,
              32.6107718
            ],
            [
              120.0734012,
              32.6104279
            ],
            [
              120.0734671,
              32.6103648
            ],
            [
              120.0735035,
              32.6102192
            ],
            [
              120.0737097,
              32.6089413
            ],
            [
              120.0737701,
              32.6088989
            ],
            [
              120.0738313,
              32.6087245
            ],
            [
              120.073826,
              32.6086182
            ],
            [
              120.0742219,
              32.6082962
            ],
            [
              120.0744225,
              32.6082791
            ],
            [
              120.0744538,
              32.608173
            ],
            [
              120.0745508,
              32.6080778
            ],
            [
              120.0746384,
              32.6080534
            ],
            [
              120.0746884,
              32.6080583
            ],
            [
              120.0747893,
              32.6081332
            ],
            [
              120.0748141,
              32.6082458
            ],
            [
              120.075052,
              32.6082254
            ],
            [
              120.0749287,
              32.609264
            ],
            [
              120.0747447,
              32.6095172
            ],
            [
              120.0745084,
              32.6096968
            ],
            [
              120.0744945,
              32.6097972
            ],
            [
              120.0738276,
              32.6106942
            ],
            [
              120.0737963,
              32.6109194
            ],
            [
              120.0738401,
              32.6109827
            ],
            [
              120.0738672,
              32.6111314
            ],
            [
              120.0738458,
              32.6111948
            ],
            [
              120.0737896,
              32.611253
            ],
            [
              120.0737883,
              32.6113152
            ],
            [
              120.0737524,
              32.6112888
            ],
            [
              120.0736577,
              32.6113334
            ],
            [
              120.0735511,
              32.6113172
            ],
            [
              120.0734948,
              32.6112716
            ],
            [
              120.0734706,
              32.6111965
            ],
            [
              120.0733686,
              32.6110885
            ]
          ]
        ]
      }
    },
    {
      "type": "Feature",
      "id": "cn0000385-h04-rough-0",
      "properties": {
        "course_id": "cn0000385",
        "hole": 4,
        "feature_type": "rough",
        "index": 0
      },
      "geometry": {
        "type": "Polygon",
        "coordinates": [
          [
            [
              120.0733686,
              32.6110885
            ],
            [
              120.0733428,
              32.6110368
            ],
            [
              120.0733106,
              32.6107718
            ],
            [
              120.0734012,
              32.6104279
            ],
            [
              120.0734671,
              32.6103648
            ],
            [
              120.0735035,
              32.6102192
            ],
            [
              120.0737097,
              32.6089413
            ],
            [
              120.0737701,
              32.6088989
            ],
            [
              120.0738313,
              32.6087245
            ],
            [
              120.073826,
              32.6086182
            ],
            [
              120.0742219,
              32.6082962
            ],
            [
              120.0744225,
              32.6082791
            ],
            [
              120.0744538,
              32.608173
            ],
            [
              120.0745508,
              32.6080778
            ],
            [
              120.0746384,
              32.6080534
            ],
            [
              120.0746884,
              32.6080583
            ],
            [
              120.0747893,
              32.6081332
            ],
            [
              120.0748141,
              32.6082458
            ],
            [
              120.075052,
              32.6082254
            ],
            [
              120.0749287,
              32.609264
            ],
            [
              120.0747447,
              32.6095172
            ],
            [
              120.0745084,
              32.6096968
            ],
            [
              120.0744945,
              32.6097972
            ],
            [
              120.0738276,
              32.6106942
            ],
            [
              120.0737963,
              32.6109194
            ],
            [
              120.0738401,
              32.6109827
            ],
            [
              120.0738672,
              32.6111314
            ],
            [
              120.0738458,
              32.6111948
            ],
            [
              120.0737896,
              32.611253
            ],
            [
              120.0737883,
              32.6113152
            ],
            [
              120.0737524,
              32.6112888
            ],
            [
              120.0736577,
              32.6113334
            ],
            [
              120.0735511,
              32.6113172
            ],
            [
              120.0734948,
              32.6112716
            ],
            [
              120.0734706,
              32.6111965
            ],
            [
              120.0733686,
              32.6110885
            ]
          ]
        ]
      }
    },
    {
      "type": "Feature",
      "id": "cn0000385-h04-tee_box-0",
      "properties": {
        "course_id": "cn0000385",
        "hole": 4,
        "feature_type": "tee_box",
        "index": 0
      },
      "geometry": {
        "type": "Polygon",
        "coordinates": [
          [
            [
              120.0737218,
              32.6111899
            ],
            [
              120.0737125,
              32.6112345
            ],
            [
              120.0736828,
              32.6112631
            ],
            [
              120.0736404,
              32.6112761
            ],
            [
              120.0735877,
              32.6112672
            ],
            [
              120.0733759,
              32.6110395
            ],
            [
              120.0733424,
              32.6107762
            ],
            [
              120.0734322,
              32.6104351
            ],
            [
              120.0734565,
              32.6104031
            ],
            [
              120.0734959,
              32.6103847
            ],
            [
              120.0735661,
              32.6103933
            ],
            [
              120.0736076,
              32.6104416
            ],
            [
              120.0737218,
              32.6111899
            ]
          ]
        ]
      }
    },
    {
      "type": "Feature",
      "id": "cn0000385-h04-fairway-0",
      "properties": {
        "course_id": "cn0000385",
        "hole": 4,
        "feature_type": "fairway",
        "index": 0
      },
      "geometry": {
        "type": "Polygon",
        "coordinates": [
          [
            [
              120.0735033,
              32.610958
            ],
            [
              120.073492,
              32.6109198
            ],
            [
              120.0734924,
              32.6105416
            ],
            [
              120.0735581,
              32.6102538
            ],
            [
              120.0737748,
              32.6099365
            ],
            [
              120.0737031,
              32.6098774
            ],
            [
              120.0736878,
              32.6098277
            ],
            [
              120.073698,
              32.6097095
            ],
            [
              120.0736528,
              32.6097034
            ],
            [
              120.0736813,
              32.6096992
            ],
            [
              120.0736917,
              32.6096097
            ],
            [
              120.0737137,
              32.6096027
            ],
            [
              120.0737012,
              32.6095444
            ],
            [
              120.0736612,
              32.609543
            ],
            [
              120.0736674,
              32.6094188
            ],
            [
              120.0737132,
              32.6094219
            ],
            [
              120.0737256,
              32.6093737
            ],
            [
              120.0739173,
              32.6090556
            ],
            [
              120.073927,
              32.6091035
            ],
            [
              120.07404,
              32.6086897
            ],
            [
              120.0740851,
              32.608722
            ],
            [
              120.0740531,
              32.6087687
            ],
            [
              120.0740987,
              32.6087983
            ],
            [
              120.0741548,
              32.6087818
            ],
            [
              120.074246,
              32.6084478
            ],
            [
              120.0742078,
              32.6084283
            ],
            [
              120.0742416,
              32.6084327
            ],
            [
              120.0742504,
              32.6084093
            ],
            [
              120.0742175,
              32.6083703
            ],
            [
              120.0742354,
              32.6083829
            ],
            [
              120.0742695,
              32.6083615
            ],
            [
              120.0742656,
              32.6082925
            ],
            [
              120.0745223,
              32.6082706
            ],
            [
              120.0745291,
              32.6082315
            ],
            [
              120.074557,
              32.6081997
            ],
            [
              120.0745993,
              32.6081827
            ],
            [
              120.0746462,
              32.6081846
            ],
            [
              120.0746928,
              32.6082107
            ],
            [
              120.0747144,
              32.6082542
            ],
            [
              120.0747734,
              32.6082492
            ],
            [
              120.0746562,
              32.6090012
            ],
            [
              120.0747713,
              32.609029
            ],
            [
              120.0744397,
              32.6095335
            ],
            [
              120.0743507,
              32.6095961
            ],
            [
              120.074319,
              32.6096553
            ],
            [
              120.0743057,
              32.6097561
            ],
            [
              120.073685,
              32.6107912
            ],
            [
              120.073685,
              32.6108906
            ],
            [
              120.0737749,
              32.6109892
            ],
            [
              120.0738029,
              32.6111298
            ],
            [
              120.0737849,
              32.6111746
            ],
            [
              120.0736741,
              32.6112725
            ],
            [
              120.0736004,
              32.6112768
            ],
            [
              120.0735448,
              32.6112359
            ],
            [
              120.0735356,
              32.6111893
            ],
            [
              120.0735587,
              32.6111463
            ],
            [
              120.0734953,
              32.6110996
            ],
            [
              120.073527,
              32.6110822
            ],
            [
              120.0735477,
              32.6110062
            ],
            [
              120.0735033,
              32.610958
            ]
          ]
        ]
      }
    },
    {
      "type": "Feature",
      "id": "cn0000385-h04-green_fringe-0",
      "properties": {
        "course_id": "cn0000385",
        "hole": 4,
        "feature_type": "green_fringe",
        "index": 0
      },
      "geometry": {
        "type": "Polygon",
        "coordinates": [
          [
            [
              120.0746797,
              32.6080797
            ],
            [
              120.0746428,
              32.6080757
            ],
            [
              120.0746046,
              32.6080811
            ],
            [
              120.0745672,
              32.6080956
            ],
            [
              120.0745323,
              32.6081184
            ],
            [
              120.0745017,
              32.6081485
            ],
            [
              120.074477,
              32.6081843
            ],
            [
              120.0744593,
              32.608224
            ],
            [
              120.0744497,
              32.6082656
            ],
            [
              120.0744484,
              32.608307
            ],
            [
              120.0744557,
              32.6083463
            ],
            [
              120.0744712,
              32.6083813
            ],
            [
              120.074494,
              32.6084103
            ],
            [
              120.0745231,
              32.608432
            ],
            [
              120.0745569,
              32.6084451
            ],
            [
              120.0745938,
              32.6084491
            ],
            [
              120.074632,
              32.6084437
            ],
            [
              120.0746694,
              32.6084292
            ],
            [
              120.0747043,
              32.6084064
            ],
            [
              120.0747349,
              32.6083763
            ],
            [
              120.0747596,
              32.6083405
            ],
            [
              120.0747773,
              32.6083008
            ],
            [
              120.0747869,
              32.6082592
            ],
            [
              120.0747882,
              32.6082178
            ],
            [
              120.0747809,
              32.6081785
            ],
            [
              120.0747654,
              32.6081435
            ],
            [
              120.0747426,
              32.6081145
            ],
            [
              120.0747135,
              32.6080928
            ],
            [
              120.0746797,
              32.6080797
            ]
          ]
        ]
      }
    },
    {
      "type": "Feature",
      "id": "cn0000385-h04-green-0",
      "properties": {
        "course_id": "cn0000385",
        "hole": 4,
        "feature_type": "green",
        "index": 0
      },
      "geometry": {
        "type": "Polygon",
        "coordinates": [
          [
            [
              120.074668,
              32.6081145
            ],
            [
              120.0746405,
              32.6081119
            ],
            [
              120.0746119,
              32.6081168
            ],
            [
              120.0745836,
              32.608129
            ],
            [
              120.0745571,
              32.6081479
            ],
            [
              120.0745336,
              32.6081725
            ],
            [
              120.0745144,
              32.6082017
            ],
            [
              120.0745004,
              32.6082339
            ],
            [
              120.0744923,
              32.6082675
            ],
            [
              120.0744905,
              32.6083009
            ],
            [
              120.0744951,
              32.6083323
            ],
            [
              120.0745059,
              32.6083603
            ],
            [
              120.0745224,
              32.6083833
            ],
            [
              120.0745436,
              32.6084002
            ],
            [
              120.0745686,
              32.6084103
            ],
            [
              120.0745961,
              32.6084129
            ],
            [
              120.0746247,
              32.608408
            ],
            [
              120.074653,
              32.6083958
            ],
            [
              120.0746795,
              32.6083769
            ],
            [
              120.074703,
              32.6083523
            ],
            [
              120.0747222,
              32.6083231
            ],
            [
              120.0747362,
              32.6082909
            ],
            [
              120.0747443,
              32.6082573
            ],
            [
              120.0747461,
              32.6082239
            ],
            [
              120.0747415,
              32.6081925
            ],
            [
              120.0747307,
              32.6081645
            ],
            [
              120.0747142,
              32.6081415
            ],
            [
              120.074693,
              32.6081246
            ],
            [
              120.074668,
              32.6081145
            ]
          ]
        ]
      }
    },
    {
      "type": "Feature",
      "id": "cn0000385-h04-bunker-0",
      "properties": {
        "course_id": "cn0000385",
        "hole": 4,
        "feature_type": "bunker",
        "index": 0
      },
      "geometry": {
        "type": "Polygon",
        "coordinates": [
          [
            [
              120.0740367,
              32.6086391
            ],
            [
              120.0740745,
              32.6086705
            ],
            [
              120.0740734,
              32.6087391
            ],
            [
              120.0739274,
              32.6088428
            ],
            [
              120.0739432,
              32.6088713
            ],
            [
              120.0739041,
              32.6089275
            ],
            [
              120.0736764,
              32.6095763
            ],
            [
              120.0736872,
              32.6096695
            ],
            [
              120.0736587,
              32.6096986
            ],
            [
              120.0735889,
              32.6096897
            ],
            [
              120.0736939,
              32.6090392
            ],
            [
              120.0738177,
              32.6088503
            ],
            [
              120.0738264,
              32.6088189
            ],
            [
              120.0737697,
              32.6089019
            ],
            [
              120.0737966,
              32.608858
            ],
            [
              120.0738313,
              32.6087245
            ],
            [
              120.0738281,
              32.6086603
            ],
            [
              120.0738947,
              32.608634
            ],
            [
              120.0740367,
              32.6086391
            ]
          ]
        ]
      }
    },
    {
      "type": "Feature",
      "id": "cn0000385-h04-bunker-1",
      "properties": {
        "course_id": "cn0000385",
        "hole": 4,
        "feature_type": "bunker",
        "index": 1
      },
      "geometry": {
        "type": "Polygon",
        "coordinates": [
          [
            [
              120.0742762,
              32.6089598
            ],
            [
              120.0742634,
              32.6090327
            ],
            [
              120.0743101,
              32.609035
            ],
            [
              120.0743287,
              32.609073
            ],
            [
              120.0742452,
              32.6091256
            ],
            [
              120.0741949,
              32.6091036
            ],
            [
              120.0741686,
              32.6090484
            ],
            [
              120.0742421,
              32.6088243
            ],
            [
              120.0743008,
              32.6088648
            ],
            [
              120.0742762,
              32.6089598
            ]
          ]
        ]
      }
    },
    {
      "type": "Feature",
      "id": "cn0000385-h04-bunker-2",
      "properties": {
        "course_id": "cn0000385",
        "hole": 4,
        "feature_type": "bunker",
        "index": 2
      },
      "geometry": {
        "type": "Polygon",
        "coordinates": [
          [
            [
              120.0742913,
              32.6083569
            ],
            [
              120.0742652,
              32.6083173
            ],
            [
              120.0743186,
              32.608288
            ],
            [
              120.0743505,
              32.6082853
            ],
            [
              120.0742913,
              32.6083569
            ]
          ]
        ]
      }
    },
    {
      "type": "Feature",
      "id": "cn0000385-h04-bunker-3",
      "properties": {
        "course_id": "cn0000385",
        "hole": 4,
        "feature_type": "bunker",
        "index": 3
      },
      "geometry": {
        "type": "Polygon",
        "coordinates": [
          [
            [
              120.0747422,
              32.6083039
            ],
            [
              120.0746913,
              32.6084552
            ],
            [
              120.0746414,
              32.6084387
            ],
            [
              120.0746554,
              32.6083704
            ],
            [
              120.0747088,
              32.6082981
            ],
            [
              120.0747422,
              32.6083039
            ]
          ]
        ]
      }
    },
    {
      "type": "Feature",
      "id": "cn0000385-h04-bunker-4",
      "properties": {
        "course_id": "cn0000385",
        "hole": 4,
        "feature_type": "bunker",
        "index": 4
      },
      "geometry": {
        "type": "Polygon",
        "coordinates": [
          [
            [
              120.0742411,
              32.6084151
            ],
            [
              120.0742133,
              32.6084266
            ],
            [
              120.0741671,
              32.6083968
            ],
            [
              120.074178,
              32.608383
            ],
            [
              120.0742288,
              32.6083751
            ],
            [
              120.0742411,
              32.6084151
            ]
          ]
        ]
      }
    },
    {
      "type": "Feature",
      "id": "cn0000385-h04-bunker-5",
      "properties": {
        "course_id": "cn0000385",
        "hole": 4,
        "feature_type": "bunker",
        "index": 5
      },
      "geometry": {
        "type": "Polygon",
        "coordinates": [
          [
            [
              120.0743488,
              32.6084491
            ],
            [
              120.0743309,
              32.6084961
            ],
            [
              120.0743198,
              32.6084944
            ],
            [
              120.0742877,
              32.6084753
            ],
            [
              120.0742655,
              32.6084355
            ],
            [
              120.0742937,
              32.608418
            ],
            [
              120.0743289,
              32.6084257
            ],
            [
              120.0743488,
              32.6084491
            ]
          ]
        ]
      }
    },
    {
      "type": "Feature",
      "id": "cn0000385-h04-centerline-0",
      "properties": {
        "course_id": "cn0000385",
        "hole": 4,
        "feature_type": "centerline",
        "index": 0
      },
      "geometry": {
        "type": "LineString",
        "coordinates": [
          [
            120.0736314,
            32.6111997
          ],
          [
            120.0737064,
            32.6111274
          ],
          [
            120.073685,
            32.611019
          ],
          [
            120.0735885,
            32.6109197
          ],
          [
            120.0735885,
            32.6105493
          ],
          [
            120.0736529,
            32.6102691
          ],
          [
            120.0738674,
            32.6099708
          ],
          [
            120.0739211,
            32.6095642
          ],
          [
            120.0740176,
            32.6093834
          ],
          [
            120.074275,
            32.6092024
          ],
          [
            120.0743716,
            32.6090758
          ],
          [
            120.0743608,
            32.6089855
          ],
          [
            120.0744359,
            32.6087957
          ],
          [
            120.0744252,
            32.6085788
          ],
          [
            120.074629,
            32.6083528
          ],
          [
            120.0746183,
            32.6082624
          ]
        ]
      }
    },
    {
      "type": "Feature",
      "id": "cn0000385-h04-cart_path-0",
      "properties": {
        "course_id": "cn0000385",
        "hole": 4,
        "feature_type": "cart_path",
        "index": 0
      },
      "geometry": {
        "type": "LineString",
        "coordinates": [
          [
            120.0722784,
            32.6098903
          ],
          [
            120.0722784,
            32.6099671
          ],
          [
            120.0722301,
            32.6100574
          ],
          [
            120.0722355,
            32.6101614
          ]
        ]
      }
    },
    {
      "type": "Feature",
      "id": "cn0000385-h04-cart_path-1",
      "properties": {
        "course_id": "cn0000385",
        "hole": 4,
        "feature_type": "cart_path",
        "index": 1
      },
      "geometry": {
        "type": "LineString",
        "coordinates": [
          [
            120.073303,
            32.6105274
          ],
          [
            120.0733218,
            32.6103466
          ],
          [
            120.073421,
            32.6101704
          ],
          [
            120.0734264,
            32.610062
          ],
          [
            120.0733754,
            32.609958
          ],
          [
            120.0733298,
            32.6097931
          ],
          [
            120.0733432,
            32.6096621
          ],
          [
            120.0733781,
            32.6095694
          ],
          [
            120.0733727,
            32.6095062
          ],
          [
            120.0733244,
            32.6094022
          ]
        ]
      }
    },
    {
      "type": "Feature",
      "id": "cn0000385-h04-cart_path-2",
      "properties": {
        "course_id": "cn0000385",
        "hole": 4,
        "feature_type": "cart_path",
        "index": 2
      },
      "geometry": {
        "type": "LineString",
        "coordinates": [
          [
            120.07348,
            32.6084578
          ],
          [
            120.0737053,
            32.6084036
          ],
          [
            120.0738394,
            32.6083177
          ]
        ]
      }
    },
    {
      "type": "Feature",
      "id": "cn0000385-h04-cart_path-3",
      "properties": {
        "course_id": "cn0000385",
        "hole": 4,
        "feature_type": "cart_path",
        "index": 3
      },
      "geometry": {
        "type": "LineString",
        "coordinates": [
          [
            120.0730777,
            32.6090226
          ],
          [
            120.0730616,
            32.6089413
          ],
          [
            120.0731689,
            32.6087606
          ]
        ]
      }
    },
    {
      "type": "Feature",
      "id": "cn0000385-h04-tree-0",
      "properties": {
        "course_id": "cn0000385",
        "hole": 4,
        "feature_type": "tree",
        "index": 0
      },
      "geometry": {
        "type": "Point",
        "coordinates": [
          120.0738613,
          32.60821
        ]
      }
    },
    {
      "type": "Feature",
      "id": "cn0000385-h04-tree-1",
      "properties": {
        "course_id": "cn0000385",
        "hole": 4,
        "feature_type": "tree",
        "index": 1
      },
      "geometry": {
        "type": "Point",
        "coordinates": [
          120.0720002,
          32.6099201
        ]
      }
    },
    {
      "type": "Feature",
      "id": "cn0000385-h04-tree-2",
      "properties": {
        "course_id": "cn0000385",
        "hole": 4,
        "feature_type": "tree",
        "index": 2
      },
      "geometry": {
        "type": "Point",
        "coordinates": [
          120.0723537,
          32.6101445
        ]
      }
    },
    {
      "type": "Feature",
      "id": "cn0000385-h04-tree-3",
      "properties": {
        "course_id": "cn0000385",
        "hole": 4,
        "feature_type": "tree",
        "index": 3
      },
      "geometry": {
        "type": "Point",
        "coordinates": [
          120.0732262,
          32.6103298
        ]
      }
    },
    {
      "type": "Feature",
      "id": "cn0000385-h04-tee-black",
      "properties": {
        "course_id": "cn0000385",
        "hole": 4,
        "feature_type": "tee",
        "color": "black",
        "distance_m": 360
      },
      "geometry": {
        "type": "Point",
        "coordinates": [
          120.0736314,
          32.6111997
        ]
      }
    },
    {
      "type": "Feature",
      "id": "cn0000385-h04-tee-blue",
      "properties": {
        "course_id": "cn0000385",
        "hole": 4,
        "feature_type": "tee",
        "color": "blue",
        "distance_m": 344
      },
      "geometry": {
        "type": "Point",
        "coordinates": [
          120.0734651,
          32.6110237
        ]
      }
    },
    {
      "type": "Feature",
      "id": "cn0000385-h04-tee-white",
      "properties": {
        "course_id": "cn0000385",
        "hole": 4,
        "feature_type": "tee",
        "color": "white",
        "distance_m": 315
      },
      "geometry": {
        "type": "Point",
        "coordinates": [
          120.073433,
          32.6107844
        ]
      }
    },
    {
      "type": "Feature",
      "id": "cn0000385-h04-tee-red",
      "properties": {
        "course_id": "cn0000385",
        "hole": 4,
        "feature_type": "tee",
        "color": "red",
        "distance_m": 281
      },
      "geometry": {
        "type": "Point",
        "coordinates": [
          120.0735188,
          32.610459
        ]
      }
    },
    {
      "type": "Feature",
      "id": "cn0000385-h04-flag-daily_pin",
      "properties": {
        "course_id": "cn0000385",
        "hole": 4,
        "feature_type": "flag",
        "role": "daily_pin"
      },
      "geometry": {
        "type": "Point",
        "coordinates": [
          120.0746183,
          32.6082624
        ]
      }
    },
    {
      "type": "Feature",
      "id": "cn0000385-h04-green_target-front",
      "properties": {
        "course_id": "cn0000385",
        "hole": 4,
        "feature_type": "green_target",
        "role": "front"
      },
      "geometry": {
        "type": "Point",
        "coordinates": [
          120.0745686,
          32.6084103
        ]
      }
    },
    {
      "type": "Feature",
      "id": "cn0000385-h04-green_target-middle",
      "properties": {
        "course_id": "cn0000385",
        "hole": 4,
        "feature_type": "green_target",
        "role": "middle"
      },
      "geometry": {
        "type": "Point",
        "coordinates": [
          120.07462001379312,
          32.608257300000005
        ]
      }
    },
    {
      "type": "Feature",
      "id": "cn0000385-h04-green_target-back",
      "properties": {
        "course_id": "cn0000385",
        "hole": 4,
        "feature_type": "green_target",
        "role": "back"
      },
      "geometry": {
        "type": "Point",
        "coordinates": [
          120.074668,
          32.6081145
        ]
      }
    },
    {
      "type": "Feature",
      "id": "cn0000385-h05-hole_perimeter-0",
      "properties": {
        "course_id": "cn0000385",
        "hole": 5,
        "feature_type": "hole_perimeter",
        "index": 0
      },
      "geometry": {
        "type": "Polygon",
        "coordinates": [
          [
            [
              120.0758412,
              32.6111698
            ],
            [
              120.0757552,
              32.6111545
            ],
            [
              120.0756819,
              32.6110993
            ],
            [
              120.0756376,
              32.6110186
            ],
            [
              120.0756294,
              32.6109163
            ],
            [
              120.0754077,
              32.6108676
            ],
            [
              120.0753596,
              32.6107142
            ],
            [
              120.075328,
              32.6096784
            ],
            [
              120.0752404,
              32.6095303
            ],
            [
              120.0752244,
              32.6093024
            ],
            [
              120.0752406,
              32.6092366
            ],
            [
              120.075312,
              32.609154
            ],
            [
              120.0752891,
              32.6084064
            ],
            [
              120.0752172,
              32.6083652
            ],
            [
              120.0751922,
              32.6082996
            ],
            [
              120.075239,
              32.6073272
            ],
            [
              120.0752141,
              32.6072649
            ],
            [
              120.0752201,
              32.6069499
            ],
            [
              120.075268,
              32.6068679
            ],
            [
              120.0753667,
              32.6068301
            ],
            [
              120.0754714,
              32.6068536
            ],
            [
              120.075523,
              32.606903
            ],
            [
              120.0755408,
              32.6069671
            ],
            [
              120.0756394,
              32.6069683
            ],
            [
              120.0757055,
              32.6070405
            ],
            [
              120.0757415,
              32.6071927
            ],
            [
              120.075935,
              32.6074536
            ],
            [
              120.0756112,
              32.6079942
            ],
            [
              120.0759099,
              32.6095857
            ],
            [
              120.0760465,
              32.6094509
            ],
            [
              120.0761396,
              32.6096011
            ],
            [
              120.0760292,
              32.6110041
            ],
            [
              120.0760092,
              32.6109997
            ],
            [
              120.0759575,
              32.6111135
            ],
            [
              120.0758899,
              32.6111589
            ],
            [
              120.0758412,
              32.6111698
            ]
          ]
        ]
      }
    },
    {
      "type": "Feature",
      "id": "cn0000385-h05-rough-0",
      "properties": {
        "course_id": "cn0000385",
        "hole": 5,
        "feature_type": "rough",
        "index": 0
      },
      "geometry": {
        "type": "Polygon",
        "coordinates": [
          [
            [
              120.0758412,
              32.6111698
            ],
            [
              120.0757552,
              32.6111545
            ],
            [
              120.0756819,
              32.6110993
            ],
            [
              120.0756376,
              32.6110186
            ],
            [
              120.0756294,
              32.6109163
            ],
            [
              120.0754077,
              32.6108676
            ],
            [
              120.0753596,
              32.6107142
            ],
            [
              120.075328,
              32.6096784
            ],
            [
              120.0752404,
              32.6095303
            ],
            [
              120.0752244,
              32.6093024
            ],
            [
              120.0752406,
              32.6092366
            ],
            [
              120.075312,
              32.609154
            ],
            [
              120.0752891,
              32.6084064
            ],
            [
              120.0752172,
              32.6083652
            ],
            [
              120.0751922,
              32.6082996
            ],
            [
              120.075239,
              32.6073272
            ],
            [
              120.0752141,
              32.6072649
            ],
            [
              120.0752201,
              32.6069499
            ],
            [
              120.075268,
              32.6068679
            ],
            [
              120.0753667,
              32.6068301
            ],
            [
              120.0754714,
              32.6068536
            ],
            [
              120.075523,
              32.606903
            ],
            [
              120.0755408,
              32.6069671
            ],
            [
              120.0756394,
              32.6069683
            ],
            [
              120.0757055,
              32.6070405
            ],
            [
              120.0757415,
              32.6071927
            ],
            [
              120.075935,
              32.6074536
            ],
            [
              120.0756112,
              32.6079942
            ],
            [
              120.0759099,
              32.6095857
            ],
            [
              120.0760465,
              32.6094509
            ],
            [
              120.0761396,
              32.6096011
            ],
            [
              120.0760292,
              32.6110041
            ],
            [
              120.0760092,
              32.6109997
            ],
            [
              120.0759575,
              32.6111135
            ],
            [
              120.0758899,
              32.6111589
            ],
            [
              120.0758412,
              32.6111698
            ]
          ]
        ]
      }
    },
    {
      "type": "Feature",
      "id": "cn0000385-h05-tee_box-0",
      "properties": {
        "course_id": "cn0000385",
        "hole": 5,
        "feature_type": "tee_box",
        "index": 0
      },
      "geometry": {
        "type": "Polygon",
        "coordinates": [
          [
            [
              120.0754001,
              32.6083307
            ],
            [
              120.0753603,
              32.6083691
            ],
            [
              120.0753008,
              32.6083782
            ],
            [
              120.0752477,
              32.6083538
            ],
            [
              120.0752244,
              32.6083068
            ],
            [
              120.0752896,
              32.6069547
            ],
            [
              120.0753175,
              32.6069092
            ],
            [
              120.075382,
              32.6068884
            ],
            [
              120.0754318,
              32.6069019
            ],
            [
              120.0754645,
              32.6069364
            ],
            [
              120.0757124,
              32.6076559
            ],
            [
              120.0754001,
              32.6083307
            ]
          ]
        ]
      }
    },
    {
      "type": "Feature",
      "id": "cn0000385-h05-fairway-0",
      "properties": {
        "course_id": "cn0000385",
        "hole": 5,
        "feature_type": "fairway",
        "index": 0
      },
      "geometry": {
        "type": "Polygon",
        "coordinates": [
          [
            [
              120.075328,
              32.6081246
            ],
            [
              120.0752918,
              32.6081046
            ],
            [
              120.0752843,
              32.6080406
            ],
            [
              120.0753274,
              32.6079749
            ],
            [
              120.0753129,
              32.6073183
            ],
            [
              120.0752783,
              32.6072606
            ],
            [
              120.0752756,
              32.606986
            ],
            [
              120.0753063,
              32.6069127
            ],
            [
              120.0753814,
              32.6068838
            ],
            [
              120.0754268,
              32.606894
            ],
            [
              120.0754658,
              32.6069279
            ],
            [
              120.0754753,
              32.6070276
            ],
            [
              120.0755935,
              32.6070904
            ],
            [
              120.0757386,
              32.6075804
            ],
            [
              120.0757099,
              32.607627
            ],
            [
              120.0757412,
              32.6077772
            ],
            [
              120.0756112,
              32.6079942
            ],
            [
              120.0758486,
              32.6092592
            ],
            [
              120.0758046,
              32.6093993
            ],
            [
              120.0757319,
              32.6093727
            ],
            [
              120.0758533,
              32.6096328
            ],
            [
              120.0758233,
              32.6096551
            ],
            [
              120.0758742,
              32.6096751
            ],
            [
              120.0758967,
              32.6096511
            ],
            [
              120.0758804,
              32.6096907
            ],
            [
              120.0758264,
              32.6096759
            ],
            [
              120.075804,
              32.6097216
            ],
            [
              120.0758385,
              32.6099703
            ],
            [
              120.0758959,
              32.6099923
            ],
            [
              120.075888,
              32.610326
            ],
            [
              120.0759199,
              32.6105552
            ],
            [
              120.0760478,
              32.6107681
            ],
            [
              120.0760396,
              32.6108717
            ],
            [
              120.0759828,
              32.6109373
            ],
            [
              120.0759808,
              32.6109935
            ],
            [
              120.0759127,
              32.6109785
            ],
            [
              120.0758834,
              32.6110188
            ],
            [
              120.0758324,
              32.6110385
            ],
            [
              120.0757771,
              32.6110312
            ],
            [
              120.075736,
              32.6109991
            ],
            [
              120.0757259,
              32.6109375
            ],
            [
              120.0756938,
              32.6109304
            ],
            [
              120.0756801,
              32.6108448
            ],
            [
              120.0753811,
              32.6103927
            ],
            [
              120.075372,
              32.6099843
            ],
            [
              120.0753373,
              32.6099845
            ],
            [
              120.075328,
              32.6096784
            ],
            [
              120.0752404,
              32.6095303
            ],
            [
              120.0752244,
              32.6093024
            ],
            [
              120.0752406,
              32.6092366
            ],
            [
              120.075312,
              32.609154
            ],
            [
              120.0752891,
              32.6084064
            ],
            [
              120.0752136,
              32.6083559
            ],
            [
              120.0753341,
              32.6082736
            ],
            [
              120.075328,
              32.6081246
            ]
          ]
        ]
      }
    },
    {
      "type": "Feature",
      "id": "cn0000385-h05-green_fringe-0",
      "properties": {
        "course_id": "cn0000385",
        "hole": 5,
        "feature_type": "green_fringe",
        "index": 0
      },
      "geometry": {
        "type": "Polygon",
        "coordinates": [
          [
            [
              120.0758401,
              32.6111472
            ],
            [
              120.0758762,
              32.6111395
            ],
            [
              120.0759095,
              32.6111228
            ],
            [
              120.0759382,
              32.6110978
            ],
            [
              120.075961,
              32.6110657
            ],
            [
              120.0759766,
              32.6110283
            ],
            [
              120.0759844,
              32.6109874
            ],
            [
              120.0759839,
              32.610945
            ],
            [
              120.0759751,
              32.6109032
            ],
            [
              120.0759586,
              32.6108642
            ],
            [
              120.075935,
              32.6108299
            ],
            [
              120.0759056,
              32.610802
            ],
            [
              120.075872,
              32.6107819
            ],
            [
              120.0758356,
              32.6107707
            ],
            [
              120.0757985,
              32.6107688
            ],
            [
              120.0757624,
              32.6107765
            ],
            [
              120.0757291,
              32.6107932
            ],
            [
              120.0757004,
              32.6108182
            ],
            [
              120.0756776,
              32.6108503
            ],
            [
              120.075662,
              32.6108877
            ],
            [
              120.0756542,
              32.6109286
            ],
            [
              120.0756547,
              32.610971
            ],
            [
              120.0756635,
              32.6110128
            ],
            [
              120.07568,
              32.6110518
            ],
            [
              120.0757036,
              32.6110861
            ],
            [
              120.075733,
              32.611114
            ],
            [
              120.0757666,
              32.6111341
            ],
            [
              120.075803,
              32.6111453
            ],
            [
              120.0758401,
              32.6111472
            ]
          ]
        ]
      }
    },
    {
      "type": "Feature",
      "id": "cn0000385-h05-green-0",
      "properties": {
        "course_id": "cn0000385",
        "hole": 5,
        "feature_type": "green",
        "index": 0
      },
      "geometry": {
        "type": "Polygon",
        "coordinates": [
          [
            [
              120.0758362,
              32.6111111
            ],
            [
              120.0758629,
              32.6111051
            ],
            [
              120.0758875,
              32.6110918
            ],
            [
              120.0759086,
              32.6110717
            ],
            [
              120.0759253,
              32.6110459
            ],
            [
              120.0759366,
              32.6110157
            ],
            [
              120.0759421,
              32.6109826
            ],
            [
              120.0759414,
              32.6109483
            ],
            [
              120.0759346,
              32.6109145
            ],
            [
              120.075922,
              32.6108828
            ],
            [
              120.0759043,
              32.610855
            ],
            [
              120.0758823,
              32.6108323
            ],
            [
              120.0758571,
              32.6108158
            ],
            [
              120.07583,
              32.6108066
            ],
            [
              120.0758024,
              32.6108049
            ],
            [
              120.0757757,
              32.6108109
            ],
            [
              120.0757511,
              32.6108242
            ],
            [
              120.07573,
              32.6108443
            ],
            [
              120.0757133,
              32.6108701
            ],
            [
              120.075702,
              32.6109003
            ],
            [
              120.0756965,
              32.6109334
            ],
            [
              120.0756972,
              32.6109677
            ],
            [
              120.075704,
              32.6110015
            ],
            [
              120.0757166,
              32.6110332
            ],
            [
              120.0757343,
              32.611061
            ],
            [
              120.0757563,
              32.6110837
            ],
            [
              120.0757815,
              32.6111002
            ],
            [
              120.0758086,
              32.6111094
            ],
            [
              120.0758362,
              32.6111111
            ]
          ]
        ]
      }
    },
    {
      "type": "Feature",
      "id": "cn0000385-h05-bunker-0",
      "properties": {
        "course_id": "cn0000385",
        "hole": 5,
        "feature_type": "bunker",
        "index": 0
      },
      "geometry": {
        "type": "Polygon",
        "coordinates": [
          [
            [
              120.0757006,
              32.6109319
            ],
            [
              120.0756361,
              32.610907
            ],
            [
              120.0756428,
              32.6108662
            ],
            [
              120.0756821,
              32.6108393
            ],
            [
              120.0757506,
              32.6108986
            ],
            [
              120.0757527,
              32.6109355
            ],
            [
              120.0757006,
              32.6109319
            ]
          ]
        ]
      }
    },
    {
      "type": "Feature",
      "id": "cn0000385-h05-centerline-0",
      "properties": {
        "course_id": "cn0000385",
        "hole": 5,
        "feature_type": "centerline",
        "index": 0
      },
      "geometry": {
        "type": "LineString",
        "coordinates": [
          [
            120.0753799,
            32.6069651
          ],
          [
            120.0753745,
            32.6072543
          ],
          [
            120.0755461,
            32.6074167
          ],
          [
            120.0754925,
            32.6078956
          ],
          [
            120.0754174,
            32.6080041
          ],
          [
            120.0754388,
            32.6083564
          ],
          [
            120.0755139,
            32.608519
          ],
          [
            120.0755245,
            32.6090068
          ],
          [
            120.0754923,
            32.6091785
          ],
          [
            120.0753851,
            32.6092961
          ],
          [
            120.0753958,
            32.6094948
          ],
          [
            120.0756532,
            32.6099102
          ],
          [
            120.0757282,
            32.6102173
          ],
          [
            120.0757067,
            32.6104251
          ],
          [
            120.0758783,
            32.6107682
          ],
          [
            120.0758193,
            32.610958
          ]
        ]
      }
    },
    {
      "type": "Feature",
      "id": "cn0000385-h05-cart_path-0",
      "properties": {
        "course_id": "cn0000385",
        "hole": 5,
        "feature_type": "cart_path",
        "index": 0
      },
      "geometry": {
        "type": "LineString",
        "coordinates": [
          [
            120.0749338,
            32.6087786
          ],
          [
            120.0748855,
            32.608921
          ],
          [
            120.0748533,
            32.6091311
          ],
          [
            120.0747943,
            32.6092757
          ]
        ]
      }
    },
    {
      "type": "Feature",
      "id": "cn0000385-h05-cart_path-1",
      "properties": {
        "course_id": "cn0000385",
        "hole": 5,
        "feature_type": "cart_path",
        "index": 1
      },
      "geometry": {
        "type": "LineString",
        "coordinates": [
          [
            120.0746441,
            32.6078884
          ],
          [
            120.0749123,
            32.6078636
          ],
          [
            120.0749391,
            32.6078432
          ]
        ]
      }
    },
    {
      "type": "Feature",
      "id": "cn0000385-h05-cart_path-2",
      "properties": {
        "course_id": "cn0000385",
        "hole": 5,
        "feature_type": "cart_path",
        "index": 2
      },
      "geometry": {
        "type": "LineString",
        "coordinates": [
          [
            120.0744188,
            32.6079788
          ],
          [
            120.0742525,
            32.6080737
          ],
          [
            120.0741774,
            32.6080737
          ],
          [
            120.0740969,
            32.6081008
          ]
        ]
      }
    },
    {
      "type": "Feature",
      "id": "cn0000385-h05-cart_path-3",
      "properties": {
        "course_id": "cn0000385",
        "hole": 5,
        "feature_type": "cart_path",
        "index": 3
      },
      "geometry": {
        "type": "LineString",
        "coordinates": [
          [
            120.0750571,
            32.6084668
          ],
          [
            120.0751054,
            32.6082002
          ],
          [
            120.0752074,
            32.6080104
          ],
          [
            120.0752234,
            32.6078523
          ]
        ]
      }
    },
    {
      "type": "Feature",
      "id": "cn0000385-h05-cart_path-4",
      "properties": {
        "course_id": "cn0000385",
        "hole": 5,
        "feature_type": "cart_path",
        "index": 4
      },
      "geometry": {
        "type": "LineString",
        "coordinates": [
          [
            120.0745583,
            32.6076625
          ],
          [
            120.0743705,
            32.6077122
          ],
          [
            120.0742847,
            32.6077619
          ],
          [
            120.0740004,
            32.6078116
          ]
        ]
      }
    },
    {
      "type": "Feature",
      "id": "cn0000385-h05-cart_path-5",
      "properties": {
        "course_id": "cn0000385",
        "hole": 5,
        "feature_type": "cart_path",
        "index": 5
      },
      "geometry": {
        "type": "LineString",
        "coordinates": [
          [
            120.0747246,
            32.6100349
          ],
          [
            120.0749016,
            32.6100349
          ],
          [
            120.0751913,
            32.6101207
          ]
        ]
      }
    },
    {
      "type": "Feature",
      "id": "cn0000385-h05-tree-0",
      "properties": {
        "course_id": "cn0000385",
        "hole": 5,
        "feature_type": "tree",
        "index": 0
      },
      "geometry": {
        "type": "Point",
        "coordinates": [
          120.0741581,
          32.6068904
        ]
      }
    },
    {
      "type": "Feature",
      "id": "cn0000385-h05-tree-1",
      "properties": {
        "course_id": "cn0000385",
        "hole": 5,
        "feature_type": "tree",
        "index": 1
      },
      "geometry": {
        "type": "Point",
        "coordinates": [
          120.0740713,
          32.6072165
        ]
      }
    },
    {
      "type": "Feature",
      "id": "cn0000385-h05-tree-2",
      "properties": {
        "course_id": "cn0000385",
        "hole": 5,
        "feature_type": "tree",
        "index": 2
      },
      "geometry": {
        "type": "Point",
        "coordinates": [
          120.0741645,
          32.6079138
        ]
      }
    },
    {
      "type": "Feature",
      "id": "cn0000385-h05-tree-3",
      "properties": {
        "course_id": "cn0000385",
        "hole": 5,
        "feature_type": "tree",
        "index": 3
      },
      "geometry": {
        "type": "Point",
        "coordinates": [
          120.0749478,
          32.6082273
        ]
      }
    },
    {
      "type": "Feature",
      "id": "cn0000385-h05-tree-4",
      "properties": {
        "course_id": "cn0000385",
        "hole": 5,
        "feature_type": "tree",
        "index": 4
      },
      "geometry": {
        "type": "Point",
        "coordinates": [
          120.0748898,
          32.6085217
        ]
      }
    },
    {
      "type": "Feature",
      "id": "cn0000385-h05-tree-5",
      "properties": {
        "course_id": "cn0000385",
        "hole": 5,
        "feature_type": "tree",
        "index": 5
      },
      "geometry": {
        "type": "Point",
        "coordinates": [
          120.0747459,
          32.6089603
        ]
      }
    },
    {
      "type": "Feature",
      "id": "cn0000385-h05-tree-6",
      "properties": {
        "course_id": "cn0000385",
        "hole": 5,
        "feature_type": "tree",
        "index": 6
      },
      "geometry": {
        "type": "Point",
        "coordinates": [
          120.0745069,
          32.6095008
        ]
      }
    },
    {
      "type": "Feature",
      "id": "cn0000385-h05-tree-7",
      "properties": {
        "course_id": "cn0000385",
        "hole": 5,
        "feature_type": "tree",
        "index": 7
      },
      "geometry": {
        "type": "Point",
        "coordinates": [
          120.0752946,
          32.6103306
        ]
      }
    },
    {
      "type": "Feature",
      "id": "cn0000385-h05-tee-black",
      "properties": {
        "course_id": "cn0000385",
        "hole": 5,
        "feature_type": "tee",
        "color": "black",
        "distance_m": 430
      },
      "geometry": {
        "type": "Point",
        "coordinates": [
          120.0753799,
          32.6069651
        ]
      }
    },
    {
      "type": "Feature",
      "id": "cn0000385-h05-tee-blue",
      "properties": {
        "course_id": "cn0000385",
        "hole": 5,
        "feature_type": "tee",
        "color": "blue",
        "distance_m": 406
      },
      "geometry": {
        "type": "Point",
        "coordinates": [
          120.0756212,
          32.6076561
        ]
      }
    },
    {
      "type": "Feature",
      "id": "cn0000385-h05-tee-white",
      "properties": {
        "course_id": "cn0000385",
        "hole": 5,
        "feature_type": "tee",
        "color": "white",
        "distance_m": 361
      },
      "geometry": {
        "type": "Point",
        "coordinates": [
          120.0753959,
          32.6079454
        ]
      }
    },
    {
      "type": "Feature",
      "id": "cn0000385-h05-tee-red",
      "properties": {
        "course_id": "cn0000385",
        "hole": 5,
        "feature_type": "tee",
        "color": "red",
        "distance_m": 321
      },
      "geometry": {
        "type": "Point",
        "coordinates": [
          120.0753154,
          32.6083024
        ]
      }
    },
    {
      "type": "Feature",
      "id": "cn0000385-h05-flag-daily_pin",
      "properties": {
        "course_id": "cn0000385",
        "hole": 5,
        "feature_type": "flag",
        "role": "daily_pin"
      },
      "geometry": {
        "type": "Point",
        "coordinates": [
          120.0758193,
          32.610958
        ]
      }
    },
    {
      "type": "Feature",
      "id": "cn0000385-h05-green_target-front",
      "properties": {
        "course_id": "cn0000385",
        "hole": 5,
        "feature_type": "green_target",
        "role": "front"
      },
      "geometry": {
        "type": "Point",
        "coordinates": [
          120.0758024,
          32.6108049
        ]
      }
    },
    {
      "type": "Feature",
      "id": "cn0000385-h05-green_target-middle",
      "properties": {
        "course_id": "cn0000385",
        "hole": 5,
        "feature_type": "green_target",
        "role": "middle"
      },
      "geometry": {
        "type": "Point",
        "coordinates": [
          120.07581988275862,
          32.610963279310354
        ]
      }
    },
    {
      "type": "Feature",
      "id": "cn0000385-h05-green_target-back",
      "properties": {
        "course_id": "cn0000385",
        "hole": 5,
        "feature_type": "green_target",
        "role": "back"
      },
      "geometry": {
        "type": "Point",
        "coordinates": [
          120.0758362,
          32.6111111
        ]
      }
    },
    {
      "type": "Feature",
      "id": "cn0000385-h06-hole_perimeter-0",
      "properties": {
        "course_id": "cn0000385",
        "hole": 6,
        "feature_type": "hole_perimeter",
        "index": 0
      },
      "geometry": {
        "type": "Polygon",
        "coordinates": [
          [
            [
              120.0765488,
              32.6108398
            ],
            [
              120.0765277,
              32.610772
            ],
            [
              120.0765626,
              32.6107083
            ],
            [
              120.0766376,
              32.6106777
            ],
            [
              120.0767177,
              32.6106938
            ],
            [
              120.076251,
              32.6093566
            ],
            [
              120.0762584,
              32.6092641
            ],
            [
              120.0762114,
              32.6089995
            ],
            [
              120.0760051,
              32.6086377
            ],
            [
              120.0759503,
              32.6084948
            ],
            [
              120.0759386,
              32.6083552
            ],
            [
              120.0759573,
              32.6082365
            ],
            [
              120.0759377,
              32.6081121
            ],
            [
              120.0759621,
              32.6079467
            ],
            [
              120.0758077,
              32.6077873
            ],
            [
              120.0757469,
              32.6076744
            ],
            [
              120.0757063,
              32.6072104
            ],
            [
              120.0757207,
              32.6071733
            ],
            [
              120.0757054,
              32.6071209
            ],
            [
              120.0761861,
              32.6070209
            ],
            [
              120.0761972,
              32.6068738
            ],
            [
              120.0762502,
              32.6068065
            ],
            [
              120.0763341,
              32.6067723
            ],
            [
              120.0764162,
              32.6067815
            ],
            [
              120.076463,
              32.6068049
            ],
            [
              120.076526,
              32.6068687
            ],
            [
              120.0765581,
              32.6069435
            ],
            [
              120.0766623,
              32.6069218
            ],
            [
              120.0773465,
              32.6081807
            ],
            [
              120.0773352,
              32.6082979
            ],
            [
              120.07753,
              32.6086482
            ],
            [
              120.0775789,
              32.6088933
            ],
            [
              120.0776277,
              32.6090145
            ],
            [
              120.0776536,
              32.6092122
            ],
            [
              120.0772679,
              32.610445
            ],
            [
              120.0770999,
              32.6104402
            ],
            [
              120.0772244,
              32.6106926
            ],
            [
              120.0773108,
              32.6107871
            ],
            [
              120.0773273,
              32.6109012
            ],
            [
              120.0775619,
              32.6113768
            ],
            [
              120.0773908,
              32.6116485
            ],
            [
              120.0773201,
              32.6116767
            ],
            [
              120.077242,
              32.6116735
            ],
            [
              120.0771644,
              32.6116299
            ],
            [
              120.0771278,
              32.611544
            ],
            [
              120.0770145,
              32.6115441
            ],
            [
              120.0769261,
              32.6112908
            ],
            [
              120.0765488,
              32.6108398
            ]
          ]
        ]
      }
    },
    {
      "type": "Feature",
      "id": "cn0000385-h06-rough-0",
      "properties": {
        "course_id": "cn0000385",
        "hole": 6,
        "feature_type": "rough",
        "index": 0
      },
      "geometry": {
        "type": "Polygon",
        "coordinates": [
          [
            [
              120.0765488,
              32.6108398
            ],
            [
              120.0765277,
              32.610772
            ],
            [
              120.0765626,
              32.6107083
            ],
            [
              120.0766376,
              32.6106777
            ],
            [
              120.0767177,
              32.6106938
            ],
            [
              120.076251,
              32.6093566
            ],
            [
              120.0762584,
              32.6092641
            ],
            [
              120.0762114,
              32.6089995
            ],
            [
              120.0760051,
              32.6086377
            ],
            [
              120.0759503,
              32.6084948
            ],
            [
              120.0759386,
              32.6083552
            ],
            [
              120.0759573,
              32.6082365
            ],
            [
              120.0759377,
              32.6081121
            ],
            [
              120.0759621,
              32.6079467
            ],
            [
              120.0758077,
              32.6077873
            ],
            [
              120.0757469,
              32.6076744
            ],
            [
              120.0757063,
              32.6072104
            ],
            [
              120.0757207,
              32.6071733
            ],
            [
              120.0757054,
              32.6071209
            ],
            [
              120.0761861,
              32.6070209
            ],
            [
              120.0761972,
              32.6068738
            ],
            [
              120.0762502,
              32.6068065
            ],
            [
              120.0763341,
              32.6067723
            ],
            [
              120.0764162,
              32.6067815
            ],
            [
              120.076463,
              32.6068049
            ],
            [
              120.076526,
              32.6068687
            ],
            [
              120.0765581,
              32.6069435
            ],
            [
              120.0766623,
              32.6069218
            ],
            [
              120.0773465,
              32.6081807
            ],
            [
              120.0773352,
              32.6082979
            ],
            [
              120.07753,
              32.6086482
            ],
            [
              120.0775789,
              32.6088933
            ],
            [
              120.0776277,
              32.6090145
            ],
            [
              120.0776536,
              32.6092122
            ],
            [
              120.0772679,
              32.610445
            ],
            [
              120.0770999,
              32.6104402
            ],
            [
              120.0772244,
              32.6106926
            ],
            [
              120.0773108,
              32.6107871
            ],
            [
              120.0773273,
              32.6109012
            ],
            [
              120.0775619,
              32.6113768
            ],
            [
              120.0773908,
              32.6116485
            ],
            [
              120.0773201,
              32.6116767
            ],
            [
              120.077242,
              32.6116735
            ],
            [
              120.0771644,
              32.6116299
            ],
            [
              120.0771278,
              32.611544
            ],
            [
              120.0770145,
              32.6115441
            ],
            [
              120.0769261,
              32.6112908
            ],
            [
              120.0765488,
              32.6108398
            ]
          ]
        ]
      }
    },
    {
      "type": "Feature",
      "id": "cn0000385-h06-tee_box-0",
      "properties": {
        "course_id": "cn0000385",
        "hole": 6,
        "feature_type": "tee_box",
        "index": 0
      },
      "geometry": {
        "type": "Polygon",
        "coordinates": [
          [
            [
              120.077368,
              32.6115058
            ],
            [
              120.0773766,
              32.6115641
            ],
            [
              120.0773413,
              32.6116065
            ],
            [
              120.0772732,
              32.6116195
            ],
            [
              120.0772197,
              32.611594
            ],
            [
              120.0765712,
              32.6108189
            ],
            [
              120.0765608,
              32.6107678
            ],
            [
              120.0765913,
              32.6107228
            ],
            [
              120.0766488,
              32.6107042
            ],
            [
              120.0767139,
              32.6107256
            ],
            [
              120.07709,
              32.6110967
            ],
            [
              120.077368,
              32.6115058
            ]
          ]
        ]
      }
    },
    {
      "type": "Feature",
      "id": "cn0000385-h06-fairway-0",
      "properties": {
        "course_id": "cn0000385",
        "hole": 6,
        "feature_type": "fairway",
        "index": 0
      },
      "geometry": {
        "type": "Polygon",
        "coordinates": [
          [
            [
              120.0771132,
              32.6111362
            ],
            [
              120.0770716,
              32.6110563
            ],
            [
              120.0770743,
              32.6109606
            ],
            [
              120.0770382,
              32.610921
            ],
            [
              120.077068,
              32.610888
            ],
            [
              120.0770663,
              32.6108687
            ],
            [
              120.0767775,
              32.6106006
            ],
            [
              120.0767549,
              32.610564
            ],
            [
              120.0768066,
              32.6102983
            ],
            [
              120.0767219,
              32.6102505
            ],
            [
              120.0766697,
              32.610115
            ],
            [
              120.076711,
              32.6099982
            ],
            [
              120.0766816,
              32.6099847
            ],
            [
              120.0767283,
              32.6098923
            ],
            [
              120.0764718,
              32.6092832
            ],
            [
              120.0764754,
              32.6092389
            ],
            [
              120.0764511,
              32.6091713
            ],
            [
              120.0764208,
              32.6089492
            ],
            [
              120.0764022,
              32.6089165
            ],
            [
              120.0763999,
              32.608823
            ],
            [
              120.0762916,
              32.6086019
            ],
            [
              120.0762922,
              32.6085515
            ],
            [
              120.0761722,
              32.6082487
            ],
            [
              120.0761535,
              32.6080672
            ],
            [
              120.0761706,
              32.6079879
            ],
            [
              120.0762106,
              32.6079063
            ],
            [
              120.0760205,
              32.6077307
            ],
            [
              120.0759553,
              32.6076276
            ],
            [
              120.0759348,
              32.6072072
            ],
            [
              120.0759458,
              32.6071874
            ],
            [
              120.0759284,
              32.6070746
            ],
            [
              120.0762783,
              32.6070017
            ],
            [
              120.0762948,
              32.6069336
            ],
            [
              120.0763583,
              32.6069017
            ],
            [
              120.0764137,
              32.6069088
            ],
            [
              120.0764551,
              32.6069406
            ],
            [
              120.0765209,
              32.6071515
            ],
            [
              120.0765713,
              32.6071499
            ],
            [
              120.0766665,
              32.6072088
            ],
            [
              120.0767015,
              32.6072007
            ],
            [
              120.0766046,
              32.6073762
            ],
            [
              120.0767137,
              32.6073065
            ],
            [
              120.0767132,
              32.6074624
            ],
            [
              120.0767666,
              32.6074959
            ],
            [
              120.0766966,
              32.6075885
            ],
            [
              120.0767042,
              32.6076273
            ],
            [
              120.0768275,
              32.6077453
            ],
            [
              120.0767825,
              32.607763
            ],
            [
              120.0768276,
              32.6079314
            ],
            [
              120.0767658,
              32.6080453
            ],
            [
              120.0768108,
              32.6081347
            ],
            [
              120.076813,
              32.6081242
            ],
            [
              120.076926,
              32.6081379
            ],
            [
              120.0769083,
              32.6082853
            ],
            [
              120.0769505,
              32.6083853
            ],
            [
              120.0769642,
              32.608298
            ],
            [
              120.0769484,
              32.6084079
            ],
            [
              120.0770037,
              32.6085177
            ],
            [
              120.0770754,
              32.608494
            ],
            [
              120.0772736,
              32.6089732
            ],
            [
              120.0773957,
              32.6092227
            ],
            [
              120.0773783,
              32.6092544
            ],
            [
              120.0774324,
              32.6092731
            ],
            [
              120.0774025,
              32.6093095
            ],
            [
              120.07744,
              32.6093839
            ],
            [
              120.0773967,
              32.6095268
            ],
            [
              120.0774473,
              32.6095992
            ],
            [
              120.0774696,
              32.60961
            ],
            [
              120.0774171,
              32.6096228
            ],
            [
              120.0773303,
              32.609832
            ],
            [
              120.0773645,
              32.6098516
            ],
            [
              120.0773207,
              32.6098514
            ],
            [
              120.0772949,
              32.6099032
            ],
            [
              120.0773291,
              32.6099228
            ],
            [
              120.0773034,
              32.6099213
            ],
            [
              120.0771903,
              32.6102073
            ],
            [
              120.0772255,
              32.6104438
            ],
            [
              120.0770999,
              32.6104402
            ],
            [
              120.0772244,
              32.6106926
            ],
            [
              120.07727,
              32.6107425
            ],
            [
              120.0773131,
              32.6110317
            ],
            [
              120.0773847,
              32.6112499
            ],
            [
              120.0773848,
              32.6115517
            ],
            [
              120.077369,
              32.6115889
            ],
            [
              120.0773257,
              32.6116189
            ],
            [
              120.0772518,
              32.6116189
            ],
            [
              120.0771995,
              32.611575
            ],
            [
              120.0771922,
              32.6112686
            ],
            [
              120.0771688,
              32.6111829
            ],
            [
              120.0771132,
              32.6111362
            ]
          ]
        ]
      }
    },
    {
      "type": "Feature",
      "id": "cn0000385-h06-green_fringe-0",
      "properties": {
        "course_id": "cn0000385",
        "hole": 6,
        "feature_type": "green_fringe",
        "index": 0
      },
      "geometry": {
        "type": "Polygon",
        "coordinates": [
          [
            [
              120.0763345,
              32.6067949
            ],
            [
              120.0762992,
              32.6068049
            ],
            [
              120.0762675,
              32.6068237
            ],
            [
              120.0762411,
              32.6068505
            ],
            [
              120.0762212,
              32.6068839
            ],
            [
              120.076209,
              32.6069222
            ],
            [
              120.0762049,
              32.6069635
            ],
            [
              120.0762092,
              32.6070058
            ],
            [
              120.0762216,
              32.6070468
            ],
            [
              120.0762416,
              32.6070847
            ],
            [
              120.0762682,
              32.6071174
            ],
            [
              120.0762999,
              32.6071433
            ],
            [
              120.0763353,
              32.6071612
            ],
            [
              120.0763725,
              32.60717
            ],
            [
              120.0764097,
              32.6071695
            ],
            [
              120.076445,
              32.6071595
            ],
            [
              120.0764767,
              32.6071407
            ],
            [
              120.0765031,
              32.6071139
            ],
            [
              120.076523,
              32.6070805
            ],
            [
              120.0765352,
              32.6070422
            ],
            [
              120.0765393,
              32.6070009
            ],
            [
              120.076535,
              32.6069586
            ],
            [
              120.0765226,
              32.6069176
            ],
            [
              120.0765026,
              32.6068797
            ],
            [
              120.076476,
              32.606847
            ],
            [
              120.0764443,
              32.6068211
            ],
            [
              120.0764089,
              32.6068032
            ],
            [
              120.0763717,
              32.6067944
            ],
            [
              120.0763345,
              32.6067949
            ]
          ]
        ]
      }
    },
    {
      "type": "Feature",
      "id": "cn0000385-h06-green-0",
      "properties": {
        "course_id": "cn0000385",
        "hole": 6,
        "feature_type": "green",
        "index": 0
      },
      "geometry": {
        "type": "Polygon",
        "coordinates": [
          [
            [
              120.0763416,
              32.6068306
            ],
            [
              120.0763155,
              32.6068383
            ],
            [
              120.0762922,
              32.6068532
            ],
            [
              120.0762729,
              32.6068746
            ],
            [
              120.0762586,
              32.6069013
            ],
            [
              120.07625,
              32.6069322
            ],
            [
              120.0762475,
              32.6069655
            ],
            [
              120.0762512,
              32.6069997
            ],
            [
              120.076261,
              32.607033
            ],
            [
              120.0762764,
              32.6070637
            ],
            [
              120.0762966,
              32.6070904
            ],
            [
              120.0763205,
              32.6071116
            ],
            [
              120.0763471,
              32.6071264
            ],
            [
              120.0763749,
              32.6071339
            ],
            [
              120.0764026,
              32.6071338
            ],
            [
              120.0764287,
              32.6071261
            ],
            [
              120.076452,
              32.6071112
            ],
            [
              120.0764713,
              32.6070898
            ],
            [
              120.0764856,
              32.6070631
            ],
            [
              120.0764942,
              32.6070322
            ],
            [
              120.0764967,
              32.6069989
            ],
            [
              120.076493,
              32.6069647
            ],
            [
              120.0764832,
              32.6069314
            ],
            [
              120.0764678,
              32.6069007
            ],
            [
              120.0764476,
              32.606874
            ],
            [
              120.0764237,
              32.6068528
            ],
            [
              120.0763971,
              32.606838
            ],
            [
              120.0763693,
              32.6068305
            ],
            [
              120.0763416,
              32.6068306
            ]
          ]
        ]
      }
    },
    {
      "type": "Feature",
      "id": "cn0000385-h06-bunker-0",
      "properties": {
        "course_id": "cn0000385",
        "hole": 6,
        "feature_type": "bunker",
        "index": 0
      },
      "geometry": {
        "type": "Polygon",
        "coordinates": [
          [
            [
              120.0764312,
              32.6070691
            ],
            [
              120.0764681,
              32.6070214
            ],
            [
              120.0763906,
              32.6069784
            ],
            [
              120.0765095,
              32.6069536
            ],
            [
              120.0764679,
              32.6069623
            ],
            [
              120.0765982,
              32.6070721
            ],
            [
              120.0766566,
              32.6071888
            ],
            [
              120.0765198,
              32.6071426
            ],
            [
              120.0764312,
              32.6070691
            ]
          ]
        ]
      }
    },
    {
      "type": "Feature",
      "id": "cn0000385-h06-bunker-1",
      "properties": {
        "course_id": "cn0000385",
        "hole": 6,
        "feature_type": "bunker",
        "index": 1
      },
      "geometry": {
        "type": "Polygon",
        "coordinates": [
          [
            [
              120.0764915,
              32.6096905
            ],
            [
              120.0765102,
              32.6096547
            ],
            [
              120.0765968,
              32.6096349
            ],
            [
              120.0766903,
              32.6096817
            ],
            [
              120.0767304,
              32.6096738
            ],
            [
              120.0768143,
              32.6097262
            ],
            [
              120.0767011,
              32.6099297
            ],
            [
              120.0766481,
              32.6099849
            ],
            [
              120.0766231,
              32.6098567
            ],
            [
              120.0766446,
              32.6097959
            ],
            [
              120.0765362,
              32.6097512
            ],
            [
              120.0764915,
              32.6096905
            ]
          ]
        ]
      }
    },
    {
      "type": "Feature",
      "id": "cn0000385-h06-bunker-2",
      "properties": {
        "course_id": "cn0000385",
        "hole": 6,
        "feature_type": "bunker",
        "index": 2
      },
      "geometry": {
        "type": "Polygon",
        "coordinates": [
          [
            [
              120.0764472,
              32.6091226
            ],
            [
              120.0765329,
              32.6093265
            ],
            [
              120.0763866,
              32.6093438
            ],
            [
              120.0763544,
              32.6092858
            ],
            [
              120.0764472,
              32.6091226
            ]
          ]
        ]
      }
    },
    {
      "type": "Feature",
      "id": "cn0000385-h06-bunker-3",
      "properties": {
        "course_id": "cn0000385",
        "hole": 6,
        "feature_type": "bunker",
        "index": 3
      },
      "geometry": {
        "type": "Polygon",
        "coordinates": [
          [
            [
              120.0760917,
              32.6070579
            ],
            [
              120.0761183,
              32.6071037
            ],
            [
              120.0761918,
              32.6071319
            ],
            [
              120.076194,
              32.6072061
            ],
            [
              120.0761221,
              32.607262
            ],
            [
              120.0760375,
              32.6072234
            ],
            [
              120.0760519,
              32.6071648
            ],
            [
              120.0760138,
              32.6071185
            ],
            [
              120.0760397,
              32.6070604
            ],
            [
              120.0760917,
              32.6070579
            ]
          ]
        ]
      }
    },
    {
      "type": "Feature",
      "id": "cn0000385-h06-bunker-4",
      "properties": {
        "course_id": "cn0000385",
        "hole": 6,
        "feature_type": "bunker",
        "index": 4
      },
      "geometry": {
        "type": "Polygon",
        "coordinates": [
          [
            [
              120.0768988,
              32.6089079
            ],
            [
              120.0769094,
              32.6089539
            ],
            [
              120.076861,
              32.6090006
            ],
            [
              120.076861,
              32.6090804
            ],
            [
              120.0768333,
              32.6090885
            ],
            [
              120.076762,
              32.6090211
            ],
            [
              120.076794,
              32.6089197
            ],
            [
              120.076856,
              32.6088834
            ],
            [
              120.0768988,
              32.6089079
            ]
          ]
        ]
      }
    },
    {
      "type": "Feature",
      "id": "cn0000385-h06-bunker-5",
      "properties": {
        "course_id": "cn0000385",
        "hole": 6,
        "feature_type": "bunker",
        "index": 5
      },
      "geometry": {
        "type": "Polygon",
        "coordinates": [
          [
            [
              120.076354,
              32.6072816
            ],
            [
              120.0763013,
              32.6074052
            ],
            [
              120.0762095,
              32.6073985
            ],
            [
              120.0762697,
              32.6072337
            ],
            [
              120.076354,
              32.6072816
            ]
          ]
        ]
      }
    },
    {
      "type": "Feature",
      "id": "cn0000385-h06-centerline-0",
      "properties": {
        "course_id": "cn0000385",
        "hole": 6,
        "feature_type": "centerline",
        "index": 0
      },
      "geometry": {
        "type": "LineString",
        "coordinates": [
          [
            120.0772887,
            32.6115438
          ],
          [
            120.0772888,
            32.6112592
          ],
          [
            120.0772566,
            32.6111418
          ],
          [
            120.0771815,
            32.6110786
          ],
          [
            120.0771601,
            32.6108347
          ],
          [
            120.076849,
            32.6105459
          ],
          [
            120.0769671,
            32.6100218
          ],
          [
            120.0771066,
            32.6096874
          ],
          [
            120.0771066,
            32.6095609
          ],
          [
            120.0770208,
            32.6095249
          ],
          [
            120.076935,
            32.6094075
          ],
          [
            120.0769564,
            32.6091364
          ],
          [
            120.0769135,
            32.6090913
          ],
          [
            120.0768814,
            32.6088384
          ],
          [
            120.076624,
            32.6083869
          ],
          [
            120.0766562,
            32.6082152
          ],
          [
            120.076624,
            32.6080978
          ],
          [
            120.0767313,
            32.607926
          ],
          [
            120.0766777,
            32.6077454
          ],
          [
            120.0763988,
            32.6074927
          ],
          [
            120.0763667,
            32.6073662
          ],
          [
            120.0764525,
            32.6072577
          ],
          [
            120.0763721,
            32.6069822
          ]
        ]
      }
    },
    {
      "type": "Feature",
      "id": "cn0000385-h06-cart_path-0",
      "properties": {
        "course_id": "cn0000385",
        "hole": 6,
        "feature_type": "cart_path",
        "index": 0
      },
      "geometry": {
        "type": "LineString",
        "coordinates": [
          [
            120.0761032,
            32.6100981
          ],
          [
            120.0761944,
            32.6105229
          ],
          [
            120.0761837,
            32.6105861
          ]
        ]
      }
    },
    {
      "type": "Feature",
      "id": "cn0000385-h06-cart_path-1",
      "properties": {
        "course_id": "cn0000385",
        "hole": 6,
        "feature_type": "cart_path",
        "index": 1
      },
      "geometry": {
        "type": "LineString",
        "coordinates": [
          [
            120.0760657,
            32.6116571
          ],
          [
            120.0761569,
            32.6116571
          ],
          [
            120.07635,
            32.6116164
          ],
          [
            120.0763768,
            32.6115893
          ],
          [
            120.0764304,
            32.6115893
          ]
        ]
      }
    },
    {
      "type": "Feature",
      "id": "cn0000385-h06-cart_path-2",
      "properties": {
        "course_id": "cn0000385",
        "hole": 6,
        "feature_type": "cart_path",
        "index": 2
      },
      "geometry": {
        "type": "LineString",
        "coordinates": [
          [
            120.0761193,
            32.6114899
          ],
          [
            120.0760496,
            32.611508
          ],
          [
            120.0761193,
            32.6114899
          ],
          [
            120.0760978,
            32.6114357
          ],
          [
            120.0758618,
            32.6114085
          ]
        ]
      }
    },
    {
      "type": "Feature",
      "id": "cn0000385-h06-cart_path-3",
      "properties": {
        "course_id": "cn0000385",
        "hole": 6,
        "feature_type": "cart_path",
        "index": 3
      },
      "geometry": {
        "type": "LineString",
        "coordinates": [
          [
            120.0746977,
            32.6115215
          ],
          [
            120.0747031,
            32.6114944
          ],
          [
            120.0747728,
            32.6114899
          ],
          [
            120.0746977,
            32.6115305
          ],
          [
            120.0747031,
            32.6115577
          ],
          [
            120.0747406,
            32.6115712
          ],
          [
            120.0747782,
            32.6114944
          ],
          [
            120.0747889,
            32.6115441
          ],
          [
            120.0747621,
            32.6115848
          ],
          [
            120.0748265,
            32.6116661
          ],
          [
            120.0748962,
            32.6116616
          ],
          [
            120.0749499,
            32.6115757
          ],
          [
            120.0749874,
            32.6116028
          ],
          [
            120.0749874,
            32.6116254
          ],
          [
            120.0753361,
            32.6116571
          ],
          [
            120.0754112,
            32.6117384
          ],
          [
            120.075556,
            32.6117339
          ]
        ]
      }
    },
    {
      "type": "Feature",
      "id": "cn0000385-h06-cart_path-4",
      "properties": {
        "course_id": "cn0000385",
        "hole": 6,
        "feature_type": "cart_path",
        "index": 4
      },
      "geometry": {
        "type": "LineString",
        "coordinates": [
          [
            120.0761139,
            32.6095423
          ],
          [
            120.0761193,
            32.6094971
          ],
          [
            120.0760603,
            32.6093616
          ],
          [
            120.0760737,
            32.6091876
          ],
          [
            120.0761032,
            32.6091175
          ]
        ]
      }
    },
    {
      "type": "Feature",
      "id": "cn0000385-h06-cart_path-5",
      "properties": {
        "course_id": "cn0000385",
        "hole": 6,
        "feature_type": "cart_path",
        "index": 5
      },
      "geometry": {
        "type": "LineString",
        "coordinates": [
          [
            120.076189,
            32.6089639
          ],
          [
            120.0762051,
            32.6087967
          ],
          [
            120.0761783,
            32.6085211
          ],
          [
            120.0761998,
            32.6084488
          ],
          [
            120.0762856,
            32.6083855
          ],
          [
            120.0764519,
            32.6083267
          ],
          [
            120.0767952,
            32.6083358
          ],
          [
            120.0768596,
            32.608381
          ],
          [
            120.0769454,
            32.6083719
          ]
        ]
      }
    },
    {
      "type": "Feature",
      "id": "cn0000385-h06-cart_path-6",
      "properties": {
        "course_id": "cn0000385",
        "hole": 6,
        "feature_type": "cart_path",
        "index": 6
      },
      "geometry": {
        "type": "LineString",
        "coordinates": [
          [
            120.0755775,
            32.6101252
          ],
          [
            120.0758779,
            32.6100394
          ],
          [
            120.0759959,
            32.6100303
          ],
          [
            120.0761032,
            32.6100981
          ],
          [
            120.0762427,
            32.6100846
          ]
        ]
      }
    },
    {
      "type": "Feature",
      "id": "cn0000385-h06-cart_path-7",
      "properties": {
        "course_id": "cn0000385",
        "hole": 6,
        "feature_type": "cart_path",
        "index": 7
      },
      "geometry": {
        "type": "LineString",
        "coordinates": [
          [
            120.074966,
            32.6113724
          ],
          [
            120.0750464,
            32.6113769
          ],
          [
            120.0750732,
            32.6114447
          ],
          [
            120.0750732,
            32.6113905
          ],
          [
            120.0751644,
            32.6114582
          ],
          [
            120.0751698,
            32.6114447
          ],
          [
            120.0752234,
            32.6114492
          ],
          [
            120.0752342,
            32.6113814
          ],
          [
            120.075379,
            32.6113769
          ]
        ]
      }
    },
    {
      "type": "Feature",
      "id": "cn0000385-h06-cart_path-8",
      "properties": {
        "course_id": "cn0000385",
        "hole": 6,
        "feature_type": "cart_path",
        "index": 8
      },
      "geometry": {
        "type": "LineString",
        "coordinates": [
          [
            120.0761729,
            32.6096462
          ],
          [
            120.0762641,
            32.609827
          ],
          [
            120.076248,
            32.6100981
          ],
          [
            120.0762695,
            32.6102156
          ],
          [
            120.0763285,
            32.6103602
          ]
        ]
      }
    },
    {
      "type": "Feature",
      "id": "cn0000385-h06-cart_path-9",
      "properties": {
        "course_id": "cn0000385",
        "hole": 6,
        "feature_type": "cart_path",
        "index": 9
      },
      "geometry": {
        "type": "LineString",
        "coordinates": [
          [
            120.0770366,
            32.6078116
          ],
          [
            120.0770313,
            32.6075992
          ],
          [
            120.0770903,
            32.6074817
          ],
          [
            120.0770956,
            32.607319
          ],
          [
            120.0769615,
            32.6071157
          ],
          [
            120.0769454,
            32.6070072
          ]
        ]
      }
    },
    {
      "type": "Feature",
      "id": "cn0000385-h06-cart_path-10",
      "properties": {
        "course_id": "cn0000385",
        "hole": 6,
        "feature_type": "cart_path",
        "index": 10
      },
      "geometry": {
        "type": "LineString",
        "coordinates": [
          [
            120.0771278,
            32.6067135
          ],
          [
            120.0771493,
            32.6068084
          ],
          [
            120.077439,
            32.6068084
          ]
        ]
      }
    },
    {
      "type": "Feature",
      "id": "cn0000385-h06-cart_path-11",
      "properties": {
        "course_id": "cn0000385",
        "hole": 6,
        "feature_type": "cart_path",
        "index": 11
      },
      "geometry": {
        "type": "LineString",
        "coordinates": [
          [
            120.0761086,
            32.6065599
          ],
          [
            120.0761408,
            32.6065327
          ],
          [
            120.0762159,
            32.6065373
          ],
          [
            120.0763661,
            32.6066231
          ]
        ]
      }
    },
    {
      "type": "Feature",
      "id": "cn0000385-h06-cart_path-12",
      "properties": {
        "course_id": "cn0000385",
        "hole": 6,
        "feature_type": "cart_path",
        "index": 12
      },
      "geometry": {
        "type": "LineString",
        "coordinates": [
          [
            120.0771707,
            32.6088554
          ],
          [
            120.0772029,
            32.6087741
          ],
          [
            120.0771976,
            32.6087063
          ],
          [
            120.0772727,
            32.6086521
          ],
          [
            120.0772512,
            32.6085256
          ]
        ]
      }
    },
    {
      "type": "Feature",
      "id": "cn0000385-h06-cart_path-13",
      "properties": {
        "course_id": "cn0000385",
        "hole": 6,
        "feature_type": "cart_path",
        "index": 13
      },
      "geometry": {
        "type": "LineString",
        "coordinates": [
          [
            120.0760013,
            32.6118604
          ],
          [
            120.0764304,
            32.6118694
          ]
        ]
      }
    },
    {
      "type": "Feature",
      "id": "cn0000385-h06-cart_path-14",
      "properties": {
        "course_id": "cn0000385",
        "hole": 6,
        "feature_type": "cart_path",
        "index": 14
      },
      "geometry": {
        "type": "LineString",
        "coordinates": [
          [
            120.0771815,
            32.6090543
          ],
          [
            120.0771922,
            32.6093706
          ]
        ]
      }
    },
    {
      "type": "Feature",
      "id": "cn0000385-h06-cart_path-15",
      "properties": {
        "course_id": "cn0000385",
        "hole": 6,
        "feature_type": "cart_path",
        "index": 15
      },
      "geometry": {
        "type": "LineString",
        "coordinates": [
          [
            120.0747728,
            32.6113317
          ],
          [
            120.0745958,
            32.6113317
          ],
          [
            120.0744188,
            32.6113724
          ]
        ]
      }
    },
    {
      "type": "Feature",
      "id": "cn0000385-h06-tree-0",
      "properties": {
        "course_id": "cn0000385",
        "hole": 6,
        "feature_type": "tree",
        "index": 0
      },
      "geometry": {
        "type": "Point",
        "coordinates": [
          120.0769363,
          32.6066931
        ]
      }
    },
    {
      "type": "Feature",
      "id": "cn0000385-h06-tree-1",
      "properties": {
        "course_id": "cn0000385",
        "hole": 6,
        "feature_type": "tree",
        "index": 1
      },
      "geometry": {
        "type": "Point",
        "coordinates": [
          120.0761994,
          32.6076852
        ]
      }
    },
    {
      "type": "Feature",
      "id": "cn0000385-h06-tree-2",
      "properties": {
        "course_id": "cn0000385",
        "hole": 6,
        "feature_type": "tree",
        "index": 2
      },
      "geometry": {
        "type": "Point",
        "coordinates": [
          120.0774353,
          32.6087241
        ]
      }
    },
    {
      "type": "Feature",
      "id": "cn0000385-h06-tree-3",
      "properties": {
        "course_id": "cn0000385",
        "hole": 6,
        "feature_type": "tree",
        "index": 3
      },
      "geometry": {
        "type": "Point",
        "coordinates": [
          120.076079,
          32.6086425
        ]
      }
    },
    {
      "type": "Feature",
      "id": "cn0000385-h06-tree-4",
      "properties": {
        "course_id": "cn0000385",
        "hole": 6,
        "feature_type": "tree",
        "index": 4
      },
      "geometry": {
        "type": "Point",
        "coordinates": [
          120.0771319,
          32.6089041
        ]
      }
    },
    {
      "type": "Feature",
      "id": "cn0000385-h06-tree-5",
      "properties": {
        "course_id": "cn0000385",
        "hole": 6,
        "feature_type": "tree",
        "index": 5
      },
      "geometry": {
        "type": "Point",
        "coordinates": [
          120.0759794,
          32.6094278
        ]
      }
    },
    {
      "type": "Feature",
      "id": "cn0000385-h06-tree-6",
      "properties": {
        "course_id": "cn0000385",
        "hole": 6,
        "feature_type": "tree",
        "index": 6
      },
      "geometry": {
        "type": "Point",
        "coordinates": [
          120.0763739,
          32.6107299
        ]
      }
    },
    {
      "type": "Feature",
      "id": "cn0000385-h06-tee-black",
      "properties": {
        "course_id": "cn0000385",
        "hole": 6,
        "feature_type": "tee",
        "color": "black",
        "distance_m": 521
      },
      "geometry": {
        "type": "Point",
        "coordinates": [
          120.0772887,
          32.6115438
        ]
      }
    },
    {
      "type": "Feature",
      "id": "cn0000385-h06-tee-blue",
      "properties": {
        "course_id": "cn0000385",
        "hole": 6,
        "feature_type": "tee",
        "color": "blue",
        "distance_m": 479
      },
      "geometry": {
        "type": "Point",
        "coordinates": [
          120.0771547,
          32.6113452
        ]
      }
    },
    {
      "type": "Feature",
      "id": "cn0000385-h06-tee-white",
      "properties": {
        "course_id": "cn0000385",
        "hole": 6,
        "feature_type": "tee",
        "color": "white",
        "distance_m": 466
      },
      "geometry": {
        "type": "Point",
        "coordinates": [
          120.0770206,
          32.6111465
        ]
      }
    },
    {
      "type": "Feature",
      "id": "cn0000385-h06-tee-red",
      "properties": {
        "course_id": "cn0000385",
        "hole": 6,
        "feature_type": "tee",
        "color": "red",
        "distance_m": 427
      },
      "geometry": {
        "type": "Point",
        "coordinates": [
          120.0766506,
          32.610781
        ]
      }
    },
    {
      "type": "Feature",
      "id": "cn0000385-h06-flag-daily_pin",
      "properties": {
        "course_id": "cn0000385",
        "hole": 6,
        "feature_type": "flag",
        "role": "daily_pin"
      },
      "geometry": {
        "type": "Point",
        "coordinates": [
          120.0763721,
          32.6069822
        ]
      }
    },
    {
      "type": "Feature",
      "id": "cn0000385-h06-green_target-front",
      "properties": {
        "course_id": "cn0000385",
        "hole": 6,
        "feature_type": "green_target",
        "role": "front"
      },
      "geometry": {
        "type": "Point",
        "coordinates": [
          120.0764026,
          32.6071338
        ]
      }
    },
    {
      "type": "Feature",
      "id": "cn0000385-h06-green_target-middle",
      "properties": {
        "course_id": "cn0000385",
        "hole": 6,
        "feature_type": "green_target",
        "role": "middle"
      },
      "geometry": {
        "type": "Point",
        "coordinates": [
          120.07637104827587,
          32.60697697241379
        ]
      }
    },
    {
      "type": "Feature",
      "id": "cn0000385-h06-green_target-back",
      "properties": {
        "course_id": "cn0000385",
        "hole": 6,
        "feature_type": "green_target",
        "role": "back"
      },
      "geometry": {
        "type": "Point",
        "coordinates": [
          120.0763416,
          32.6068306
        ]
      }
    },
    {
      "type": "Feature",
      "id": "cn0000385-h07-hole_perimeter-0",
      "properties": {
        "course_id": "cn0000385",
        "hole": 7,
        "feature_type": "hole_perimeter",
        "index": 0
      },
      "geometry": {
        "type": "Polygon",
        "coordinates": [
          [
            [
              120.071646,
              32.6082191
            ],
            [
              120.0716378,
              32.6081452
            ],
            [
              120.0716784,
              32.6080694
            ],
            [
              120.0717564,
              32.6080097
            ],
            [
              120.0718634,
              32.6079736
            ],
            [
              120.071844,
              32.6077561
            ],
            [
              120.0725029,
              32.6075195
            ],
            [
              120.0726008,
              32.6075115
            ],
            [
              120.0725309,
              32.6074806
            ],
            [
              120.0726834,
              32.6074162
            ],
            [
              120.0747523,
              32.607109
            ],
            [
              120.0748664,
              32.6070533
            ],
            [
              120.0750678,
              32.6069991
            ],
            [
              120.0753412,
              32.6067626
            ],
            [
              120.0755395,
              32.6067372
            ],
            [
              120.0757887,
              32.6065972
            ],
            [
              120.0759873,
              32.60658
            ],
            [
              120.0760563,
              32.6066109
            ],
            [
              120.0760998,
              32.6066656
            ],
            [
              120.0761076,
              32.6067311
            ],
            [
              120.0760865,
              32.6067809
            ],
            [
              120.0760313,
              32.6068276
            ],
            [
              120.0759641,
              32.6068466
            ],
            [
              120.0759665,
              32.6069174
            ],
            [
              120.0759244,
              32.6070136
            ],
            [
              120.0760474,
              32.6070141
            ],
            [
              120.0759879,
              32.607086
            ],
            [
              120.0752483,
              32.6074081
            ],
            [
              120.0751356,
              32.6074916
            ],
            [
              120.0750417,
              32.607498
            ],
            [
              120.0739867,
              32.6079573
            ],
            [
              120.0719211,
              32.6086176
            ],
            [
              120.0718931,
              32.6083044
            ],
            [
              120.0717464,
              32.6082976
            ],
            [
              120.0716725,
              32.6082553
            ],
            [
              120.071646,
              32.6082191
            ]
          ]
        ]
      }
    },
    {
      "type": "Feature",
      "id": "cn0000385-h07-rough-0",
      "properties": {
        "course_id": "cn0000385",
        "hole": 7,
        "feature_type": "rough",
        "index": 0
      },
      "geometry": {
        "type": "Polygon",
        "coordinates": [
          [
            [
              120.071646,
              32.6082191
            ],
            [
              120.0716378,
              32.6081452
            ],
            [
              120.0716784,
              32.6080694
            ],
            [
              120.0717564,
              32.6080097
            ],
            [
              120.0718634,
              32.6079736
            ],
            [
              120.071844,
              32.6077561
            ],
            [
              120.0725029,
              32.6075195
            ],
            [
              120.0726008,
              32.6075115
            ],
            [
              120.0725309,
              32.6074806
            ],
            [
              120.0726834,
              32.6074162
            ],
            [
              120.0747523,
              32.607109
            ],
            [
              120.0748664,
              32.6070533
            ],
            [
              120.0750678,
              32.6069991
            ],
            [
              120.0753412,
              32.6067626
            ],
            [
              120.0755395,
              32.6067372
            ],
            [
              120.0757887,
              32.6065972
            ],
            [
              120.0759873,
              32.60658
            ],
            [
              120.0760563,
              32.6066109
            ],
            [
              120.0760998,
              32.6066656
            ],
            [
              120.0761076,
              32.6067311
            ],
            [
              120.0760865,
              32.6067809
            ],
            [
              120.0760313,
              32.6068276
            ],
            [
              120.0759641,
              32.6068466
            ],
            [
              120.0759665,
              32.6069174
            ],
            [
              120.0759244,
              32.6070136
            ],
            [
              120.0760474,
              32.6070141
            ],
            [
              120.0759879,
              32.607086
            ],
            [
              120.0752483,
              32.6074081
            ],
            [
              120.0751356,
              32.6074916
            ],
            [
              120.0750417,
              32.607498
            ],
            [
              120.0739867,
              32.6079573
            ],
            [
              120.0719211,
              32.6086176
            ],
            [
              120.0718931,
              32.6083044
            ],
            [
              120.0717464,
              32.6082976
            ],
            [
              120.0716725,
              32.6082553
            ],
            [
              120.071646,
              32.6082191
            ]
          ]
        ]
      }
    },
    {
      "type": "Feature",
      "id": "cn0000385-h07-tee_box-0",
      "properties": {
        "course_id": "cn0000385",
        "hole": 7,
        "feature_type": "tee_box",
        "index": 0
      },
      "geometry": {
        "type": "Polygon",
        "coordinates": [
          [
            [
              120.0751419,
              32.6074551
            ],
            [
              120.0750944,
              32.6074749
            ],
            [
              120.0750339,
              32.6074656
            ],
            [
              120.0749977,
              32.607433
            ],
            [
              120.0749909,
              32.6073815
            ],
            [
              120.075311,
              32.6069149
            ],
            [
              120.075914,
              32.6066405
            ],
            [
              120.0759672,
              32.6066364
            ],
            [
              120.0760074,
              32.606653
            ],
            [
              120.0760393,
              32.6067058
            ],
            [
              120.0760171,
              32.6067621
            ],
            [
              120.0751419,
              32.6074551
            ]
          ]
        ]
      }
    },
    {
      "type": "Feature",
      "id": "cn0000385-h07-fairway-0",
      "properties": {
        "course_id": "cn0000385",
        "hole": 7,
        "feature_type": "fairway",
        "index": 0
      },
      "geometry": {
        "type": "Polygon",
        "coordinates": [
          [
            [
              120.0747466,
              32.6072036
            ],
            [
              120.0748948,
              32.6071438
            ],
            [
              120.074742,
              32.6071655
            ],
            [
              120.0752452,
              32.6069196
            ],
            [
              120.0753819,
              32.6068057
            ],
            [
              120.0755615,
              32.6067904
            ],
            [
              120.0758182,
              32.6066463
            ],
            [
              120.0759624,
              32.6066311
            ],
            [
              120.0760058,
              32.6066461
            ],
            [
              120.0760356,
              32.6066766
            ],
            [
              120.0760421,
              32.6067311
            ],
            [
              120.0759982,
              32.6067812
            ],
            [
              120.0758778,
              32.6068028
            ],
            [
              120.0756262,
              32.6069468
            ],
            [
              120.0754669,
              32.6069584
            ],
            [
              120.0754078,
              32.6070112
            ],
            [
              120.0754363,
              32.6070538
            ],
            [
              120.0754213,
              32.6070505
            ],
            [
              120.075506,
              32.6072959
            ],
            [
              120.0754859,
              32.6073046
            ],
            [
              120.0754703,
              32.607276
            ],
            [
              120.0754644,
              32.6071971
            ],
            [
              120.0750294,
              32.6073494
            ],
            [
              120.0749267,
              32.6074325
            ],
            [
              120.074783,
              32.6074357
            ],
            [
              120.0744271,
              32.6075604
            ],
            [
              120.0744229,
              32.6076028
            ],
            [
              120.0743227,
              32.60763
            ],
            [
              120.0743286,
              32.6076695
            ],
            [
              120.0743171,
              32.6075989
            ],
            [
              120.0741847,
              32.6076453
            ],
            [
              120.0741013,
              32.6077192
            ],
            [
              120.0739441,
              32.6077574
            ],
            [
              120.0738514,
              32.6077621
            ],
            [
              120.0735217,
              32.6078775
            ],
            [
              120.0735235,
              32.6078913
            ],
            [
              120.0737223,
              32.6078112
            ],
            [
              120.0737519,
              32.6078422
            ],
            [
              120.0737909,
              32.6078393
            ],
            [
              120.0738153,
              32.6078598
            ],
            [
              120.0737559,
              32.6078828
            ],
            [
              120.0737443,
              32.6078824
            ],
            [
              120.0737773,
              32.6078689
            ],
            [
              120.0737341,
              32.6078323
            ],
            [
              120.0734947,
              32.6079226
            ],
            [
              120.0734923,
              32.607938
            ],
            [
              120.0733544,
              32.6079902
            ],
            [
              120.0732163,
              32.6079845
            ],
            [
              120.0730731,
              32.6080347
            ],
            [
              120.072715,
              32.6081943
            ],
            [
              120.0726152,
              32.6081951
            ],
            [
              120.0719055,
              32.6084438
            ],
            [
              120.0718855,
              32.6082201
            ],
            [
              120.0718153,
              32.6082007
            ],
            [
              120.071782,
              32.6081452
            ],
            [
              120.0718051,
              32.6080861
            ],
            [
              120.071871,
              32.6080579
            ],
            [
              120.0718731,
              32.6079717
            ],
            [
              120.0724142,
              32.6077097
            ],
            [
              120.0730341,
              32.6074905
            ],
            [
              120.0731513,
              32.6073888
            ],
            [
              120.0734819,
              32.6073321
            ],
            [
              120.0736501,
              32.6072726
            ],
            [
              120.0740494,
              32.6072134
            ],
            [
              120.0741456,
              32.6072234
            ],
            [
              120.0747466,
              32.6072036
            ]
          ]
        ]
      }
    },
    {
      "type": "Feature",
      "id": "cn0000385-h07-green_fringe-0",
      "properties": {
        "course_id": "cn0000385",
        "hole": 7,
        "feature_type": "green_fringe",
        "index": 0
      },
      "geometry": {
        "type": "Polygon",
        "coordinates": [
          [
            [
              120.0716713,
              32.6082116
            ],
            [
              120.0716906,
              32.6082386
            ],
            [
              120.0717192,
              32.6082606
            ],
            [
              120.0717559,
              32.6082765
            ],
            [
              120.0717986,
              32.6082856
            ],
            [
              120.0718454,
              32.6082872
            ],
            [
              120.0718938,
              32.6082815
            ],
            [
              120.0719414,
              32.6082686
            ],
            [
              120.0719859,
              32.6082492
            ],
            [
              120.072025,
              32.6082243
            ],
            [
              120.0720567,
              32.6081951
            ],
            [
              120.0720795,
              32.608163
            ],
            [
              120.0720922,
              32.6081298
            ],
            [
              120.0720941,
              32.6080971
            ],
            [
              120.0720853,
              32.6080664
            ],
            [
              120.072066,
              32.6080394
            ],
            [
              120.0720374,
              32.6080174
            ],
            [
              120.0720007,
              32.6080015
            ],
            [
              120.071958,
              32.6079924
            ],
            [
              120.0719112,
              32.6079908
            ],
            [
              120.0718628,
              32.6079965
            ],
            [
              120.0718152,
              32.6080094
            ],
            [
              120.0717707,
              32.6080288
            ],
            [
              120.0717316,
              32.6080537
            ],
            [
              120.0716999,
              32.6080829
            ],
            [
              120.0716771,
              32.608115
            ],
            [
              120.0716644,
              32.6081482
            ],
            [
              120.0716625,
              32.6081809
            ],
            [
              120.0716713,
              32.6082116
            ]
          ]
        ]
      }
    },
    {
      "type": "Feature",
      "id": "cn0000385-h07-green-0",
      "properties": {
        "course_id": "cn0000385",
        "hole": 7,
        "feature_type": "green",
        "index": 0
      },
      "geometry": {
        "type": "Polygon",
        "coordinates": [
          [
            [
              120.0717108,
              32.6081978
            ],
            [
              120.0717254,
              32.6082177
            ],
            [
              120.0717477,
              32.6082337
            ],
            [
              120.0717765,
              32.6082449
            ],
            [
              120.0718105,
              32.6082508
            ],
            [
              120.0718478,
              32.6082511
            ],
            [
              120.0718867,
              32.6082458
            ],
            [
              120.0719252,
              32.6082351
            ],
            [
              120.0719613,
              32.6082197
            ],
            [
              120.0719932,
              32.6082001
            ],
            [
              120.0720194,
              32.6081775
            ],
            [
              120.0720385,
              32.608153
            ],
            [
              120.0720496,
              32.6081278
            ],
            [
              120.0720521,
              32.6081031
            ],
            [
              120.0720458,
              32.6080802
            ],
            [
              120.0720312,
              32.6080603
            ],
            [
              120.0720089,
              32.6080443
            ],
            [
              120.0719801,
              32.6080331
            ],
            [
              120.0719461,
              32.6080272
            ],
            [
              120.0719088,
              32.6080269
            ],
            [
              120.0718699,
              32.6080322
            ],
            [
              120.0718314,
              32.6080429
            ],
            [
              120.0717953,
              32.6080583
            ],
            [
              120.0717634,
              32.6080779
            ],
            [
              120.0717372,
              32.6081005
            ],
            [
              120.0717181,
              32.608125
            ],
            [
              120.071707,
              32.6081502
            ],
            [
              120.0717045,
              32.6081749
            ],
            [
              120.0717108,
              32.6081978
            ]
          ]
        ]
      }
    },
    {
      "type": "Feature",
      "id": "cn0000385-h07-bunker-0",
      "properties": {
        "course_id": "cn0000385",
        "hole": 7,
        "feature_type": "bunker",
        "index": 0
      },
      "geometry": {
        "type": "Polygon",
        "coordinates": [
          [
            [
              120.073524,
              32.6080975
            ],
            [
              120.0735751,
              32.6080305
            ],
            [
              120.0735346,
              32.6079745
            ],
            [
              120.07382,
              32.6078637
            ],
            [
              120.0737871,
              32.6078361
            ],
            [
              120.0735466,
              32.6079179
            ],
            [
              120.0737171,
              32.6078145
            ],
            [
              120.0737571,
              32.6077733
            ],
            [
              120.0740829,
              32.6077171
            ],
            [
              120.0741238,
              32.6077259
            ],
            [
              120.0742135,
              32.6076277
            ],
            [
              120.0743136,
              32.6075916
            ],
            [
              120.0743236,
              32.607635
            ],
            [
              120.0743883,
              32.6076231
            ],
            [
              120.0745008,
              32.6075586
            ],
            [
              120.0745406,
              32.6074734
            ],
            [
              120.0745834,
              32.6074417
            ],
            [
              120.0748311,
              32.6075089
            ],
            [
              120.0748193,
              32.6074559
            ],
            [
              120.0748731,
              32.607377
            ],
            [
              120.074985,
              32.6073045
            ],
            [
              120.0750287,
              32.6073235
            ],
            [
              120.0751434,
              32.6074569
            ],
            [
              120.0743692,
              32.6076952
            ],
            [
              120.0743323,
              32.6076829
            ],
            [
              120.0743493,
              32.6076916
            ],
            [
              120.0736864,
              32.6079703
            ],
            [
              120.0735761,
              32.60803
            ],
            [
              120.0739652,
              32.6079214
            ],
            [
              120.073524,
              32.6080975
            ]
          ]
        ]
      }
    },
    {
      "type": "Feature",
      "id": "cn0000385-h07-bunker-1",
      "properties": {
        "course_id": "cn0000385",
        "hole": 7,
        "feature_type": "bunker",
        "index": 1
      },
      "geometry": {
        "type": "Polygon",
        "coordinates": [
          [
            [
              120.0719163,
              32.6085635
            ],
            [
              120.0719057,
              32.6084456
            ],
            [
              120.0719747,
              32.6083175
            ],
            [
              120.0720528,
              32.6083075
            ],
            [
              120.0721117,
              32.6083342
            ],
            [
              120.0720629,
              32.608399
            ],
            [
              120.0719115,
              32.60851
            ],
            [
              120.0719163,
              32.6085635
            ]
          ]
        ]
      }
    },
    {
      "type": "Feature",
      "id": "cn0000385-h07-bunker-2",
      "properties": {
        "course_id": "cn0000385",
        "hole": 7,
        "feature_type": "bunker",
        "index": 2
      },
      "geometry": {
        "type": "Polygon",
        "coordinates": [
          [
            [
              120.0727945,
              32.6076777
            ],
            [
              120.0728143,
              32.6076484
            ],
            [
              120.0727388,
              32.6076008
            ],
            [
              120.0727447,
              32.6075321
            ],
            [
              120.0728149,
              32.6074957
            ],
            [
              120.0730233,
              32.607455
            ],
            [
              120.0728999,
              32.6076367
            ],
            [
              120.0728972,
              32.6076794
            ],
            [
              120.0728107,
              32.6076967
            ],
            [
              120.0727945,
              32.6076777
            ]
          ]
        ]
      }
    },
    {
      "type": "Feature",
      "id": "cn0000385-h07-water-0",
      "properties": {
        "course_id": "cn0000385",
        "hole": 7,
        "feature_type": "water",
        "index": 0
      },
      "geometry": {
        "type": "Polygon",
        "coordinates": [
          [
            [
              120.0747353,
              32.6064943
            ],
            [
              120.0747326,
              32.6064717
            ],
            [
              120.0747085,
              32.6064424
            ],
            [
              120.0747406,
              32.6064265
            ],
            [
              120.0747406,
              32.606413
            ],
            [
              120.0747085,
              32.6063814
            ],
            [
              120.0746977,
              32.6063791
            ],
            [
              120.0746977,
              32.6063655
            ],
            [
              120.0746736,
              32.6063565
            ],
            [
              120.0746736,
              32.6063317
            ],
            [
              120.0746924,
              32.6063226
            ],
            [
              120.0746977,
              32.6063068
            ],
            [
              120.0747219,
              32.6063158
            ],
            [
              120.0747567,
              32.6063
            ],
            [
              120.0747997,
              32.6063023
            ],
            [
              120.0748184,
              32.606291
            ],
            [
              120.0748184,
              32.6062774
            ],
            [
              120.0748077,
              32.6062684
            ],
            [
              120.0747782,
              32.6062639
            ],
            [
              120.0747567,
              32.6062706
            ],
            [
              120.0747085,
              32.6062616
            ],
            [
              120.0746843,
              32.6062661
            ],
            [
              120.074679,
              32.6062593
            ],
            [
              120.0746816,
              32.60623
            ],
            [
              120.0746548,
              32.6062209
            ],
            [
              120.0746575,
              32.6061351
            ],
            [
              120.0746334,
              32.606108
            ],
            [
              120.0746468,
              32.6060786
            ],
            [
              120.0746977,
              32.6060876
            ],
            [
              120.0747192,
              32.6060763
            ],
            [
              120.0747541,
              32.6060718
            ],
            [
              120.0747675,
              32.6060921
            ],
            [
              120.0747889,
              32.6060944
            ],
            [
              120.074805,
              32.6060854
            ],
            [
              120.074805,
              32.6060763
            ],
            [
              120.0747916,
              32.6060673
            ],
            [
              120.0747943,
              32.6060492
            ],
            [
              120.0747782,
              32.6060402
            ],
            [
              120.0747541,
              32.6060402
            ],
            [
              120.0747326,
              32.6060492
            ],
            [
              120.0747085,
              32.6060357
            ],
            [
              120.0746709,
              32.6060357
            ],
            [
              120.0746468,
              32.6060515
            ],
            [
              120.074636,
              32.6060515
            ],
            [
              120.0746253,
              32.6060424
            ],
            [
              120.0746199,
              32.6059927
            ],
            [
              120.0746039,
              32.6059837
            ],
            [
              120.0745797,
              32.6059882
            ],
            [
              120.0745824,
              32.6059588
            ],
            [
              120.0745475,
              32.6059453
            ],
            [
              120.0745556,
              32.6059362
            ],
            [
              120.0745824,
              32.6059362
            ],
            [
              120.0745904,
              32.6059182
            ],
            [
              120.0746092,
              32.6059069
            ],
            [
              120.0745985,
              32.6058843
            ],
            [
              120.0746092,
              32.605873
            ],
            [
              120.0746092,
              32.6058594
            ],
            [
              120.0745931,
              32.6058504
            ],
            [
              120.0745878,
              32.605821
            ],
            [
              120.0745663,
              32.6058052
            ],
            [
              120.074569,
              32.6057803
            ],
            [
              120.0745824,
              32.605769
            ],
            [
              120.0745824,
              32.605751
            ],
            [
              120.0745556,
              32.6057329
            ],
            [
              120.0745636,
              32.6057238
            ],
            [
              120.0745744,
              32.6057238
            ],
            [
              120.074577,
              32.6057464
            ],
            [
              120.0745931,
              32.6057555
            ],
            [
              120.0746092,
              32.6057464
            ],
            [
              120.0746092,
              32.6057374
            ],
            [
              120.074628,
              32.6057374
            ],
            [
              120.0746441,
              32.6057284
            ],
            [
              120.074636,
              32.6057103
            ],
            [
              120.0746441,
              32.6056877
            ],
            [
              120.0747111,
              32.60569
            ],
            [
              120.0747272,
              32.6056832
            ],
            [
              120.0747433,
              32.60569
            ],
            [
              120.0747567,
              32.6056854
            ],
            [
              120.0748345,
              32.60569
            ],
            [
              120.0748613,
              32.6056764
            ],
            [
              120.0748613,
              32.6056628
            ],
            [
              120.0748211,
              32.6056493
            ],
            [
              120.0747943,
              32.6056538
            ],
            [
              120.0747648,
              32.6056335
            ],
            [
              120.0747621,
              32.6056177
            ],
            [
              120.0747862,
              32.6056199
            ],
            [
              120.0748023,
              32.6056109
            ],
            [
              120.0748023,
              32.6055996
            ],
            [
              120.0747862,
              32.605586
            ],
            [
              120.0747728,
              32.6055838
            ],
            [
              120.0747541,
              32.6055928
            ],
            [
              120.0747272,
              32.6055905
            ],
            [
              120.0747031,
              32.6056018
            ],
            [
              120.0747111,
              32.6056177
            ],
            [
              120.0747353,
              32.6056222
            ],
            [
              120.0747299,
              32.6056357
            ],
            [
              120.0747004,
              32.6056357
            ],
            [
              120.074687,
              32.6056538
            ],
            [
              120.0746334,
              32.6056515
            ],
            [
              120.0746146,
              32.6056606
            ],
            [
              120.0746039,
              32.6056561
            ],
            [
              120.0745851,
              32.6056606
            ],
            [
              120.074577,
              32.6056674
            ],
            [
              120.074577,
              32.6056922
            ],
            [
              120.0745636,
              32.60569
            ],
            [
              120.0745609,
              32.6056606
            ],
            [
              120.0745341,
              32.605638
            ],
            [
              120.0745234,
              32.6055702
            ],
            [
              120.0745475,
              32.6055544
            ],
            [
              120.0745502,
              32.6055453
            ],
            [
              120.074577,
              32.6055341
            ],
            [
              120.074577,
              32.6055205
            ],
            [
              120.0745583,
              32.6055024
            ],
            [
              120.0745797,
              32.6054979
            ],
            [
              120.0746065,
              32.6055069
            ],
            [
              120.0746199,
              32.6055047
            ],
            [
              120.074628,
              32.6054979
            ],
            [
              120.074628,
              32.6054776
            ],
            [
              120.0746468,
              32.6054685
            ],
            [
              120.0746468,
              32.605455
            ],
            [
              120.0746199,
              32.6054437
            ],
            [
              120.0746253,
              32.6054166
            ],
            [
              120.0746092,
              32.6054007
            ],
            [
              120.0745717,
              32.6053985
            ],
            [
              120.0745556,
              32.6054075
            ],
            [
              120.0745556,
              32.6054414
            ],
            [
              120.0745744,
              32.6054572
            ],
            [
              120.0745744,
              32.6054663
            ],
            [
              120.0745529,
              32.605464
            ],
            [
              120.0745395,
              32.6054392
            ],
            [
              120.0745395,
              32.6054053
            ],
            [
              120.0745475,
              32.6053985
            ],
            [
              120.0745475,
              32.6053578
            ],
            [
              120.074577,
              32.6053352
            ],
            [
              120.074577,
              32.6053217
            ],
            [
              120.0745583,
              32.6053081
            ],
            [
              120.0745341,
              32.6053194
            ],
            [
              120.0745288,
              32.6053397
            ],
            [
              120.0745127,
              32.6053397
            ],
            [
              120.0744939,
              32.6052787
            ],
            [
              120.0744992,
              32.6052539
            ],
            [
              120.0744805,
              32.6052448
            ],
            [
              120.0744832,
              32.6052268
            ],
            [
              120.0744992,
              32.6052155
            ],
            [
              120.0744992,
              32.6051951
            ],
            [
              120.0744832,
              32.6051861
            ],
            [
              120.0744563,
              32.6051951
            ],
            [
              120.0744402,
              32.6051929
            ],
            [
              120.0744215,
              32.6051793
            ],
            [
              120.0745636,
              32.6051567
            ],
            [
              120.0746334,
              32.6051635
            ],
            [
              120.0746629,
              32.6051545
            ],
            [
              120.0747326,
              32.6051477
            ],
            [
              120.0747514,
              32.6051522
            ],
            [
              120.0747514,
              32.6051612
            ],
            [
              120.0747728,
              32.6051703
            ],
            [
              120.0747943,
              32.6051567
            ],
            [
              120.0747997,
              32.6051454
            ],
            [
              120.0748533,
              32.6051319
            ],
            [
              120.0748882,
              32.6051319
            ],
            [
              120.0749606,
              32.6051093
            ],
            [
              120.0750089,
              32.6051047
            ],
            [
              120.0750357,
              32.6051251
            ],
            [
              120.0750625,
              32.6051273
            ],
            [
              120.0750813,
              32.6051228
            ],
            [
              120.0751001,
              32.605107
            ],
            [
              120.0751027,
              32.6050934
            ],
            [
              120.0751162,
              32.6050889
            ],
            [
              120.0751564,
              32.6051093
            ],
            [
              120.0751805,
              32.6051138
            ],
            [
              120.0751966,
              32.6051047
            ],
            [
              120.0751993,
              32.6050776
            ],
            [
              120.0754568,
              32.6050347
            ],
            [
              120.075497,
              32.6050392
            ],
            [
              120.0755292,
              32.6050211
            ],
            [
              120.075548,
              32.6050234
            ],
            [
              120.075556,
              32.6050347
            ],
            [
              120.0755775,
              32.605037
            ],
            [
              120.0756043,
              32.6050189
            ],
            [
              120.0756204,
              32.6050211
            ],
            [
              120.0756606,
              32.6050053
            ],
            [
              120.0757518,
              32.6050031
            ],
            [
              120.0757894,
              32.6049873
            ],
            [
              120.0758323,
              32.604994
            ],
            [
              120.075886,
              32.6049737
            ],
            [
              120.0759315,
              32.6049692
            ],
            [
              120.0759664,
              32.6049737
            ],
            [
              120.0759906,
              32.6049624
            ],
            [
              120.0760147,
              32.6049714
            ],
            [
              120.0761327,
              32.6049421
            ],
            [
              120.0761837,
              32.6049443
            ],
            [
              120.0762266,
              32.604933
            ],
            [
              120.0762615,
              32.6049353
            ],
            [
              120.0763124,
              32.6049195
            ],
            [
              120.0763822,
              32.6049149
            ],
            [
              120.0764439,
              32.6048969
            ],
            [
              120.0764546,
              32.6049014
            ],
            [
              120.0765029,
              32.6048969
            ],
            [
              120.0765511,
              32.6049172
            ],
            [
              120.0765914,
              32.6048969
            ],
            [
              120.0766155,
              32.6048991
            ],
            [
              120.0766423,
              32.6048878
            ],
            [
              120.0766504,
              32.6048901
            ],
            [
              120.0766504,
              32.6049082
            ],
            [
              120.0766692,
              32.6049217
            ],
            [
              120.0766692,
              32.6049353
            ],
            [
              120.0766611,
              32.6049421
            ],
            [
              120.0766584,
              32.6049714
            ],
            [
              120.0766397,
              32.6049805
            ],
            [
              120.0766397,
              32.6049918
            ],
            [
              120.0766504,
              32.6049986
            ],
            [
              120.0766477,
              32.605037
            ],
            [
              120.0766343,
              32.6050302
            ],
            [
              120.0766021,
              32.6050347
            ],
            [
              120.076586,
              32.605046
            ],
            [
              120.076586,
              32.605055
            ],
            [
              120.0765994,
              32.6050663
            ],
            [
              120.0766343,
              32.6050709
            ],
            [
              120.0766504,
              32.6050618
            ],
            [
              120.0766504,
              32.6050415
            ],
            [
              120.0766611,
              32.6050483
            ],
            [
              120.0766718,
              32.6051251
            ],
            [
              120.0766799,
              32.6051364
            ],
            [
              120.0766745,
              32.605168
            ],
            [
              120.076696,
              32.6051883
            ],
            [
              120.0766933,
              32.6052268
            ],
            [
              120.0766799,
              32.6052471
            ],
            [
              120.0766799,
              32.6052674
            ],
            [
              120.0767094,
              32.60529
            ],
            [
              120.0767094,
              32.6052968
            ],
            [
              120.0766906,
              32.6053058
            ],
            [
              120.0766906,
              32.6053194
            ],
            [
              120.0767174,
              32.605333
            ],
            [
              120.0767201,
              32.6053465
            ],
            [
              120.0767416,
              32.6053668
            ],
            [
              120.0767389,
              32.605412
            ],
            [
              120.0767255,
              32.6054256
            ],
            [
              120.0767255,
              32.6054369
            ],
            [
              120.0767496,
              32.6054708
            ],
            [
              120.0767469,
              32.6055566
            ],
            [
              120.0767604,
              32.6055747
            ],
            [
              120.0767577,
              32.6056583
            ],
            [
              120.0767684,
              32.6056651
            ],
            [
              120.0767684,
              32.6056832
            ],
            [
              120.0767523,
              32.6057351
            ],
            [
              120.0767684,
              32.6057623
            ],
            [
              120.0767604,
              32.6057871
            ],
            [
              120.0767952,
              32.6058459
            ],
            [
              120.0767872,
              32.6058639
            ],
            [
              120.0767899,
              32.6058911
            ],
            [
              120.0767791,
              32.6059159
            ],
            [
              120.0767899,
              32.6059272
            ],
            [
              120.0767899,
              32.6059521
            ],
            [
              120.0768033,
              32.6059611
            ],
            [
              120.0767925,
              32.6059724
            ],
            [
              120.0767899,
              32.6059995
            ],
            [
              120.0767764,
              32.6060108
            ],
            [
              120.0767764,
              32.6060244
            ],
            [
              120.0768006,
              32.6060447
            ],
            [
              120.0767952,
              32.6060741
            ],
            [
              120.0768059,
              32.6060808
            ],
            [
              120.0768086,
              32.6061238
            ],
            [
              120.0768194,
              32.6061441
            ],
            [
              120.0768059,
              32.6062029
            ],
            [
              120.0768274,
              32.6062255
            ],
            [
              120.076822,
              32.6062639
            ],
            [
              120.0768435,
              32.6062752
            ],
            [
              120.0768757,
              32.6062593
            ],
            [
              120.0768837,
              32.6062661
            ],
            [
              120.0768811,
              32.6062729
            ],
            [
              120.0768676,
              32.6062797
            ],
            [
              120.0768515,
              32.6062729
            ],
            [
              120.0768301,
              32.6062865
            ],
            [
              120.0768059,
              32.6062842
            ],
            [
              120.0767872,
              32.6062932
            ],
            [
              120.0767604,
              32.6062955
            ],
            [
              120.0767389,
              32.6062865
            ],
            [
              120.0767201,
              32.6062571
            ],
            [
              120.076704,
              32.6062526
            ],
            [
              120.0766852,
              32.6062616
            ],
            [
              120.076645,
              32.6062571
            ],
            [
              120.076704,
              32.6062142
            ],
            [
              120.0766987,
              32.6061961
            ],
            [
              120.0766692,
              32.6061803
            ],
            [
              120.0766531,
              32.6061893
            ],
            [
              120.0766531,
              32.6062142
            ],
            [
              120.0766209,
              32.6062277
            ],
            [
              120.0766209,
              32.6062413
            ],
            [
              120.076637,
              32.6062571
            ],
            [
              120.0766155,
              32.6062639
            ],
            [
              120.0765806,
              32.6062503
            ],
            [
              120.0765565,
              32.6062593
            ],
            [
              120.076535,
              32.6062797
            ],
            [
              120.0764948,
              32.6062661
            ],
            [
              120.0764653,
              32.6062819
            ],
            [
              120.0764036,
              32.6062616
            ],
            [
              120.0764036,
              32.6062503
            ],
            [
              120.0763795,
              32.6062413
            ],
            [
              120.0763634,
              32.6062503
            ],
            [
              120.0763634,
              32.6062774
            ],
            [
              120.0763178,
              32.606291
            ],
            [
              120.0762963,
              32.6062797
            ],
            [
              120.0762427,
              32.6062819
            ],
            [
              120.076232,
              32.6062774
            ],
            [
              120.076189,
              32.6063045
            ],
            [
              120.0761381,
              32.6062865
            ],
            [
              120.0761113,
              32.6063068
            ],
            [
              120.0761166,
              32.6063271
            ],
            [
              120.0761327,
              32.6063384
            ],
            [
              120.0761274,
              32.6063452
            ],
            [
              120.0759557,
              32.6063655
            ],
            [
              120.0758833,
              32.6063655
            ],
            [
              120.0758591,
              32.6063746
            ],
            [
              120.0757948,
              32.6063791
            ],
            [
              120.0757787,
              32.6063859
            ],
            [
              120.0757411,
              32.6063859
            ],
            [
              120.075725,
              32.6063791
            ],
            [
              120.0757009,
              32.6063881
            ],
            [
              120.0756767,
              32.6063836
            ],
            [
              120.0756472,
              32.6063994
            ],
            [
              120.0756285,
              32.6064017
            ],
            [
              120.075599,
              32.6063927
            ],
            [
              120.0755641,
              32.6064107
            ],
            [
              120.0755265,
              32.6064107
            ],
            [
              120.0754943,
              32.6064243
            ],
            [
              120.0754675,
              32.6064153
            ],
            [
              120.0754461,
              32.6064288
            ],
            [
              120.0753871,
              32.6064401
            ],
            [
              120.0753495,
              32.6064401
            ],
            [
              120.0753334,
              32.6064469
            ],
            [
              120.0752798,
              32.6064401
            ],
            [
              120.0752261,
              32.6064537
            ],
            [
              120.0751483,
              32.6064604
            ],
            [
              120.0750598,
              32.6064808
            ],
            [
              120.0749981,
              32.6064876
            ],
            [
              120.0749633,
              32.6064989
            ],
            [
              120.0749364,
              32.6064989
            ],
            [
              120.0748399,
              32.6065237
            ],
            [
              120.0747916,
              32.6065237
            ],
            [
              120.0747782,
              32.6065192
            ],
            [
              120.0747648,
              32.6065034
            ],
            [
              120.0747353,
              32.6064943
            ]
          ]
        ]
      }
    },
    {
      "type": "Feature",
      "id": "cn0000385-h07-water-1",
      "properties": {
        "course_id": "cn0000385",
        "hole": 7,
        "feature_type": "water",
        "index": 1
      },
      "geometry": {
        "type": "Polygon",
        "coordinates": [
          [
            [
              120.0719807,
              32.6073981
            ],
            [
              120.0719726,
              32.6074185
            ],
            [
              120.0719485,
              32.607423
            ],
            [
              120.0719243,
              32.6074094
            ],
            [
              120.0718975,
              32.6074117
            ],
            [
              120.071868,
              32.6073868
            ],
            [
              120.0718385,
              32.6073755
            ],
            [
              120.0717929,
              32.6073823
            ],
            [
              120.0717232,
              32.6073733
            ],
            [
              120.0716802,
              32.6073891
            ],
            [
              120.0716749,
              32.6073868
            ],
            [
              120.0716776,
              32.6073597
            ],
            [
              120.0716615,
              32.6073507
            ],
            [
              120.0716427,
              32.6073597
            ],
            [
              120.0716427,
              32.6073846
            ],
            [
              120.0716025,
              32.6073913
            ],
            [
              120.0715595,
              32.607362
            ],
            [
              120.0715247,
              32.6073755
            ],
            [
              120.0714844,
              32.607371
            ],
            [
              120.071463,
              32.6073778
            ],
            [
              120.0714254,
              32.6073574
            ],
            [
              120.0713852,
              32.6073665
            ],
            [
              120.0713503,
              32.6073552
            ],
            [
              120.0713101,
              32.6073733
            ],
            [
              120.0712323,
              32.6073529
            ],
            [
              120.0712001,
              32.6073552
            ],
            [
              120.0711519,
              32.6073439
            ],
            [
              120.0711277,
              32.6073552
            ],
            [
              120.0711063,
              32.6073529
            ],
            [
              120.0710607,
              32.6073687
            ],
            [
              120.0709856,
              32.6073303
            ],
            [
              120.0709051,
              32.6073461
            ],
            [
              120.0708649,
              32.6073326
            ],
            [
              120.0708675,
              32.6072851
            ],
            [
              120.0708514,
              32.6072761
            ],
            [
              120.0708246,
              32.6072761
            ],
            [
              120.0708246,
              32.6072241
            ],
            [
              120.0708514,
              32.6072219
            ],
            [
              120.0708675,
              32.6072128
            ],
            [
              120.0708675,
              32.6071789
            ],
            [
              120.0708514,
              32.6071699
            ],
            [
              120.0708085,
              32.6071699
            ],
            [
              120.0707844,
              32.6071518
            ],
            [
              120.0707603,
              32.6071654
            ],
            [
              120.0707442,
              32.6071631
            ],
            [
              120.0707281,
              32.6071451
            ],
            [
              120.0706959,
              32.6071315
            ],
            [
              120.0706959,
              32.6071134
            ],
            [
              120.0707173,
              32.6071089
            ],
            [
              120.0707361,
              32.6071179
            ],
            [
              120.0707576,
              32.6071179
            ],
            [
              120.0707576,
              32.607127
            ],
            [
              120.0707737,
              32.607136
            ],
            [
              120.0708166,
              32.607136
            ],
            [
              120.0708246,
              32.6071292
            ],
            [
              120.0708246,
              32.6071021
            ],
            [
              120.0708407,
              32.6070976
            ],
            [
              120.0708675,
              32.6070728
            ],
            [
              120.0708675,
              32.6070298
            ],
            [
              120.0708809,
              32.607014
            ],
            [
              120.07094,
              32.607014
            ],
            [
              120.0709587,
              32.607005
            ],
            [
              120.0710043,
              32.6070027
            ],
            [
              120.0710177,
              32.6069914
            ],
            [
              120.0710392,
              32.6069959
            ],
            [
              120.071066,
              32.6069846
            ],
            [
              120.0710794,
              32.6070027
            ],
            [
              120.0711223,
              32.6070095
            ],
            [
              120.071125,
              32.6070321
            ],
            [
              120.0711331,
              32.6070389
            ],
            [
              120.0711679,
              32.6070389
            ],
            [
              120.0711921,
              32.6070524
            ],
            [
              120.0712135,
              32.6070389
            ],
            [
              120.0712162,
              32.6070163
            ],
            [
              120.0712323,
              32.6070072
            ],
            [
              120.0712323,
              32.6069937
            ],
            [
              120.0712457,
              32.6069914
            ],
            [
              120.0712511,
              32.6069937
            ],
            [
              120.0712511,
              32.6070321
            ],
            [
              120.0712699,
              32.6070456
            ],
            [
              120.071286,
              32.6070411
            ],
            [
              120.0713181,
              32.607014
            ],
            [
              120.0713557,
              32.607014
            ],
            [
              120.0713798,
              32.607005
            ],
            [
              120.0713959,
              32.6070095
            ],
            [
              120.0714254,
              32.6069959
            ],
            [
              120.0714254,
              32.6069575
            ],
            [
              120.0714576,
              32.6069553
            ],
            [
              120.0714657,
              32.6069598
            ],
            [
              120.0714603,
              32.6069892
            ],
            [
              120.0714737,
              32.6070027
            ],
            [
              120.0714952,
              32.607005
            ],
            [
              120.0715247,
              32.6069914
            ],
            [
              120.0715569,
              32.6070117
            ],
            [
              120.0715864,
              32.6070117
            ],
            [
              120.0716078,
              32.6070298
            ],
            [
              120.0716078,
              32.6070434
            ],
            [
              120.0716212,
              32.6070637
            ],
            [
              120.0716615,
              32.6070728
            ],
            [
              120.0716883,
              32.6070637
            ],
            [
              120.0717178,
              32.6070682
            ],
            [
              120.0717232,
              32.6070908
            ],
            [
              120.0717393,
              32.6070999
            ],
            [
              120.0717795,
              32.6070886
            ],
            [
              120.071809,
              32.6070637
            ],
            [
              120.0718465,
              32.6070818
            ],
            [
              120.0718412,
              32.6071066
            ],
            [
              120.0718519,
              32.6071134
            ],
            [
              120.0718519,
              32.6071315
            ],
            [
              120.0718385,
              32.6071338
            ],
            [
              120.0718251,
              32.6071202
            ],
            [
              120.071809,
              32.6071202
            ],
            [
              120.0718009,
              32.607127
            ],
            [
              120.071809,
              32.6071677
            ],
            [
              120.0717768,
              32.6071677
            ],
            [
              120.071758,
              32.607188
            ],
            [
              120.0717205,
              32.6071835
            ],
            [
              120.0716776,
              32.6072061
            ],
            [
              120.0716481,
              32.6072038
            ],
            [
              120.0716373,
              32.6072128
            ],
            [
              120.0716373,
              32.60724
            ],
            [
              120.0715944,
              32.6072422
            ],
            [
              120.0715783,
              32.6072513
            ],
            [
              120.0715783,
              32.6072738
            ],
            [
              120.0715944,
              32.6072829
            ],
            [
              120.0715944,
              32.6072964
            ],
            [
              120.0715783,
              32.6073077
            ],
            [
              120.0715783,
              32.6073168
            ],
            [
              120.0716186,
              32.6073326
            ],
            [
              120.0716373,
              32.6073303
            ],
            [
              120.0716507,
              32.6073168
            ],
            [
              120.0716642,
              32.6073168
            ],
            [
              120.0716802,
              32.6073281
            ],
            [
              120.0716802,
              32.6073439
            ],
            [
              120.0716883,
              32.6073507
            ],
            [
              120.0717151,
              32.6073507
            ],
            [
              120.0717312,
              32.6073574
            ],
            [
              120.0717527,
              32.6073574
            ],
            [
              120.0717688,
              32.6073484
            ],
            [
              120.0717688,
              32.607319
            ],
            [
              120.0718036,
              32.6073168
            ],
            [
              120.071809,
              32.607319
            ],
            [
              120.071809,
              32.6073574
            ],
            [
              120.0718385,
              32.607371
            ],
            [
              120.07186,
              32.6073529
            ],
            [
              120.0719377,
              32.6073552
            ],
            [
              120.0719377,
              32.60738
            ],
            [
              120.0719538,
              32.6073891
            ],
            [
              120.0719753,
              32.6073891
            ],
            [
              120.0719807,
              32.6073981
            ]
          ]
        ]
      }
    },
    {
      "type": "Feature",
      "id": "cn0000385-h07-water-2",
      "properties": {
        "course_id": "cn0000385",
        "hole": 7,
        "feature_type": "water",
        "index": 2
      },
      "geometry": {
        "type": "Polygon",
        "coordinates": [
          [
            [
              120.0708166,
              32.6079652
            ],
            [
              120.0708354,
              32.6079313
            ],
            [
              120.0708622,
              32.6079133
            ],
            [
              120.0708756,
              32.6078884
            ],
            [
              120.0708756,
              32.6078749
            ],
            [
              120.0708675,
              32.6078681
            ],
            [
              120.0708354,
              32.6078658
            ],
            [
              120.07083,
              32.6078568
            ],
            [
              120.0708783,
              32.6078545
            ],
            [
              120.0708997,
              32.6078613
            ],
            [
              120.0709292,
              32.6078477
            ],
            [
              120.0709292,
              32.6078319
            ],
            [
              120.0709185,
              32.6078229
            ],
            [
              120.0708246,
              32.6078184
            ],
            [
              120.0708407,
              32.6077958
            ],
            [
              120.0708407,
              32.6077619
            ],
            [
              120.0708541,
              32.6077506
            ],
            [
              120.070889,
              32.6077528
            ],
            [
              120.0709078,
              32.6077438
            ],
            [
              120.0709265,
              32.6077528
            ],
            [
              120.07094,
              32.6077483
            ],
            [
              120.0709641,
              32.6077574
            ],
            [
              120.0709882,
              32.6077461
            ],
            [
              120.0709909,
              32.6077235
            ],
            [
              120.0710124,
              32.6077122
            ],
            [
              120.0710392,
              32.6077167
            ],
            [
              120.071125,
              32.6077077
            ],
            [
              120.0711679,
              32.6077122
            ],
            [
              120.071184,
              32.6077054
            ],
            [
              120.0713101,
              32.6077506
            ],
            [
              120.0713664,
              32.6077438
            ],
            [
              120.0713906,
              32.6077506
            ],
            [
              120.0714308,
              32.6077303
            ],
            [
              120.0714335,
              32.6077077
            ],
            [
              120.0714657,
              32.6076986
            ],
            [
              120.0715032,
              32.6077122
            ],
            [
              120.0715435,
              32.6077122
            ],
            [
              120.0715595,
              32.6077054
            ],
            [
              120.0715864,
              32.6077257
            ],
            [
              120.0716427,
              32.6077212
            ],
            [
              120.0716802,
              32.6077325
            ],
            [
              120.0717634,
              32.6077393
            ],
            [
              120.0717822,
              32.6077483
            ],
            [
              120.0718036,
              32.6077461
            ],
            [
              120.0718197,
              32.6077325
            ],
            [
              120.0718895,
              32.607737
            ],
            [
              120.0719109,
              32.6077483
            ],
            [
              120.0719324,
              32.6077461
            ],
            [
              120.0719485,
              32.6077325
            ],
            [
              120.071978,
              32.6077348
            ],
            [
              120.0720155,
              32.607728
            ],
            [
              120.0720504,
              32.6077348
            ],
            [
              120.0721094,
              32.6077031
            ],
            [
              120.0721309,
              32.6076828
            ],
            [
              120.0721711,
              32.6076738
            ],
            [
              120.0721845,
              32.6076557
            ],
            [
              120.0722086,
              32.6076489
            ],
            [
              120.0722221,
              32.6076376
            ],
            [
              120.0722301,
              32.6076195
            ],
            [
              120.0722489,
              32.6076082
            ],
            [
              120.0722677,
              32.607606
            ],
            [
              120.0722784,
              32.6075969
            ],
            [
              120.0722811,
              32.6075811
            ],
            [
              120.0723159,
              32.6075653
            ],
            [
              120.0723588,
              32.6075337
            ],
            [
              120.0723937,
              32.6075201
            ],
            [
              120.0724071,
              32.6075043
            ],
            [
              120.0724286,
              32.6074953
            ],
            [
              120.0724715,
              32.607493
            ],
            [
              120.0725815,
              32.6074478
            ],
            [
              120.072619,
              32.6074478
            ],
            [
              120.0726593,
              32.6074049
            ],
            [
              120.0726888,
              32.6073959
            ],
            [
              120.0727102,
              32.60738
            ],
            [
              120.0727236,
              32.6073507
            ],
            [
              120.0727504,
              32.6073439
            ],
            [
              120.0727639,
              32.6073281
            ],
            [
              120.072788,
              32.6073213
            ],
            [
              120.0728095,
              32.6072964
            ],
            [
              120.0728336,
              32.6072897
            ],
            [
              120.0728604,
              32.6072513
            ],
            [
              120.0729194,
              32.6072241
            ],
            [
              120.0729382,
              32.6072219
            ],
            [
              120.0729623,
              32.6072038
            ],
            [
              120.0729918,
              32.607197
            ],
            [
              120.073024,
              32.6071722
            ],
            [
              120.0730401,
              32.6071699
            ],
            [
              120.0730696,
              32.6071451
            ],
            [
              120.0730723,
              32.6071315
            ],
            [
              120.0731662,
              32.6071405
            ],
            [
              120.0732118,
              32.6071179
            ],
            [
              120.0732306,
              32.6071202
            ],
            [
              120.0732762,
              32.6071044
            ],
            [
              120.0733137,
              32.6070818
            ],
            [
              120.0733593,
              32.6070863
            ],
            [
              120.0733915,
              32.607066
            ],
            [
              120.0734344,
              32.6070615
            ],
            [
              120.0735015,
              32.6070366
            ],
            [
              120.0735632,
              32.6070343
            ],
            [
              120.0735846,
              32.6070411
            ],
            [
              120.0736383,
              32.6070253
            ],
            [
              120.0736678,
              32.6070343
            ],
            [
              120.0737375,
              32.6070253
            ],
            [
              120.0738126,
              32.6070276
            ],
            [
              120.0738421,
              32.6070208
            ],
            [
              120.0738609,
              32.6069982
            ],
            [
              120.0740111,
              32.6070117
            ],
            [
              120.0740379,
              32.6070005
            ],
            [
              120.0740889,
              32.6069959
            ],
            [
              120.0741264,
              32.6069779
            ],
            [
              120.0741425,
              32.6069756
            ],
            [
              120.0741667,
              32.6069846
            ],
            [
              120.0742123,
              32.6069756
            ],
            [
              120.0742283,
              32.6069666
            ],
            [
              120.0742498,
              32.6069666
            ],
            [
              120.0743008,
              32.6069394
            ],
            [
              120.0743759,
              32.6069394
            ],
            [
              120.0744054,
              32.6069304
            ],
            [
              120.0744644,
              32.6069304
            ],
            [
              120.0744832,
              32.6069214
            ],
            [
              120.0745073,
              32.6069214
            ],
            [
              120.0745234,
              32.6069146
            ],
            [
              120.0745314,
              32.6068988
            ],
            [
              120.0745502,
              32.6068875
            ],
            [
              120.0745878,
              32.606901
            ],
            [
              120.0746414,
              32.6068875
            ],
            [
              120.0747487,
              32.6068965
            ],
            [
              120.0747702,
              32.6068875
            ],
            [
              120.0747836,
              32.606901
            ],
            [
              120.0747836,
              32.6069146
            ],
            [
              120.074797,
              32.6069236
            ],
            [
              120.0748023,
              32.6069485
            ],
            [
              120.0748265,
              32.6069756
            ],
            [
              120.0748453,
              32.6069846
            ],
            [
              120.0749284,
              32.6069982
            ],
            [
              120.0749579,
              32.6070117
            ],
            [
              120.0749713,
              32.6070298
            ],
            [
              120.0749606,
              32.6070841
            ],
            [
              120.074974,
              32.6071112
            ],
            [
              120.0750062,
              32.6071247
            ],
            [
              120.0750062,
              32.607136
            ],
            [
              120.075025,
              32.6071496
            ],
            [
              120.0750437,
              32.6071496
            ],
            [
              120.0750706,
              32.6071631
            ],
            [
              120.0751108,
              32.6071631
            ],
            [
              120.0751215,
              32.6071722
            ],
            [
              120.0751215,
              32.607197
            ],
            [
              120.0750732,
              32.6072061
            ],
            [
              120.0750518,
              32.6071902
            ],
            [
              120.0750062,
              32.6071812
            ],
            [
              120.0749874,
              32.6071835
            ],
            [
              120.0749686,
              32.6071722
            ],
            [
              120.0749338,
              32.6071654
            ],
            [
              120.0749123,
              32.6071473
            ],
            [
              120.0748774,
              32.6071428
            ],
            [
              120.0748667,
              32.6071338
            ],
            [
              120.0748587,
              32.6071089
            ],
            [
              120.0748399,
              32.6070976
            ],
            [
              120.074797,
              32.6070976
            ],
            [
              120.0747809,
              32.6071044
            ],
            [
              120.0747594,
              32.6070976
            ],
            [
              120.0747353,
              32.6070999
            ],
            [
              120.0747111,
              32.6070773
            ],
            [
              120.0746709,
              32.607066
            ],
            [
              120.0746173,
              32.6070818
            ],
            [
              120.0745556,
              32.607075
            ],
            [
              120.0745153,
              32.6070569
            ],
            [
              120.0744832,
              32.6070615
            ],
            [
              120.074459,
              32.6070773
            ],
            [
              120.0744322,
              32.6070592
            ],
            [
              120.074392,
              32.6070728
            ],
            [
              120.0743759,
              32.607066
            ],
            [
              120.0743464,
              32.6070705
            ],
            [
              120.0743356,
              32.6070818
            ],
            [
              120.0743142,
              32.6070863
            ],
            [
              120.0743008,
              32.6070976
            ],
            [
              120.0743008,
              32.6071089
            ],
            [
              120.07429,
              32.6071134
            ],
            [
              120.0742015,
              32.6071202
            ],
            [
              120.0741586,
              32.607136
            ],
            [
              120.0741237,
              32.6071631
            ],
            [
              120.0740969,
              32.6071564
            ],
            [
              120.0740486,
              32.6071631
            ],
            [
              120.0740004,
              32.6071993
            ],
            [
              120.0739735,
              32.6072106
            ],
            [
              120.0739413,
              32.6072106
            ],
            [
              120.073877,
              32.6072332
            ],
            [
              120.0738502,
              32.6072196
            ],
            [
              120.0738287,
              32.6072174
            ],
            [
              120.0738046,
              32.6072309
            ],
            [
              120.0736651,
              32.6072377
            ],
            [
              120.0736436,
              32.6072332
            ],
            [
              120.0735202,
              32.6072445
            ],
            [
              120.0735068,
              32.6072309
            ],
            [
              120.0734881,
              32.6072287
            ],
            [
              120.0733995,
              32.607258
            ],
            [
              120.0733647,
              32.6072603
            ],
            [
              120.0733057,
              32.6072897
            ],
            [
              120.0732815,
              32.6073168
            ],
            [
              120.0732493,
              32.6073326
            ],
            [
              120.0732198,
              32.6073371
            ],
            [
              120.0731903,
              32.6073552
            ],
            [
              120.0731421,
              32.607362
            ],
            [
              120.0731152,
              32.6073868
            ],
            [
              120.0731125,
              32.6074049
            ],
            [
              120.0730965,
              32.6074185
            ],
            [
              120.0730938,
              32.6074388
            ],
            [
              120.0730804,
              32.6074478
            ],
            [
              120.0730777,
              32.6074614
            ],
            [
              120.0730509,
              32.6074727
            ],
            [
              120.0730482,
              32.6074908
            ],
            [
              120.0730267,
              32.6074975
            ],
            [
              120.0729758,
              32.6075495
            ],
            [
              120.0729758,
              32.6075879
            ],
            [
              120.0729623,
              32.6076015
            ],
            [
              120.0729463,
              32.607606
            ],
            [
              120.0729141,
              32.6076376
            ],
            [
              120.0729194,
              32.607667
            ],
            [
              120.0728899,
              32.6076738
            ],
            [
              120.0728497,
              32.6077031
            ],
            [
              120.0728524,
              32.6077212
            ],
            [
              120.0728363,
              32.607737
            ],
            [
              120.072839,
              32.6077664
            ],
            [
              120.0728068,
              32.6077641
            ],
            [
              120.0727853,
              32.6077732
            ],
            [
              120.0727665,
              32.6077913
            ],
            [
              120.0727585,
              32.6078297
            ],
            [
              120.0727209,
              32.6078658
            ],
            [
              120.0726834,
              32.6078703
            ],
            [
              120.0726619,
              32.6078929
            ],
            [
              120.0726324,
              32.6079042
            ],
            [
              120.0726083,
              32.607902
            ],
            [
              120.0725842,
              32.6079133
            ],
            [
              120.0725761,
              32.607911
            ],
            [
              120.0725734,
              32.6078907
            ],
            [
              120.0725654,
              32.6078839
            ],
            [
              120.0725439,
              32.6078816
            ],
            [
              120.0725359,
              32.6078884
            ],
            [
              120.0725359,
              32.6079087
            ],
            [
              120.0725493,
              32.6079246
            ],
            [
              120.0725198,
              32.6079246
            ],
            [
              120.072493,
              32.6079336
            ],
            [
              120.0724688,
              32.6079517
            ],
            [
              120.0724393,
              32.6079562
            ],
            [
              120.0724125,
              32.6079404
            ],
            [
              120.0723884,
              32.6079426
            ],
            [
              120.0723481,
              32.6079178
            ],
            [
              120.0723186,
              32.607911
            ],
            [
              120.0722918,
              32.6079178
            ],
            [
              120.072265,
              32.6079155
            ],
            [
              120.0722221,
              32.6079268
            ],
            [
              120.0721309,
              32.6079042
            ],
            [
              120.0721014,
              32.6078771
            ],
            [
              120.0720745,
              32.6078658
            ],
            [
              120.0720021,
              32.6078726
            ],
            [
              120.0719565,
              32.6078545
            ],
            [
              120.0719324,
              32.6078545
            ],
            [
              120.0718948,
              32.6078364
            ],
            [
              120.07186,
              32.6078387
            ],
            [
              120.0718305,
              32.6078251
            ],
            [
              120.0717902,
              32.6078297
            ],
            [
              120.071758,
              32.6078184
            ],
            [
              120.0717339,
              32.6078229
            ],
            [
              120.0717151,
              32.6078139
            ],
            [
              120.071691,
              32.6078161
            ],
            [
              120.0716561,
              32.6078319
            ],
            [
              120.0716239,
              32.6078093
            ],
            [
              120.071581,
              32.6078319
            ],
            [
              120.071573,
              32.607859
            ],
            [
              120.0715461,
              32.6078749
            ],
            [
              120.0715247,
              32.6078749
            ],
            [
              120.0715086,
              32.6078839
            ],
            [
              120.0715059,
              32.6079268
            ],
            [
              120.0714818,
              32.6079426
            ],
            [
              120.071471,
              32.6079585
            ],
            [
              120.0714335,
              32.6079675
            ],
            [
              120.0713852,
              32.6080082
            ],
            [
              120.0713691,
              32.6080353
            ],
            [
              120.0713342,
              32.6080488
            ],
            [
              120.071286,
              32.6080511
            ],
            [
              120.0712484,
              32.6080759
            ],
            [
              120.0712216,
              32.6080669
            ],
            [
              120.0711733,
              32.6080714
            ],
            [
              120.0711867,
              32.6080285
            ],
            [
              120.0712001,
              32.6080195
            ],
            [
              120.0712001,
              32.6080036
            ],
            [
              120.0711519,
              32.6079765
            ],
            [
              120.0711009,
              32.6079811
            ],
            [
              120.0710875,
              32.6079652
            ],
            [
              120.0710714,
              32.6079585
            ],
            [
              120.0710043,
              32.6079539
            ],
            [
              120.0709587,
              32.607963
            ],
            [
              120.0709507,
              32.6079698
            ],
            [
              120.0709507,
              32.6080059
            ],
            [
              120.0709453,
              32.6080082
            ],
            [
              120.0709051,
              32.6079923
            ],
            [
              120.070897,
              32.6079833
            ],
            [
              120.0708675,
              32.6079833
            ],
            [
              120.0708166,
              32.6079652
            ]
          ]
        ]
      }
    },
    {
      "type": "Feature",
      "id": "cn0000385-h07-centerline-0",
      "properties": {
        "course_id": "cn0000385",
        "hole": 7,
        "feature_type": "centerline",
        "index": 0
      },
      "geometry": {
        "type": "LineString",
        "coordinates": [
          [
            120.0759484,
            32.6067116
          ],
          [
            120.0758412,
            32.6067253
          ],
          [
            120.0755944,
            32.6068701
          ],
          [
            120.0754228,
            32.6068793
          ],
          [
            120.0748865,
            32.6073587
          ],
          [
            120.0744682,
            32.607341
          ],
          [
            120.0741143,
            32.6073866
          ],
          [
            120.0740178,
            32.607459
          ],
          [
            120.0737926,
            32.6075405
          ],
          [
            120.0735673,
            32.6075318
          ],
          [
            120.0734708,
            32.6076132
          ],
          [
            120.0733743,
            32.6076314
          ],
          [
            120.0730418,
            32.6078305
          ],
          [
            120.0727415,
            32.6079573
          ],
          [
            120.0724949,
            32.6080118
          ],
          [
            120.0724091,
            32.6080661
          ],
          [
            120.0722053,
            32.6080844
          ],
          [
            120.0721624,
            32.6081206
          ],
          [
            120.0718783,
            32.608139
          ]
        ]
      }
    },
    {
      "type": "Feature",
      "id": "cn0000385-h07-cart_path-0",
      "properties": {
        "course_id": "cn0000385",
        "hole": 7,
        "feature_type": "cart_path",
        "index": 0
      },
      "geometry": {
        "type": "LineString",
        "coordinates": [
          [
            120.0721711,
            32.6084171
          ],
          [
            120.0722623,
            32.608381
          ],
          [
            120.0723642,
            32.6083765
          ],
          [
            120.0725251,
            32.6084216
          ]
        ]
      }
    },
    {
      "type": "Feature",
      "id": "cn0000385-h07-cart_path-1",
      "properties": {
        "course_id": "cn0000385",
        "hole": 7,
        "feature_type": "cart_path",
        "index": 1
      },
      "geometry": {
        "type": "LineString",
        "coordinates": [
          [
            120.0727397,
            32.6084713
          ],
          [
            120.0729167,
            32.6084352
          ],
          [
            120.0730455,
            32.6083765
          ],
          [
            120.0731984,
            32.6083742
          ],
          [
            120.0733083,
            32.6083403
          ]
        ]
      }
    },
    {
      "type": "Feature",
      "id": "cn0000385-h07-cart_path-2",
      "properties": {
        "course_id": "cn0000385",
        "hole": 7,
        "feature_type": "cart_path",
        "index": 2
      },
      "geometry": {
        "type": "LineString",
        "coordinates": [
          [
            120.0705725,
            32.6082047
          ],
          [
            120.0706476,
            32.6081957
          ],
          [
            120.0712216,
            32.6082861
          ],
          [
            120.0713557,
            32.6083471
          ],
          [
            120.0714952,
            32.6083719
          ],
          [
            120.0715703,
            32.6084171
          ]
        ]
      }
    },
    {
      "type": "Feature",
      "id": "cn0000385-h07-tree-0",
      "properties": {
        "course_id": "cn0000385",
        "hole": 7,
        "feature_type": "tree",
        "index": 0
      },
      "geometry": {
        "type": "Point",
        "coordinates": [
          120.0759384,
          32.6065023
        ]
      }
    },
    {
      "type": "Feature",
      "id": "cn0000385-h07-tree-1",
      "properties": {
        "course_id": "cn0000385",
        "hole": 7,
        "feature_type": "tree",
        "index": 1
      },
      "geometry": {
        "type": "Point",
        "coordinates": [
          120.0752142,
          32.6065934
        ]
      }
    },
    {
      "type": "Feature",
      "id": "cn0000385-h07-tree-2",
      "properties": {
        "course_id": "cn0000385",
        "hole": 7,
        "feature_type": "tree",
        "index": 2
      },
      "geometry": {
        "type": "Point",
        "coordinates": [
          120.0747959,
          32.60682
        ]
      }
    },
    {
      "type": "Feature",
      "id": "cn0000385-h07-tree-3",
      "properties": {
        "course_id": "cn0000385",
        "hole": 7,
        "feature_type": "tree",
        "index": 3
      },
      "geometry": {
        "type": "Point",
        "coordinates": [
          120.0758789,
          32.6068513
        ]
      }
    },
    {
      "type": "Feature",
      "id": "cn0000385-h07-tree-4",
      "properties": {
        "course_id": "cn0000385",
        "hole": 7,
        "feature_type": "tree",
        "index": 4
      },
      "geometry": {
        "type": "Point",
        "coordinates": [
          120.0756621,
          32.6069802
        ]
      }
    },
    {
      "type": "Feature",
      "id": "cn0000385-h07-tree-5",
      "properties": {
        "course_id": "cn0000385",
        "hole": 7,
        "feature_type": "tree",
        "index": 5
      },
      "geometry": {
        "type": "Point",
        "coordinates": [
          120.0755499,
          32.6071901
        ]
      }
    },
    {
      "type": "Feature",
      "id": "cn0000385-h07-tree-6",
      "properties": {
        "course_id": "cn0000385",
        "hole": 7,
        "feature_type": "tree",
        "index": 6
      },
      "geometry": {
        "type": "Point",
        "coordinates": [
          120.0726664,
          32.6073298
        ]
      }
    },
    {
      "type": "Feature",
      "id": "cn0000385-h07-tree-7",
      "properties": {
        "course_id": "cn0000385",
        "hole": 7,
        "feature_type": "tree",
        "index": 7
      },
      "geometry": {
        "type": "Point",
        "coordinates": [
          120.0749097,
          32.6076339
        ]
      }
    },
    {
      "type": "Feature",
      "id": "cn0000385-h07-tree-8",
      "properties": {
        "course_id": "cn0000385",
        "hole": 7,
        "feature_type": "tree",
        "index": 8
      },
      "geometry": {
        "type": "Point",
        "coordinates": [
          120.0721124,
          32.6076079
        ]
      }
    },
    {
      "type": "Feature",
      "id": "cn0000385-h07-tree-9",
      "properties": {
        "course_id": "cn0000385",
        "hole": 7,
        "feature_type": "tree",
        "index": 9
      },
      "geometry": {
        "type": "Point",
        "coordinates": [
          120.0714719,
          32.607645
        ]
      }
    },
    {
      "type": "Feature",
      "id": "cn0000385-h07-tree-10",
      "properties": {
        "course_id": "cn0000385",
        "hole": 7,
        "feature_type": "tree",
        "index": 10
      },
      "geometry": {
        "type": "Point",
        "coordinates": [
          120.0717452,
          32.6076529
        ]
      }
    },
    {
      "type": "Feature",
      "id": "cn0000385-h07-tree-11",
      "properties": {
        "course_id": "cn0000385",
        "hole": 7,
        "feature_type": "tree",
        "index": 11
      },
      "geometry": {
        "type": "Point",
        "coordinates": [
          120.0730598,
          32.6075723
        ]
      }
    },
    {
      "type": "Feature",
      "id": "cn0000385-h07-tree-12",
      "properties": {
        "course_id": "cn0000385",
        "hole": 7,
        "feature_type": "tree",
        "index": 12
      },
      "geometry": {
        "type": "Point",
        "coordinates": [
          120.0723372,
          32.6079732
        ]
      }
    },
    {
      "type": "Feature",
      "id": "cn0000385-h07-tree-13",
      "properties": {
        "course_id": "cn0000385",
        "hole": 7,
        "feature_type": "tree",
        "index": 13
      },
      "geometry": {
        "type": "Point",
        "coordinates": [
          120.0735873,
          32.608268
        ]
      }
    },
    {
      "type": "Feature",
      "id": "cn0000385-h07-tee-black",
      "properties": {
        "course_id": "cn0000385",
        "hole": 7,
        "feature_type": "tee",
        "color": "black",
        "distance_m": 422
      },
      "geometry": {
        "type": "Point",
        "coordinates": [
          120.0759484,
          32.6067116
        ]
      }
    },
    {
      "type": "Feature",
      "id": "cn0000385-h07-tee-blue",
      "properties": {
        "course_id": "cn0000385",
        "hole": 7,
        "feature_type": "tee",
        "color": "blue",
        "distance_m": 405
      },
      "geometry": {
        "type": "Point",
        "coordinates": [
          120.0757607,
          32.6068112
        ]
      }
    },
    {
      "type": "Feature",
      "id": "cn0000385-h07-tee-white",
      "properties": {
        "course_id": "cn0000385",
        "hole": 7,
        "feature_type": "tee",
        "color": "white",
        "distance_m": 316
      },
      "geometry": {
        "type": "Point",
        "coordinates": [
          120.0753799,
          32.6069651
        ]
      }
    },
    {
      "type": "Feature",
      "id": "cn0000385-h07-tee-red",
      "properties": {
        "course_id": "cn0000385",
        "hole": 7,
        "feature_type": "tee",
        "color": "red",
        "distance_m": 290
      },
      "geometry": {
        "type": "Point",
        "coordinates": [
          120.0750796,
          32.6073991
        ]
      }
    },
    {
      "type": "Feature",
      "id": "cn0000385-h07-flag-daily_pin",
      "properties": {
        "course_id": "cn0000385",
        "hole": 7,
        "feature_type": "flag",
        "role": "daily_pin"
      },
      "geometry": {
        "type": "Point",
        "coordinates": [
          120.0718783,
          32.608139
        ]
      }
    },
    {
      "type": "Feature",
      "id": "cn0000385-h07-green_target-front",
      "properties": {
        "course_id": "cn0000385",
        "hole": 7,
        "feature_type": "green_target",
        "role": "front"
      },
      "geometry": {
        "type": "Point",
        "coordinates": [
          120.0720458,
          32.6080802
        ]
      }
    },
    {
      "type": "Feature",
      "id": "cn0000385-h07-green_target-middle",
      "properties": {
        "course_id": "cn0000385",
        "hole": 7,
        "feature_type": "green_target",
        "role": "middle"
      },
      "geometry": {
        "type": "Point",
        "coordinates": [
          120.0718725241379,
          32.60814102758621
        ]
      }
    },
    {
      "type": "Feature",
      "id": "cn0000385-h07-green_target-back",
      "properties": {
        "course_id": "cn0000385",
        "hole": 7,
        "feature_type": "green_target",
        "role": "back"
      },
      "geometry": {
        "type": "Point",
        "coordinates": [
          120.0717108,
          32.6081978
        ]
      }
    },
    {
      "type": "Feature",
      "id": "cn0000385-h08-hole_perimeter-0",
      "properties": {
        "course_id": "cn0000385",
        "hole": 8,
        "feature_type": "hole_perimeter",
        "index": 0
      },
      "geometry": {
        "type": "Polygon",
        "coordinates": [
          [
            [
              120.0714019,
              32.6138911
            ],
            [
              120.0713623,
              32.6138041
            ],
            [
              120.0713592,
              32.6137128
            ],
            [
              120.0713943,
              32.6136298
            ],
            [
              120.0714854,
              32.6135652
            ],
            [
              120.0714707,
              32.6134511
            ],
            [
              120.0715132,
              32.6133688
            ],
            [
              120.0715132,
              32.6133189
            ],
            [
              120.0714126,
              32.613174
            ],
            [
              120.0713783,
              32.6129252
            ],
            [
              120.0713035,
              32.6128145
            ],
            [
              120.0714116,
              32.6134547
            ],
            [
              120.0709134,
              32.6133118
            ],
            [
              120.0709049,
              32.6132874
            ],
            [
              120.070932,
              32.613272
            ],
            [
              120.0708932,
              32.6132459
            ],
            [
              120.0708675,
              32.6130645
            ],
            [
              120.0706746,
              32.612779
            ],
            [
              120.0705466,
              32.6103894
            ],
            [
              120.0704846,
              32.6101995
            ],
            [
              120.0703809,
              32.6100497
            ],
            [
              120.0703662,
              32.6099979
            ],
            [
              120.0703842,
              32.6097452
            ],
            [
              120.0703628,
              32.6093183
            ],
            [
              120.0703235,
              32.6092234
            ],
            [
              120.0703646,
              32.6091389
            ],
            [
              120.07046,
              32.6090954
            ],
            [
              120.0705378,
              32.6091016
            ],
            [
              120.0705979,
              32.6091332
            ],
            [
              120.0706875,
              32.6090715
            ],
            [
              120.0712307,
              32.6097744
            ],
            [
              120.071225,
              32.6098513
            ],
            [
              120.071247,
              32.6098861
            ],
            [
              120.0708786,
              32.6099803
            ],
            [
              120.0710606,
              32.6105104
            ],
            [
              120.0710316,
              32.6107968
            ],
            [
              120.0710783,
              32.6112136
            ],
            [
              120.071132,
              32.6112831
            ],
            [
              120.071273,
              32.6119556
            ],
            [
              120.0714023,
              32.6122936
            ],
            [
              120.0713924,
              32.6123977
            ],
            [
              120.0716819,
              32.6128277
            ],
            [
              120.0717228,
              32.6130898
            ],
            [
              120.0718178,
              32.6132188
            ],
            [
              120.0718349,
              32.6132796
            ],
            [
              120.0718341,
              32.6134375
            ],
            [
              120.0718008,
              32.6135074
            ],
            [
              120.0718112,
              32.6136184
            ],
            [
              120.0717376,
              32.6137358
            ],
            [
              120.0717422,
              32.6138318
            ],
            [
              120.0717044,
              32.6139281
            ],
            [
              120.0716354,
              32.6139806
            ],
            [
              120.0715435,
              32.6139923
            ],
            [
              120.0714594,
              32.6139592
            ],
            [
              120.0714019,
              32.6138911
            ]
          ]
        ]
      }
    },
    {
      "type": "Feature",
      "id": "cn0000385-h08-rough-0",
      "properties": {
        "course_id": "cn0000385",
        "hole": 8,
        "feature_type": "rough",
        "index": 0
      },
      "geometry": {
        "type": "Polygon",
        "coordinates": [
          [
            [
              120.0714019,
              32.6138911
            ],
            [
              120.0713623,
              32.6138041
            ],
            [
              120.0713592,
              32.6137128
            ],
            [
              120.0713943,
              32.6136298
            ],
            [
              120.0714854,
              32.6135652
            ],
            [
              120.0714707,
              32.6134511
            ],
            [
              120.0715132,
              32.6133688
            ],
            [
              120.0715132,
              32.6133189
            ],
            [
              120.0714126,
              32.613174
            ],
            [
              120.0713783,
              32.6129252
            ],
            [
              120.0713035,
              32.6128145
            ],
            [
              120.0714116,
              32.6134547
            ],
            [
              120.0709134,
              32.6133118
            ],
            [
              120.0709049,
              32.6132874
            ],
            [
              120.070932,
              32.613272
            ],
            [
              120.0708932,
              32.6132459
            ],
            [
              120.0708675,
              32.6130645
            ],
            [
              120.0706746,
              32.612779
            ],
            [
              120.0705466,
              32.6103894
            ],
            [
              120.0704846,
              32.6101995
            ],
            [
              120.0703809,
              32.6100497
            ],
            [
              120.0703662,
              32.6099979
            ],
            [
              120.0703842,
              32.6097452
            ],
            [
              120.0703628,
              32.6093183
            ],
            [
              120.0703235,
              32.6092234
            ],
            [
              120.0703646,
              32.6091389
            ],
            [
              120.07046,
              32.6090954
            ],
            [
              120.0705378,
              32.6091016
            ],
            [
              120.0705979,
              32.6091332
            ],
            [
              120.0706875,
              32.6090715
            ],
            [
              120.0712307,
              32.6097744
            ],
            [
              120.071225,
              32.6098513
            ],
            [
              120.071247,
              32.6098861
            ],
            [
              120.0708786,
              32.6099803
            ],
            [
              120.0710606,
              32.6105104
            ],
            [
              120.0710316,
              32.6107968
            ],
            [
              120.0710783,
              32.6112136
            ],
            [
              120.071132,
              32.6112831
            ],
            [
              120.071273,
              32.6119556
            ],
            [
              120.0714023,
              32.6122936
            ],
            [
              120.0713924,
              32.6123977
            ],
            [
              120.0716819,
              32.6128277
            ],
            [
              120.0717228,
              32.6130898
            ],
            [
              120.0718178,
              32.6132188
            ],
            [
              120.0718349,
              32.6132796
            ],
            [
              120.0718341,
              32.6134375
            ],
            [
              120.0718008,
              32.6135074
            ],
            [
              120.0718112,
              32.6136184
            ],
            [
              120.0717376,
              32.6137358
            ],
            [
              120.0717422,
              32.6138318
            ],
            [
              120.0717044,
              32.6139281
            ],
            [
              120.0716354,
              32.6139806
            ],
            [
              120.0715435,
              32.6139923
            ],
            [
              120.0714594,
              32.6139592
            ],
            [
              120.0714019,
              32.6138911
            ]
          ]
        ]
      }
    },
    {
      "type": "Feature",
      "id": "cn0000385-h08-tee_box-0",
      "properties": {
        "course_id": "cn0000385",
        "hole": 8,
        "feature_type": "tee_box",
        "index": 0
      },
      "geometry": {
        "type": "Polygon",
        "coordinates": [
          [
            [
              120.0709949,
              32.6104039
            ],
            [
              120.0709913,
              32.6104562
            ],
            [
              120.0709486,
              32.6104944
            ],
            [
              120.0708869,
              32.6105007
            ],
            [
              120.0708347,
              32.6104722
            ],
            [
              120.0704089,
              32.6097248
            ],
            [
              120.0703933,
              32.6092234
            ],
            [
              120.0704129,
              32.6091815
            ],
            [
              120.0704569,
              32.6091561
            ],
            [
              120.070527,
              32.6091615
            ],
            [
              120.0705685,
              32.6092002
            ],
            [
              120.0709949,
              32.6104039
            ]
          ]
        ]
      }
    },
    {
      "type": "Feature",
      "id": "cn0000385-h08-fairway-0",
      "properties": {
        "course_id": "cn0000385",
        "hole": 8,
        "feature_type": "fairway",
        "index": 0
      },
      "geometry": {
        "type": "Polygon",
        "coordinates": [
          [
            [
              120.0709795,
              32.6104855
            ],
            [
              120.0709987,
              32.610535
            ],
            [
              120.0709701,
              32.6107716
            ],
            [
              120.0710317,
              32.6110916
            ],
            [
              120.0710659,
              32.6111031
            ],
            [
              120.0710783,
              32.6112136
            ],
            [
              120.071132,
              32.6112831
            ],
            [
              120.071273,
              32.6119556
            ],
            [
              120.0714023,
              32.6122936
            ],
            [
              120.0713924,
              32.6123977
            ],
            [
              120.0716819,
              32.6128277
            ],
            [
              120.0717228,
              32.6130898
            ],
            [
              120.0718178,
              32.6132188
            ],
            [
              120.0718349,
              32.6132796
            ],
            [
              120.0718341,
              32.6134375
            ],
            [
              120.0718008,
              32.6135074
            ],
            [
              120.0718112,
              32.6136184
            ],
            [
              120.0717757,
              32.613675
            ],
            [
              120.0717185,
              32.6136601
            ],
            [
              120.0716724,
              32.6137211
            ],
            [
              120.0716574,
              32.6138858
            ],
            [
              120.0716241,
              32.6139235
            ],
            [
              120.071581,
              32.6139385
            ],
            [
              120.0715258,
              32.6139318
            ],
            [
              120.0714843,
              32.6139005
            ],
            [
              120.0714562,
              32.6137563
            ],
            [
              120.0713608,
              32.6137588
            ],
            [
              120.0713592,
              32.6137128
            ],
            [
              120.0713943,
              32.6136298
            ],
            [
              120.0714854,
              32.6135652
            ],
            [
              120.0714707,
              32.6134511
            ],
            [
              120.0715132,
              32.6133688
            ],
            [
              120.0715132,
              32.6133189
            ],
            [
              120.0714126,
              32.613174
            ],
            [
              120.0713783,
              32.6129252
            ],
            [
              120.0713035,
              32.6128145
            ],
            [
              120.0714116,
              32.6134547
            ],
            [
              120.0711684,
              32.6133849
            ],
            [
              120.0711756,
              32.6133586
            ],
            [
              120.0711041,
              32.6132138
            ],
            [
              120.071076,
              32.6130076
            ],
            [
              120.0709115,
              32.6127641
            ],
            [
              120.0706238,
              32.6118307
            ],
            [
              120.070538,
              32.610169
            ],
            [
              120.0704313,
              32.6100039
            ],
            [
              120.0704625,
              32.6095592
            ],
            [
              120.0704548,
              32.6094563
            ],
            [
              120.0704299,
              32.60945
            ],
            [
              120.0704053,
              32.6094114
            ],
            [
              120.0704499,
              32.6093891
            ],
            [
              120.0704449,
              32.6093217
            ],
            [
              120.0703646,
              32.6093532
            ],
            [
              120.0703591,
              32.6093093
            ],
            [
              120.0704338,
              32.6093006
            ],
            [
              120.070397,
              32.6092645
            ],
            [
              120.0703886,
              32.6092178
            ],
            [
              120.0704124,
              32.6091751
            ],
            [
              120.0704513,
              32.609153
            ],
            [
              120.070498,
              32.6091489
            ],
            [
              120.0705487,
              32.6091688
            ],
            [
              120.0705628,
              32.6091556
            ],
            [
              120.0710281,
              32.6096101
            ],
            [
              120.0710069,
              32.6098955
            ],
            [
              120.0710368,
              32.6099384
            ],
            [
              120.0708199,
              32.6099919
            ],
            [
              120.0709008,
              32.6104118
            ],
            [
              120.0709795,
              32.6104855
            ]
          ]
        ]
      }
    },
    {
      "type": "Feature",
      "id": "cn0000385-h08-green_fringe-0",
      "properties": {
        "course_id": "cn0000385",
        "hole": 8,
        "feature_type": "green_fringe",
        "index": 0
      },
      "geometry": {
        "type": "Polygon",
        "coordinates": [
          [
            [
              120.0715944,
              32.6139586
            ],
            [
              120.0716294,
              32.6139479
            ],
            [
              120.0716605,
              32.6139283
            ],
            [
              120.071686,
              32.6139009
            ],
            [
              120.0717047,
              32.6138671
            ],
            [
              120.0717157,
              32.6138285
            ],
            [
              120.0717185,
              32.6137871
            ],
            [
              120.0717128,
              32.6137449
            ],
            [
              120.071699,
              32.6137041
            ],
            [
              120.0716778,
              32.6136668
            ],
            [
              120.0716502,
              32.6136347
            ],
            [
              120.0716176,
              32.6136096
            ],
            [
              120.0715816,
              32.6135926
            ],
            [
              120.0715441,
              32.6135846
            ],
            [
              120.071507,
              32.613586
            ],
            [
              120.071472,
              32.6135967
            ],
            [
              120.0714409,
              32.6136163
            ],
            [
              120.0714154,
              32.6136437
            ],
            [
              120.0713967,
              32.6136775
            ],
            [
              120.0713857,
              32.6137161
            ],
            [
              120.0713829,
              32.6137575
            ],
            [
              120.0713886,
              32.6137997
            ],
            [
              120.0714024,
              32.6138405
            ],
            [
              120.0714236,
              32.6138778
            ],
            [
              120.0714512,
              32.6139099
            ],
            [
              120.0714838,
              32.613935
            ],
            [
              120.0715198,
              32.613952
            ],
            [
              120.0715573,
              32.61396
            ],
            [
              120.0715944,
              32.6139586
            ]
          ]
        ]
      }
    },
    {
      "type": "Feature",
      "id": "cn0000385-h08-green-0",
      "properties": {
        "course_id": "cn0000385",
        "hole": 8,
        "feature_type": "green",
        "index": 0
      },
      "geometry": {
        "type": "Polygon",
        "coordinates": [
          [
            [
              120.0715861,
              32.6139231
            ],
            [
              120.071612,
              32.6139148
            ],
            [
              120.0716348,
              32.6138994
            ],
            [
              120.0716534,
              32.6138776
            ],
            [
              120.0716668,
              32.6138505
            ],
            [
              120.0716744,
              32.6138194
            ],
            [
              120.0716758,
              32.6137861
            ],
            [
              120.071671,
              32.613752
            ],
            [
              120.0716601,
              32.6137189
            ],
            [
              120.0716437,
              32.6136885
            ],
            [
              120.0716227,
              32.6136624
            ],
            [
              120.071598,
              32.6136417
            ],
            [
              120.071571,
              32.6136276
            ],
            [
              120.0715429,
              32.6136207
            ],
            [
              120.0715153,
              32.6136215
            ],
            [
              120.0714894,
              32.6136298
            ],
            [
              120.0714666,
              32.6136452
            ],
            [
              120.071448,
              32.613667
            ],
            [
              120.0714346,
              32.6136941
            ],
            [
              120.071427,
              32.6137252
            ],
            [
              120.0714256,
              32.6137585
            ],
            [
              120.0714304,
              32.6137926
            ],
            [
              120.0714413,
              32.6138257
            ],
            [
              120.0714577,
              32.6138561
            ],
            [
              120.0714787,
              32.6138822
            ],
            [
              120.0715034,
              32.6139029
            ],
            [
              120.0715304,
              32.613917
            ],
            [
              120.0715585,
              32.6139239
            ],
            [
              120.0715861,
              32.6139231
            ]
          ]
        ]
      }
    },
    {
      "type": "Feature",
      "id": "cn0000385-h08-bunker-0",
      "properties": {
        "course_id": "cn0000385",
        "hole": 8,
        "feature_type": "bunker",
        "index": 0
      },
      "geometry": {
        "type": "Polygon",
        "coordinates": [
          [
            [
              120.0714799,
              32.6132363
            ],
            [
              120.0714653,
              32.6132499
            ],
            [
              120.0714126,
              32.613174
            ],
            [
              120.0713992,
              32.6130767
            ],
            [
              120.0714543,
              32.613096
            ],
            [
              120.0714799,
              32.6132363
            ]
          ]
        ]
      }
    },
    {
      "type": "Feature",
      "id": "cn0000385-h08-bunker-1",
      "properties": {
        "course_id": "cn0000385",
        "hole": 8,
        "feature_type": "bunker",
        "index": 1
      },
      "geometry": {
        "type": "Polygon",
        "coordinates": [
          [
            [
              120.0711564,
              32.6131196
            ],
            [
              120.0709975,
              32.6131775
            ],
            [
              120.0709538,
              32.6130731
            ],
            [
              120.0710154,
              32.6130496
            ],
            [
              120.0711236,
              32.6130397
            ],
            [
              120.0711187,
              32.6131084
            ],
            [
              120.0712617,
              32.6130286
            ],
            [
              120.0713446,
              32.6130576
            ],
            [
              120.0713761,
              32.6132443
            ],
            [
              120.0711564,
              32.6131196
            ]
          ]
        ]
      }
    },
    {
      "type": "Feature",
      "id": "cn0000385-h08-bunker-2",
      "properties": {
        "course_id": "cn0000385",
        "hole": 8,
        "feature_type": "bunker",
        "index": 2
      },
      "geometry": {
        "type": "Polygon",
        "coordinates": [
          [
            [
              120.0716113,
              32.6136829
            ],
            [
              120.0716843,
              32.613721
            ],
            [
              120.0715237,
              32.6137889
            ],
            [
              120.0714619,
              32.613739
            ],
            [
              120.071484,
              32.613642
            ],
            [
              120.0716113,
              32.6136829
            ]
          ]
        ]
      }
    },
    {
      "type": "Feature",
      "id": "cn0000385-h08-bunker-3",
      "properties": {
        "course_id": "cn0000385",
        "hole": 8,
        "feature_type": "bunker",
        "index": 3
      },
      "geometry": {
        "type": "Polygon",
        "coordinates": [
          [
            [
              120.0713614,
              32.6137776
            ],
            [
              120.0713601,
              32.6137386
            ],
            [
              120.0717378,
              32.6137409
            ],
            [
              120.0717388,
              32.6137618
            ],
            [
              120.0713614,
              32.6137776
            ]
          ]
        ]
      }
    },
    {
      "type": "Feature",
      "id": "cn0000385-h08-bunker-4",
      "properties": {
        "course_id": "cn0000385",
        "hole": 8,
        "feature_type": "bunker",
        "index": 4
      },
      "geometry": {
        "type": "Polygon",
        "coordinates": [
          [
            [
              120.0711967,
              32.6133621
            ],
            [
              120.0713184,
              32.6133011
            ],
            [
              120.0713567,
              32.6133062
            ],
            [
              120.0713654,
              32.6133557
            ],
            [
              120.0712883,
              32.6134174
            ],
            [
              120.0712033,
              32.613395
            ],
            [
              120.0711967,
              32.6133621
            ]
          ]
        ]
      }
    },
    {
      "type": "Feature",
      "id": "cn0000385-h08-bunker-5",
      "properties": {
        "course_id": "cn0000385",
        "hole": 8,
        "feature_type": "bunker",
        "index": 5
      },
      "geometry": {
        "type": "Polygon",
        "coordinates": [
          [
            [
              120.0717014,
              32.6137592
            ],
            [
              120.0716918,
              32.6137999
            ],
            [
              120.0716163,
              32.6137759
            ],
            [
              120.0716193,
              32.6137631
            ],
            [
              120.0717014,
              32.6137592
            ]
          ]
        ]
      }
    },
    {
      "type": "Feature",
      "id": "cn0000385-h08-water-0",
      "properties": {
        "course_id": "cn0000385",
        "hole": 8,
        "feature_type": "water",
        "index": 0
      },
      "geometry": {
        "type": "Polygon",
        "coordinates": [
          [
            [
              120.0706744,
              32.6113249
            ],
            [
              120.0706154,
              32.6113317
            ],
            [
              120.0705859,
              32.6113227
            ],
            [
              120.0705832,
              32.6112978
            ],
            [
              120.0705618,
              32.6112639
            ],
            [
              120.0705698,
              32.6112459
            ],
            [
              120.0705698,
              32.6112097
            ],
            [
              120.0705618,
              32.6111962
            ],
            [
              120.0705644,
              32.6111442
            ],
            [
              120.070551,
              32.6111171
            ],
            [
              120.0705671,
              32.6110493
            ],
            [
              120.0705644,
              32.6110132
            ],
            [
              120.0705484,
              32.6109883
            ],
            [
              120.0705591,
              32.6109476
            ],
            [
              120.0706851,
              32.6109883
            ],
            [
              120.0706959,
              32.6110064
            ],
            [
              120.0706932,
              32.6110674
            ],
            [
              120.0707066,
              32.6110764
            ],
            [
              120.0707012,
              32.6111758
            ],
            [
              120.070712,
              32.6111984
            ],
            [
              120.0707147,
              32.611273
            ],
            [
              120.0706851,
              32.6112933
            ],
            [
              120.0706851,
              32.6113114
            ],
            [
              120.0706744,
              32.6113249
            ]
          ]
        ]
      }
    },
    {
      "type": "Feature",
      "id": "cn0000385-h08-water-1",
      "properties": {
        "course_id": "cn0000385",
        "hole": 8,
        "feature_type": "water",
        "index": 1
      },
      "geometry": {
        "type": "Polygon",
        "coordinates": [
          [
            [
              120.0712886,
              32.6132409
            ],
            [
              120.0712591,
              32.6132476
            ],
            [
              120.0711814,
              32.6132454
            ],
            [
              120.0712055,
              32.6131911
            ],
            [
              120.0711975,
              32.6131369
            ],
            [
              120.071176,
              32.6130963
            ],
            [
              120.0711679,
              32.6130624
            ],
            [
              120.071184,
              32.613033
            ],
            [
              120.071184,
              32.6130172
            ],
            [
              120.0711679,
              32.6130036
            ],
            [
              120.071125,
              32.6129901
            ],
            [
              120.0711223,
              32.6129675
            ],
            [
              120.0711411,
              32.6129494
            ],
            [
              120.0711438,
              32.6129133
            ],
            [
              120.0711063,
              32.6128545
            ],
            [
              120.0710741,
              32.6128297
            ],
            [
              120.0710875,
              32.6128138
            ],
            [
              120.0710902,
              32.6127822
            ],
            [
              120.0710177,
              32.6127415
            ],
            [
              120.0710151,
              32.6127303
            ],
            [
              120.0709534,
              32.6126692
            ],
            [
              120.0709158,
              32.612606
            ],
            [
              120.0708783,
              32.6125676
            ],
            [
              120.0708568,
              32.6125247
            ],
            [
              120.0708568,
              32.6124727
            ],
            [
              120.0708434,
              32.6124546
            ],
            [
              120.07083,
              32.6123914
            ],
            [
              120.0707871,
              32.6123484
            ],
            [
              120.0707871,
              32.6123213
            ],
            [
              120.07072,
              32.6122648
            ],
            [
              120.07072,
              32.6122309
            ],
            [
              120.0707066,
              32.6122219
            ],
            [
              120.070712,
              32.6122106
            ],
            [
              120.0707066,
              32.6121745
            ],
            [
              120.070712,
              32.6121722
            ],
            [
              120.0707737,
              32.6122264
            ],
            [
              120.0707683,
              32.6122626
            ],
            [
              120.0707898,
              32.6122897
            ],
            [
              120.0707898,
              32.612301
            ],
            [
              120.0708514,
              32.6123304
            ],
            [
              120.0708541,
              32.612371
            ],
            [
              120.0708783,
              32.6123846
            ],
            [
              120.0709105,
              32.6124365
            ],
            [
              120.0709105,
              32.6124614
            ],
            [
              120.0709373,
              32.6124885
            ],
            [
              120.07094,
              32.6125382
            ],
            [
              120.0709775,
              32.6125563
            ],
            [
              120.0710177,
              32.6125631
            ],
            [
              120.0710365,
              32.6125879
            ],
            [
              120.0710392,
              32.6126037
            ],
            [
              120.0710902,
              32.6126376
            ],
            [
              120.0711089,
              32.612676
            ],
            [
              120.0711438,
              32.6127054
            ],
            [
              120.0711653,
              32.6127144
            ],
            [
              120.0711679,
              32.6127348
            ],
            [
              120.0712135,
              32.6127619
            ],
            [
              120.0712216,
              32.6128025
            ],
            [
              120.0712726,
              32.6128297
            ],
            [
              120.0712886,
              32.6128523
            ],
            [
              120.0712833,
              32.6128748
            ],
            [
              120.0712886,
              32.6129133
            ],
            [
              120.0713074,
              32.6129313
            ],
            [
              120.0713208,
              32.6129607
            ],
            [
              120.0713396,
              32.6129697
            ],
            [
              120.071345,
              32.6129856
            ],
            [
              120.0713316,
              32.6130398
            ],
            [
              120.0713101,
              32.6130714
            ],
            [
              120.0713101,
              32.6130872
            ],
            [
              120.0712967,
              32.613103
            ],
            [
              120.071294,
              32.6131211
            ],
            [
              120.0712967,
              32.6131482
            ],
            [
              120.0713235,
              32.6132024
            ],
            [
              120.0713021,
              32.6132183
            ],
            [
              120.0712886,
              32.6132409
            ]
          ]
        ]
      }
    },
    {
      "type": "Feature",
      "id": "cn0000385-h08-centerline-0",
      "properties": {
        "course_id": "cn0000385",
        "hole": 8,
        "feature_type": "centerline",
        "index": 0
      },
      "geometry": {
        "type": "LineString",
        "coordinates": [
          [
            120.0704841,
            32.6092294
          ],
          [
            120.0705377,
            32.60927
          ],
          [
            120.0705592,
            32.609559
          ],
          [
            120.070527,
            32.6099927
          ],
          [
            120.0706342,
            32.6101462
          ],
          [
            120.0706985,
            32.6103449
          ],
          [
            120.0709022,
            32.6105343
          ],
          [
            120.07087,
            32.6107964
          ],
          [
            120.0709236,
            32.6112751
          ],
          [
            120.0709772,
            32.6113202
          ],
          [
            120.0711165,
            32.6119886
          ],
          [
            120.0712452,
            32.6123227
          ],
          [
            120.0712237,
            32.6124221
          ],
          [
            120.0715347,
            32.6128825
          ],
          [
            120.0715668,
            32.6131354
          ],
          [
            120.071674,
            32.6132798
          ],
          [
            120.071674,
            32.6134244
          ],
          [
            120.0716311,
            32.6134606
          ],
          [
            120.0716526,
            32.613596
          ],
          [
            120.0715775,
            32.6136955
          ],
          [
            120.0715667,
            32.6138581
          ],
          [
            120.0715507,
            32.6137723
          ]
        ]
      }
    },
    {
      "type": "Feature",
      "id": "cn0000385-h08-cart_path-0",
      "properties": {
        "course_id": "cn0000385",
        "hole": 8,
        "feature_type": "cart_path",
        "index": 0
      },
      "geometry": {
        "type": "LineString",
        "coordinates": [
          [
            120.0704008,
            32.6102743
          ],
          [
            120.0703847,
            32.6103918
          ],
          [
            120.0703365,
            32.6105093
          ],
          [
            120.0703311,
            32.6105929
          ],
          [
            120.0703526,
            32.6107217
          ],
          [
            120.0703204,
            32.610916
          ],
          [
            120.0703472,
            32.6114673
          ],
          [
            120.0703311,
            32.6116571
          ],
          [
            120.0703794,
            32.6120999
          ],
          [
            120.0703633,
            32.6122806
          ]
        ]
      }
    },
    {
      "type": "Feature",
      "id": "cn0000385-h08-cart_path-1",
      "properties": {
        "course_id": "cn0000385",
        "hole": 8,
        "feature_type": "cart_path",
        "index": 1
      },
      "geometry": {
        "type": "LineString",
        "coordinates": [
          [
            120.0705671,
            32.6127099
          ],
          [
            120.0705349,
            32.6127913
          ],
          [
            120.0704759,
            32.6127867
          ],
          [
            120.0704598,
            32.6128681
          ],
          [
            120.0703901,
            32.6128861
          ],
          [
            120.0703365,
            32.6128771
          ],
          [
            120.0703204,
            32.6128952
          ],
          [
            120.0702131,
            32.6128952
          ]
        ]
      }
    },
    {
      "type": "Feature",
      "id": "cn0000385-h08-cart_path-2",
      "properties": {
        "course_id": "cn0000385",
        "hole": 8,
        "feature_type": "cart_path",
        "index": 2
      },
      "geometry": {
        "type": "LineString",
        "coordinates": [
          [
            120.0706583,
            32.6128003
          ],
          [
            120.0706261,
            32.6127687
          ],
          [
            120.0705618,
            32.6127641
          ],
          [
            120.0705832,
            32.612859
          ],
          [
            120.0705457,
            32.612841
          ],
          [
            120.0705403,
            32.6127958
          ],
          [
            120.0706637,
            32.6128093
          ],
          [
            120.0706691,
            32.6128726
          ],
          [
            120.070594,
            32.6128636
          ],
          [
            120.0706637,
            32.6128771
          ]
        ]
      }
    },
    {
      "type": "Feature",
      "id": "cn0000385-h08-cart_path-3",
      "properties": {
        "course_id": "cn0000385",
        "hole": 8,
        "feature_type": "cart_path",
        "index": 3
      },
      "geometry": {
        "type": "LineString",
        "coordinates": [
          [
            120.0719994,
            32.6128455
          ],
          [
            120.0719458,
            32.6130398
          ]
        ]
      }
    },
    {
      "type": "Feature",
      "id": "cn0000385-h08-cart_path-4",
      "properties": {
        "course_id": "cn0000385",
        "hole": 8,
        "feature_type": "cart_path",
        "index": 4
      },
      "geometry": {
        "type": "LineString",
        "coordinates": [
          [
            120.070433,
            32.6140836
          ],
          [
            120.0705725,
            32.6141062
          ],
          [
            120.0705779,
            32.6141559
          ],
          [
            120.0706691,
            32.614183
          ]
        ]
      }
    },
    {
      "type": "Feature",
      "id": "cn0000385-h08-cart_path-5",
      "properties": {
        "course_id": "cn0000385",
        "hole": 8,
        "feature_type": "cart_path",
        "index": 5
      },
      "geometry": {
        "type": "LineString",
        "coordinates": [
          [
            120.0705725,
            32.6115803
          ],
          [
            120.070551,
            32.6113317
          ]
        ]
      }
    },
    {
      "type": "Feature",
      "id": "cn0000385-h08-cart_path-6",
      "properties": {
        "course_id": "cn0000385",
        "hole": 8,
        "feature_type": "cart_path",
        "index": 6
      },
      "geometry": {
        "type": "LineString",
        "coordinates": [
          [
            120.0716668,
            32.6090226
          ],
          [
            120.0716883,
            32.6090723
          ],
          [
            120.0716776,
            32.6092938
          ],
          [
            120.0717044,
            32.6094203
          ]
        ]
      }
    },
    {
      "type": "Feature",
      "id": "cn0000385-h08-cart_path-7",
      "properties": {
        "course_id": "cn0000385",
        "hole": 8,
        "feature_type": "cart_path",
        "index": 7
      },
      "geometry": {
        "type": "LineString",
        "coordinates": [
          [
            120.0706047,
            32.613451
          ],
          [
            120.0705457,
            32.6134736
          ],
          [
            120.0705564,
            32.6135097
          ],
          [
            120.0705832,
            32.6135233
          ],
          [
            120.0705725,
            32.6135956
          ],
          [
            120.0705403,
            32.6135052
          ],
          [
            120.0704759,
            32.6135459
          ],
          [
            120.0705671,
            32.6135956
          ],
          [
            120.0704974,
            32.613582
          ],
          [
            120.0705671,
            32.6136588
          ],
          [
            120.0704813,
            32.6136905
          ],
          [
            120.0703955,
            32.6136859
          ]
        ]
      }
    },
    {
      "type": "Feature",
      "id": "cn0000385-h08-cart_path-8",
      "properties": {
        "course_id": "cn0000385",
        "hole": 8,
        "feature_type": "cart_path",
        "index": 8
      },
      "geometry": {
        "type": "LineString",
        "coordinates": [
          [
            120.0703472,
            32.6100574
          ],
          [
            120.0703204,
            32.6099219
          ],
          [
            120.0703418,
            32.609836
          ],
          [
            120.0703338,
            32.6097276
          ]
        ]
      }
    },
    {
      "type": "Feature",
      "id": "cn0000385-h08-cart_path-9",
      "properties": {
        "course_id": "cn0000385",
        "hole": 8,
        "feature_type": "cart_path",
        "index": 9
      },
      "geometry": {
        "type": "LineString",
        "coordinates": [
          [
            120.0707012,
            32.6137853
          ],
          [
            120.0706798,
            32.6140113
          ],
          [
            120.070712,
            32.6140926
          ],
          [
            120.0706476,
            32.6142417
          ]
        ]
      }
    },
    {
      "type": "Feature",
      "id": "cn0000385-h08-cart_path-10",
      "properties": {
        "course_id": "cn0000385",
        "hole": 8,
        "feature_type": "cart_path",
        "index": 10
      },
      "geometry": {
        "type": "LineString",
        "coordinates": [
          [
            120.070712,
            32.6136091
          ],
          [
            120.0707066,
            32.6133019
          ],
          [
            120.0707334,
            32.6129946
          ]
        ]
      }
    },
    {
      "type": "Feature",
      "id": "cn0000385-h08-cart_path-11",
      "properties": {
        "course_id": "cn0000385",
        "hole": 8,
        "feature_type": "cart_path",
        "index": 11
      },
      "geometry": {
        "type": "LineString",
        "coordinates": [
          [
            120.0704277,
            32.6124027
          ],
          [
            120.0704223,
            32.6126873
          ],
          [
            120.0704384,
            32.6127461
          ]
        ]
      }
    },
    {
      "type": "Feature",
      "id": "cn0000385-h08-cart_path-12",
      "properties": {
        "course_id": "cn0000385",
        "hole": 8,
        "feature_type": "cart_path",
        "index": 12
      },
      "geometry": {
        "type": "LineString",
        "coordinates": [
          [
            120.0713825,
            32.6112097
          ],
          [
            120.0714308,
            32.6113498
          ],
          [
            120.0714898,
            32.6119327
          ]
        ]
      }
    },
    {
      "type": "Feature",
      "id": "cn0000385-h08-cart_path-13",
      "properties": {
        "course_id": "cn0000385",
        "hole": 8,
        "feature_type": "cart_path",
        "index": 13
      },
      "geometry": {
        "type": "LineString",
        "coordinates": [
          [
            120.0710982,
            32.6105229
          ],
          [
            120.0712162,
            32.6107172
          ],
          [
            120.0712377,
            32.6110064
          ]
        ]
      }
    },
    {
      "type": "Feature",
      "id": "cn0000385-h08-tree-0",
      "properties": {
        "course_id": "cn0000385",
        "hole": 8,
        "feature_type": "tree",
        "index": 0
      },
      "geometry": {
        "type": "Point",
        "coordinates": [
          120.0718422,
          32.6089703
        ]
      }
    },
    {
      "type": "Feature",
      "id": "cn0000385-h08-tree-1",
      "properties": {
        "course_id": "cn0000385",
        "hole": 8,
        "feature_type": "tree",
        "index": 1
      },
      "geometry": {
        "type": "Point",
        "coordinates": [
          120.0718314,
          32.6094313
        ]
      }
    },
    {
      "type": "Feature",
      "id": "cn0000385-h08-tree-2",
      "properties": {
        "course_id": "cn0000385",
        "hole": 8,
        "feature_type": "tree",
        "index": 2
      },
      "geometry": {
        "type": "Point",
        "coordinates": [
          120.070939,
          32.6100486
        ]
      }
    },
    {
      "type": "Feature",
      "id": "cn0000385-h08-tree-3",
      "properties": {
        "course_id": "cn0000385",
        "hole": 8,
        "feature_type": "tree",
        "index": 3
      },
      "geometry": {
        "type": "Point",
        "coordinates": [
          120.0710941,
          32.61034
        ]
      }
    },
    {
      "type": "Feature",
      "id": "cn0000385-h08-tree-4",
      "properties": {
        "course_id": "cn0000385",
        "hole": 8,
        "feature_type": "tree",
        "index": 4
      },
      "geometry": {
        "type": "Point",
        "coordinates": [
          120.0713412,
          32.6108661
        ]
      }
    },
    {
      "type": "Feature",
      "id": "cn0000385-h08-tree-5",
      "properties": {
        "course_id": "cn0000385",
        "hole": 8,
        "feature_type": "tree",
        "index": 5
      },
      "geometry": {
        "type": "Point",
        "coordinates": [
          120.0714744,
          32.6111601
        ]
      }
    },
    {
      "type": "Feature",
      "id": "cn0000385-h08-tree-6",
      "properties": {
        "course_id": "cn0000385",
        "hole": 8,
        "feature_type": "tree",
        "index": 6
      },
      "geometry": {
        "type": "Point",
        "coordinates": [
          120.0716432,
          32.611509
        ]
      }
    },
    {
      "type": "Feature",
      "id": "cn0000385-h08-tree-7",
      "properties": {
        "course_id": "cn0000385",
        "hole": 8,
        "feature_type": "tree",
        "index": 7
      },
      "geometry": {
        "type": "Point",
        "coordinates": [
          120.0716508,
          32.6118913
        ]
      }
    },
    {
      "type": "Feature",
      "id": "cn0000385-h08-tree-8",
      "properties": {
        "course_id": "cn0000385",
        "hole": 8,
        "feature_type": "tree",
        "index": 8
      },
      "geometry": {
        "type": "Point",
        "coordinates": [
          120.0717626,
          32.612159
        ]
      }
    },
    {
      "type": "Feature",
      "id": "cn0000385-h08-tree-9",
      "properties": {
        "course_id": "cn0000385",
        "hole": 8,
        "feature_type": "tree",
        "index": 9
      },
      "geometry": {
        "type": "Point",
        "coordinates": [
          120.0708593,
          32.6122605
        ]
      }
    },
    {
      "type": "Feature",
      "id": "cn0000385-h08-tree-10",
      "properties": {
        "course_id": "cn0000385",
        "hole": 8,
        "feature_type": "tree",
        "index": 10
      },
      "geometry": {
        "type": "Point",
        "coordinates": [
          120.0711064,
          32.6125766
        ]
      }
    },
    {
      "type": "Feature",
      "id": "cn0000385-h08-tree-11",
      "properties": {
        "course_id": "cn0000385",
        "hole": 8,
        "feature_type": "tree",
        "index": 11
      },
      "geometry": {
        "type": "Point",
        "coordinates": [
          120.0709945,
          32.6134809
        ]
      }
    },
    {
      "type": "Feature",
      "id": "cn0000385-h08-tree-12",
      "properties": {
        "course_id": "cn0000385",
        "hole": 8,
        "feature_type": "tree",
        "index": 12
      },
      "geometry": {
        "type": "Point",
        "coordinates": [
          120.0719288,
          32.6140477
        ]
      }
    },
    {
      "type": "Feature",
      "id": "cn0000385-h08-tree-13",
      "properties": {
        "course_id": "cn0000385",
        "hole": 8,
        "feature_type": "tree",
        "index": 13
      },
      "geometry": {
        "type": "Point",
        "coordinates": [
          120.0713516,
          32.6141189
        ]
      }
    },
    {
      "type": "Feature",
      "id": "cn0000385-h08-tree-14",
      "properties": {
        "course_id": "cn0000385",
        "hole": 8,
        "feature_type": "tree",
        "index": 14
      },
      "geometry": {
        "type": "Point",
        "coordinates": [
          120.0709538,
          32.6140632
        ]
      }
    },
    {
      "type": "Feature",
      "id": "cn0000385-h08-tree-15",
      "properties": {
        "course_id": "cn0000385",
        "hole": 8,
        "feature_type": "tree",
        "index": 15
      },
      "geometry": {
        "type": "Point",
        "coordinates": [
          120.0711982,
          32.6142796
        ]
      }
    },
    {
      "type": "Feature",
      "id": "cn0000385-h08-tee-black",
      "properties": {
        "course_id": "cn0000385",
        "hole": 8,
        "feature_type": "tee",
        "color": "black",
        "distance_m": 535
      },
      "geometry": {
        "type": "Point",
        "coordinates": [
          120.0704841,
          32.6092294
        ]
      }
    },
    {
      "type": "Feature",
      "id": "cn0000385-h08-tee-blue",
      "properties": {
        "course_id": "cn0000385",
        "hole": 8,
        "feature_type": "tee",
        "color": "blue",
        "distance_m": 514
      },
      "geometry": {
        "type": "Point",
        "coordinates": [
          120.0704895,
          32.6094417
        ]
      }
    },
    {
      "type": "Feature",
      "id": "cn0000385-h08-tee-white",
      "properties": {
        "course_id": "cn0000385",
        "hole": 8,
        "feature_type": "tee",
        "color": "white",
        "distance_m": 487
      },
      "geometry": {
        "type": "Point",
        "coordinates": [
          120.0704948,
          32.6096992
        ]
      }
    },
    {
      "type": "Feature",
      "id": "cn0000385-h08-tee-red",
      "properties": {
        "course_id": "cn0000385",
        "hole": 8,
        "feature_type": "tee",
        "color": "red",
        "distance_m": 398
      },
      "geometry": {
        "type": "Point",
        "coordinates": [
          120.0709076,
          32.6104259
        ]
      }
    },
    {
      "type": "Feature",
      "id": "cn0000385-h08-flag-daily_pin",
      "properties": {
        "course_id": "cn0000385",
        "hole": 8,
        "feature_type": "flag",
        "role": "daily_pin"
      },
      "geometry": {
        "type": "Point",
        "coordinates": [
          120.0715507,
          32.6137723
        ]
      }
    },
    {
      "type": "Feature",
      "id": "cn0000385-h08-green_target-front",
      "properties": {
        "course_id": "cn0000385",
        "hole": 8,
        "feature_type": "green_target",
        "role": "front"
      },
      "geometry": {
        "type": "Point",
        "coordinates": [
          120.0715153,
          32.6136215
        ]
      }
    },
    {
      "type": "Feature",
      "id": "cn0000385-h08-green_target-middle",
      "properties": {
        "course_id": "cn0000385",
        "hole": 8,
        "feature_type": "green_target",
        "role": "middle"
      },
      "geometry": {
        "type": "Point",
        "coordinates": [
          120.07155192068964,
          32.6137775
        ]
      }
    },
    {
      "type": "Feature",
      "id": "cn0000385-h08-green_target-back",
      "properties": {
        "course_id": "cn0000385",
        "hole": 8,
        "feature_type": "green_target",
        "role": "back"
      },
      "geometry": {
        "type": "Point",
        "coordinates": [
          120.0715861,
          32.6139231
        ]
      }
    },
    {
      "type": "Feature",
      "id": "cn0000385-h09-hole_perimeter-0",
      "properties": {
        "course_id": "cn0000385",
        "hole": 9,
        "feature_type": "hole_perimeter",
        "index": 0
      },
      "geometry": {
        "type": "Polygon",
        "coordinates": [
          [
            [
              120.0713346,
              32.6164924
            ],
            [
              120.0712,
              32.6164865
            ],
            [
              120.0710955,
              32.6164066
            ],
            [
              120.0710548,
              32.6163069
            ],
            [
              120.0708421,
              32.6162925
            ],
            [
              120.0708155,
              32.6162444
            ],
            [
              120.0708025,
              32.6161741
            ],
            [
              120.0708343,
              32.6161003
            ],
            [
              120.0710326,
              32.6158726
            ],
            [
              120.0712242,
              32.6157406
            ],
            [
              120.0712608,
              32.6158261
            ],
            [
              120.0712994,
              32.6157236
            ],
            [
              120.0712518,
              32.6154941
            ],
            [
              120.0706079,
              32.6150472
            ],
            [
              120.07053,
              32.6150309
            ],
            [
              120.0704725,
              32.6149864
            ],
            [
              120.0704467,
              32.6149242
            ],
            [
              120.0704534,
              32.6148716
            ],
            [
              120.0704834,
              32.6148252
            ],
            [
              120.0705465,
              32.6147863
            ],
            [
              120.0708443,
              32.6147579
            ],
            [
              120.0709344,
              32.6147819
            ],
            [
              120.0715396,
              32.6153222
            ],
            [
              120.0715604,
              32.6154069
            ],
            [
              120.0716183,
              32.6155115
            ],
            [
              120.0715981,
              32.6155887
            ],
            [
              120.0716245,
              32.6157482
            ],
            [
              120.0715366,
              32.6159865
            ],
            [
              120.071411,
              32.6161113
            ],
            [
              120.071411,
              32.6161774
            ],
            [
              120.0714662,
              32.6163064
            ],
            [
              120.0714456,
              32.6163064
            ],
            [
              120.0714441,
              32.6163735
            ],
            [
              120.0714085,
              32.6164438
            ],
            [
              120.0713346,
              32.6164924
            ]
          ]
        ]
      }
    },
    {
      "type": "Feature",
      "id": "cn0000385-h09-rough-0",
      "properties": {
        "course_id": "cn0000385",
        "hole": 9,
        "feature_type": "rough",
        "index": 0
      },
      "geometry": {
        "type": "Polygon",
        "coordinates": [
          [
            [
              120.0713346,
              32.6164924
            ],
            [
              120.0712,
              32.6164865
            ],
            [
              120.0710955,
              32.6164066
            ],
            [
              120.0710548,
              32.6163069
            ],
            [
              120.0708421,
              32.6162925
            ],
            [
              120.0708155,
              32.6162444
            ],
            [
              120.0708025,
              32.6161741
            ],
            [
              120.0708343,
              32.6161003
            ],
            [
              120.0710326,
              32.6158726
            ],
            [
              120.0712242,
              32.6157406
            ],
            [
              120.0712608,
              32.6158261
            ],
            [
              120.0712994,
              32.6157236
            ],
            [
              120.0712518,
              32.6154941
            ],
            [
              120.0706079,
              32.6150472
            ],
            [
              120.07053,
              32.6150309
            ],
            [
              120.0704725,
              32.6149864
            ],
            [
              120.0704467,
              32.6149242
            ],
            [
              120.0704534,
              32.6148716
            ],
            [
              120.0704834,
              32.6148252
            ],
            [
              120.0705465,
              32.6147863
            ],
            [
              120.0708443,
              32.6147579
            ],
            [
              120.0709344,
              32.6147819
            ],
            [
              120.0715396,
              32.6153222
            ],
            [
              120.0715604,
              32.6154069
            ],
            [
              120.0716183,
              32.6155115
            ],
            [
              120.0715981,
              32.6155887
            ],
            [
              120.0716245,
              32.6157482
            ],
            [
              120.0715366,
              32.6159865
            ],
            [
              120.071411,
              32.6161113
            ],
            [
              120.071411,
              32.6161774
            ],
            [
              120.0714662,
              32.6163064
            ],
            [
              120.0714456,
              32.6163064
            ],
            [
              120.0714441,
              32.6163735
            ],
            [
              120.0714085,
              32.6164438
            ],
            [
              120.0713346,
              32.6164924
            ]
          ]
        ]
      }
    },
    {
      "type": "Feature",
      "id": "cn0000385-h09-tee_box-0",
      "properties": {
        "course_id": "cn0000385",
        "hole": 9,
        "feature_type": "tee_box",
        "index": 0
      },
      "geometry": {
        "type": "Polygon",
        "coordinates": [
          [
            [
              120.0715778,
              32.615494
            ],
            [
              120.0715875,
              32.6155377
            ],
            [
              120.0715608,
              32.6155841
            ],
            [
              120.0715053,
              32.615606
            ],
            [
              120.071446,
              32.6155933
            ],
            [
              120.0705423,
              32.614966
            ],
            [
              120.0705162,
              32.6149188
            ],
            [
              120.0705317,
              32.6148685
            ],
            [
              120.0705733,
              32.6148404
            ],
            [
              120.0706263,
              32.6148367
            ],
            [
              120.0710415,
              32.6149532
            ],
            [
              120.0714244,
              32.6152479
            ],
            [
              120.0715778,
              32.615494
            ]
          ]
        ]
      }
    },
    {
      "type": "Feature",
      "id": "cn0000385-h09-fairway-0",
      "properties": {
        "course_id": "cn0000385",
        "hole": 9,
        "feature_type": "fairway",
        "index": 0
      },
      "geometry": {
        "type": "Polygon",
        "coordinates": [
          [
            [
              120.0709499,
              32.6160586
            ],
            [
              120.0709617,
              32.6159886
            ],
            [
              120.070996,
              32.615924
            ],
            [
              120.0711191,
              32.615813
            ],
            [
              120.0711865,
              32.6157914
            ],
            [
              120.0712344,
              32.6159186
            ],
            [
              120.0713042,
              32.6158897
            ],
            [
              120.0713655,
              32.6157273
            ],
            [
              120.0712997,
              32.6154101
            ],
            [
              120.0711506,
              32.6152797
            ],
            [
              120.0711419,
              32.6152868
            ],
            [
              120.0711353,
              32.6152664
            ],
            [
              120.0708054,
              32.614978
            ],
            [
              120.0706062,
              32.6149931
            ],
            [
              120.0705382,
              32.6149689
            ],
            [
              120.0705108,
              32.6149192
            ],
            [
              120.0705271,
              32.6148662
            ],
            [
              120.0705707,
              32.6148365
            ],
            [
              120.070652,
              32.6148266
            ],
            [
              120.0706079,
              32.6147804
            ],
            [
              120.0708314,
              32.6147591
            ],
            [
              120.0708641,
              32.6148141
            ],
            [
              120.0709124,
              32.6148369
            ],
            [
              120.0713221,
              32.6151898
            ],
            [
              120.0714655,
              32.6153211
            ],
            [
              120.0714847,
              32.6153574
            ],
            [
              120.0715612,
              32.6157343
            ],
            [
              120.0714778,
              32.6159645
            ],
            [
              120.0714096,
              32.6160329
            ],
            [
              120.0713631,
              32.6161821
            ],
            [
              120.0714482,
              32.6163064
            ],
            [
              120.0713467,
              32.6163066
            ],
            [
              120.0713184,
              32.6163641
            ],
            [
              120.0712502,
              32.616388
            ],
            [
              120.0711819,
              32.6163643
            ],
            [
              120.0711537,
              32.6163068
            ],
            [
              120.0709499,
              32.6162998
            ],
            [
              120.0709499,
              32.6160586
            ]
          ]
        ]
      }
    },
    {
      "type": "Feature",
      "id": "cn0000385-h09-green_fringe-0",
      "properties": {
        "course_id": "cn0000385",
        "hole": 9,
        "feature_type": "green_fringe",
        "index": 0
      },
      "geometry": {
        "type": "Polygon",
        "coordinates": [
          [
            [
              120.071326,
              32.616471
            ],
            [
              120.0713583,
              32.6164555
            ],
            [
              120.0713853,
              32.6164325
            ],
            [
              120.0714054,
              32.6164033
            ],
            [
              120.0714178,
              32.6163692
            ],
            [
              120.0714218,
              32.616332
            ],
            [
              120.0714171,
              32.6162935
            ],
            [
              120.0714041,
              32.6162556
            ],
            [
              120.0713834,
              32.6162203
            ],
            [
              120.071356,
              32.6161894
            ],
            [
              120.0713233,
              32.6161643
            ],
            [
              120.0712869,
              32.6161464
            ],
            [
              120.0712487,
              32.6161365
            ],
            [
              120.0712106,
              32.6161352
            ],
            [
              120.0711744,
              32.6161424
            ],
            [
              120.0711421,
              32.6161579
            ],
            [
              120.0711151,
              32.6161809
            ],
            [
              120.071095,
              32.6162101
            ],
            [
              120.0710826,
              32.6162442
            ],
            [
              120.0710786,
              32.6162814
            ],
            [
              120.0710833,
              32.6163199
            ],
            [
              120.0710963,
              32.6163578
            ],
            [
              120.071117,
              32.6163931
            ],
            [
              120.0711444,
              32.616424
            ],
            [
              120.0711771,
              32.6164491
            ],
            [
              120.0712135,
              32.616467
            ],
            [
              120.0712517,
              32.6164769
            ],
            [
              120.0712898,
              32.6164782
            ],
            [
              120.071326,
              32.616471
            ]
          ]
        ]
      }
    },
    {
      "type": "Feature",
      "id": "cn0000385-h09-green-0",
      "properties": {
        "course_id": "cn0000385",
        "hole": 9,
        "feature_type": "green",
        "index": 0
      },
      "geometry": {
        "type": "Polygon",
        "coordinates": [
          [
            [
              120.0713104,
              32.6164373
            ],
            [
              120.0713343,
              32.6164256
            ],
            [
              120.071354,
              32.6164079
            ],
            [
              120.0713685,
              32.6163852
            ],
            [
              120.071377,
              32.6163585
            ],
            [
              120.0713792,
              32.6163292
            ],
            [
              120.071375,
              32.6162988
            ],
            [
              120.0713644,
              32.6162688
            ],
            [
              120.0713482,
              32.6162407
            ],
            [
              120.071327,
              32.6162159
            ],
            [
              120.071302,
              32.6161956
            ],
            [
              120.0712743,
              32.616181
            ],
            [
              120.0712455,
              32.6161726
            ],
            [
              120.0712169,
              32.616171
            ],
            [
              120.07119,
              32.6161761
            ],
            [
              120.0711661,
              32.6161878
            ],
            [
              120.0711464,
              32.6162055
            ],
            [
              120.0711319,
              32.6162282
            ],
            [
              120.0711234,
              32.6162549
            ],
            [
              120.0711212,
              32.6162842
            ],
            [
              120.0711254,
              32.6163146
            ],
            [
              120.071136,
              32.6163446
            ],
            [
              120.0711522,
              32.6163727
            ],
            [
              120.0711734,
              32.6163975
            ],
            [
              120.0711984,
              32.6164178
            ],
            [
              120.0712261,
              32.6164324
            ],
            [
              120.0712549,
              32.6164408
            ],
            [
              120.0712835,
              32.6164424
            ],
            [
              120.0713104,
              32.6164373
            ]
          ]
        ]
      }
    },
    {
      "type": "Feature",
      "id": "cn0000385-h09-bunker-0",
      "properties": {
        "course_id": "cn0000385",
        "hole": 9,
        "feature_type": "bunker",
        "index": 0
      },
      "geometry": {
        "type": "Polygon",
        "coordinates": [
          [
            [
              120.0712151,
              32.6161327
            ],
            [
              120.0711716,
              32.6160926
            ],
            [
              120.0711602,
              32.6160607
            ],
            [
              120.0712134,
              32.6160138
            ],
            [
              120.0712646,
              32.61607
            ],
            [
              120.0712674,
              32.6160946
            ],
            [
              120.071236,
              32.6161352
            ],
            [
              120.0712151,
              32.6161327
            ]
          ]
        ]
      }
    },
    {
      "type": "Feature",
      "id": "cn0000385-h09-bunker-1",
      "properties": {
        "course_id": "cn0000385",
        "hole": 9,
        "feature_type": "bunker",
        "index": 1
      },
      "geometry": {
        "type": "Polygon",
        "coordinates": [
          [
            [
              120.0710075,
              32.6161263
            ],
            [
              120.0710142,
              32.6161021
            ],
            [
              120.0710658,
              32.616071
            ],
            [
              120.071108,
              32.6160691
            ],
            [
              120.0711132,
              32.616092
            ],
            [
              120.0710588,
              32.616158
            ],
            [
              120.0710239,
              32.6161549
            ],
            [
              120.0710075,
              32.6161263
            ]
          ]
        ]
      }
    },
    {
      "type": "Feature",
      "id": "cn0000385-h09-bunker-2",
      "properties": {
        "course_id": "cn0000385",
        "hole": 9,
        "feature_type": "bunker",
        "index": 2
      },
      "geometry": {
        "type": "Polygon",
        "coordinates": [
          [
            [
              120.071124,
              32.6161901
            ],
            [
              120.0711106,
              32.616153
            ],
            [
              120.0711619,
              32.6161254
            ],
            [
              120.0711816,
              32.6161418
            ],
            [
              120.0711881,
              32.616177
            ],
            [
              120.0711656,
              32.6161953
            ],
            [
              120.071124,
              32.6161901
            ]
          ]
        ]
      }
    },
    {
      "type": "Feature",
      "id": "cn0000385-h09-bunker-3",
      "properties": {
        "course_id": "cn0000385",
        "hole": 9,
        "feature_type": "bunker",
        "index": 3
      },
      "geometry": {
        "type": "Polygon",
        "coordinates": [
          [
            [
              120.0713105,
              32.6162829
            ],
            [
              120.0713166,
              32.6163034
            ],
            [
              120.0712905,
              32.6162995
            ],
            [
              120.071252,
              32.6162562
            ],
            [
              120.0712848,
              32.6162836
            ],
            [
              120.0713105,
              32.6162829
            ]
          ]
        ]
      }
    },
    {
      "type": "Feature",
      "id": "cn0000385-h09-water-0",
      "properties": {
        "course_id": "cn0000385",
        "hole": 9,
        "feature_type": "water",
        "index": 0
      },
      "geometry": {
        "type": "Polygon",
        "coordinates": [
          [
            [
              120.071691,
              32.6156696
            ],
            [
              120.0716749,
              32.615665
            ],
            [
              120.0716695,
              32.6156379
            ],
            [
              120.0717071,
              32.6156357
            ],
            [
              120.0717339,
              32.6156199
            ],
            [
              120.0717393,
              32.6155453
            ],
            [
              120.0717098,
              32.6155272
            ],
            [
              120.0717044,
              32.6155159
            ],
            [
              120.0717071,
              32.6154888
            ],
            [
              120.0716937,
              32.6154685
            ],
            [
              120.0717017,
              32.6154549
            ],
            [
              120.0717044,
              32.6154052
            ],
            [
              120.0716454,
              32.6153465
            ],
            [
              120.07164,
              32.6153126
            ],
            [
              120.0716454,
              32.6152697
            ],
            [
              120.071632,
              32.6152539
            ],
            [
              120.071632,
              32.6152381
            ],
            [
              120.0716642,
              32.6152132
            ],
            [
              120.0716642,
              32.6151974
            ],
            [
              120.0716829,
              32.6151883
            ],
            [
              120.0716829,
              32.6151748
            ],
            [
              120.0716212,
              32.6151386
            ],
            [
              120.0716025,
              32.6151183
            ],
            [
              120.0716051,
              32.6150799
            ],
            [
              120.0716186,
              32.6150754
            ],
            [
              120.07164,
              32.6150528
            ],
            [
              120.0716427,
              32.6149895
            ],
            [
              120.0716212,
              32.6149624
            ],
            [
              120.0716186,
              32.6149353
            ],
            [
              120.0716293,
              32.6149285
            ],
            [
              120.0716293,
              32.6149195
            ],
            [
              120.0715917,
              32.6148833
            ],
            [
              120.0715649,
              32.6148223
            ],
            [
              120.0715515,
              32.6148111
            ],
            [
              120.0715113,
              32.6148065
            ],
            [
              120.0715113,
              32.6147885
            ],
            [
              120.0715005,
              32.6147772
            ],
            [
              120.0714469,
              32.6147478
            ],
            [
              120.071412,
              32.6147478
            ],
            [
              120.0713906,
              32.6147591
            ],
            [
              120.071345,
              32.6147546
            ],
            [
              120.0713262,
              32.6147636
            ],
            [
              120.0712538,
              32.6147613
            ],
            [
              120.071243,
              32.6147659
            ],
            [
              120.0711706,
              32.6147613
            ],
            [
              120.0711304,
              32.614741
            ],
            [
              120.0711036,
              32.614741
            ],
            [
              120.0710875,
              32.6147478
            ],
            [
              120.0710499,
              32.6147342
            ],
            [
              120.0710124,
              32.6147365
            ],
            [
              120.0709775,
              32.6147003
            ],
            [
              120.0709561,
              32.6146958
            ],
            [
              120.0709131,
              32.6146619
            ],
            [
              120.0708595,
              32.6146597
            ],
            [
              120.0708354,
              32.6146732
            ],
            [
              120.0708112,
              32.6146642
            ],
            [
              120.0707737,
              32.6146619
            ],
            [
              120.0707415,
              32.6146348
            ],
            [
              120.0707173,
              32.6146281
            ],
            [
              120.0707012,
              32.61461
            ],
            [
              120.0707012,
              32.6145942
            ],
            [
              120.07072,
              32.6145783
            ],
            [
              120.0708461,
              32.6145467
            ],
            [
              120.0708568,
              32.6145264
            ],
            [
              120.0708863,
              32.6145038
            ],
            [
              120.0708944,
              32.6144722
            ],
            [
              120.0709507,
              32.6144383
            ],
            [
              120.0709829,
              32.6144518
            ],
            [
              120.0709963,
              32.6144676
            ],
            [
              120.0709963,
              32.6144835
            ],
            [
              120.0710258,
              32.6145038
            ],
            [
              120.0711009,
              32.6145219
            ],
            [
              120.0711009,
              32.6145354
            ],
            [
              120.0711465,
              32.6145558
            ],
            [
              120.0711545,
              32.6145761
            ],
            [
              120.0711679,
              32.6145874
            ],
            [
              120.0712082,
              32.6145964
            ],
            [
              120.0712913,
              32.6145783
            ],
            [
              120.0713423,
              32.6145919
            ],
            [
              120.0713745,
              32.6145783
            ],
            [
              120.0713906,
              32.6145783
            ],
            [
              120.0713986,
              32.6145716
            ],
            [
              120.0713986,
              32.614558
            ],
            [
              120.0714147,
              32.6145535
            ],
            [
              120.0714496,
              32.6145693
            ],
            [
              120.0714737,
              32.6145512
            ],
            [
              120.0714925,
              32.6145603
            ],
            [
              120.0715166,
              32.6145467
            ],
            [
              120.0715381,
              32.6145535
            ],
            [
              120.0715542,
              32.6145445
            ],
            [
              120.0715542,
              32.6145083
            ],
            [
              120.0715274,
              32.6144902
            ],
            [
              120.0715274,
              32.6144722
            ],
            [
              120.0715783,
              32.6144563
            ],
            [
              120.0715891,
              32.6144473
            ],
            [
              120.0715837,
              32.6144225
            ],
            [
              120.0716159,
              32.6144157
            ],
            [
              120.0716347,
              32.6143976
            ],
            [
              120.0716347,
              32.6143841
            ],
            [
              120.0716454,
              32.6143728
            ],
            [
              120.0716829,
              32.6143682
            ],
            [
              120.0717178,
              32.6143479
            ],
            [
              120.0717285,
              32.6143276
            ],
            [
              120.0717688,
              32.6143163
            ],
            [
              120.0717929,
              32.6143163
            ],
            [
              120.071809,
              32.6143027
            ],
            [
              120.0718117,
              32.6142914
            ],
            [
              120.0718385,
              32.6142824
            ],
            [
              120.0719136,
              32.6142869
            ],
            [
              120.0719485,
              32.6142711
            ],
            [
              120.0719887,
              32.6142846
            ],
            [
              120.0720397,
              32.6142688
            ],
            [
              120.0720531,
              32.6142801
            ],
            [
              120.0720584,
              32.6143118
            ],
            [
              120.0721523,
              32.6143795
            ],
            [
              120.0721657,
              32.6144134
            ],
            [
              120.0722086,
              32.6144586
            ],
            [
              120.0722247,
              32.6145196
            ],
            [
              120.0722167,
              32.6145648
            ],
            [
              120.0722703,
              32.6146032
            ],
            [
              120.0722837,
              32.6146281
            ],
            [
              120.072324,
              32.6146552
            ],
            [
              120.0723267,
              32.6146778
            ],
            [
              120.0723159,
              32.6146845
            ],
            [
              120.0723159,
              32.6146981
            ],
            [
              120.0723374,
              32.6147342
            ],
            [
              120.0723347,
              32.6147726
            ],
            [
              120.0723428,
              32.6147794
            ],
            [
              120.0723454,
              32.6148133
            ],
            [
              120.0723401,
              32.6148336
            ],
            [
              120.0723186,
              32.6148449
            ],
            [
              120.0723186,
              32.6148856
            ],
            [
              120.0722998,
              32.6148946
            ],
            [
              120.0722998,
              32.6149105
            ],
            [
              120.0723132,
              32.6149218
            ],
            [
              120.072324,
              32.6149511
            ],
            [
              120.0723535,
              32.6149782
            ],
            [
              120.0723508,
              32.6150053
            ],
            [
              120.0723401,
              32.6150212
            ],
            [
              120.0723454,
              32.6150528
            ],
            [
              120.072324,
              32.6150731
            ],
            [
              120.072324,
              32.6151115
            ],
            [
              120.0723401,
              32.6151319
            ],
            [
              120.0723401,
              32.6151499
            ],
            [
              120.0723025,
              32.6151793
            ],
            [
              120.0723132,
              32.6152471
            ],
            [
              120.0723052,
              32.6152539
            ],
            [
              120.0723052,
              32.6152674
            ],
            [
              120.0722757,
              32.6152991
            ],
            [
              120.072273,
              32.6153216
            ],
            [
              120.0722194,
              32.6153442
            ],
            [
              120.0722301,
              32.6153781
            ],
            [
              120.0722247,
              32.6154165
            ],
            [
              120.0722328,
              32.6154414
            ],
            [
              120.072206,
              32.6154753
            ],
            [
              120.0722033,
              32.6154911
            ],
            [
              120.0721872,
              32.6155024
            ],
            [
              120.0721872,
              32.6155159
            ],
            [
              120.0721496,
              32.6155205
            ],
            [
              120.0721335,
              32.615534
            ],
            [
              120.0721309,
              32.6155543
            ],
            [
              120.0721121,
              32.6155589
            ],
            [
              120.072104,
              32.6155702
            ],
            [
              120.0720745,
              32.6155792
            ],
            [
              120.0720611,
              32.6155905
            ],
            [
              120.0720128,
              32.6155973
            ],
            [
              120.0719431,
              32.6156312
            ],
            [
              120.0718814,
              32.6156334
            ],
            [
              120.0718492,
              32.6156605
            ],
            [
              120.0718251,
              32.6156538
            ],
            [
              120.0717929,
              32.6156583
            ],
            [
              120.0717312,
              32.6156538
            ],
            [
              120.071691,
              32.6156696
            ]
          ]
        ]
      }
    },
    {
      "type": "Feature",
      "id": "cn0000385-h09-water-1",
      "properties": {
        "course_id": "cn0000385",
        "hole": 9,
        "feature_type": "water",
        "index": 1
      },
      "geometry": {
        "type": "Polygon",
        "coordinates": [
          [
            [
              120.0708407,
              32.6163993
            ],
            [
              120.0708058,
              32.6163993
            ],
            [
              120.0707763,
              32.6163744
            ],
            [
              120.0707468,
              32.6163632
            ],
            [
              120.0707415,
              32.6163451
            ],
            [
              120.07072,
              32.6163225
            ],
            [
              120.0706744,
              32.6162931
            ],
            [
              120.0706691,
              32.616266
            ],
            [
              120.0706583,
              32.6162524
            ],
            [
              120.0706583,
              32.6162276
            ],
            [
              120.0706396,
              32.6162186
            ],
            [
              120.0706369,
              32.6161869
            ],
            [
              120.07061,
              32.6161553
            ],
            [
              120.07061,
              32.6161282
            ],
            [
              120.0706342,
              32.6161327
            ],
            [
              120.070653,
              32.6161259
            ],
            [
              120.0706932,
              32.6161395
            ],
            [
              120.0707361,
              32.6161372
            ],
            [
              120.0707522,
              32.6161305
            ],
            [
              120.0707763,
              32.6161372
            ],
            [
              120.070838,
              32.6161327
            ],
            [
              120.0708595,
              32.6161395
            ],
            [
              120.0708917,
              32.6161237
            ],
            [
              120.0708836,
              32.6161056
            ],
            [
              120.0708514,
              32.6160966
            ],
            [
              120.0708246,
              32.6161033
            ],
            [
              120.0707844,
              32.6160988
            ],
            [
              120.0707603,
              32.6161033
            ],
            [
              120.0706583,
              32.6160988
            ],
            [
              120.0706476,
              32.6161033
            ],
            [
              120.0706288,
              32.6160966
            ],
            [
              120.07061,
              32.6161011
            ],
            [
              120.070602,
              32.6161192
            ],
            [
              120.0705752,
              32.6161169
            ],
            [
              120.0705698,
              32.6160988
            ],
            [
              120.070543,
              32.6160807
            ],
            [
              120.070543,
              32.6160469
            ],
            [
              120.0705242,
              32.6160107
            ],
            [
              120.0705242,
              32.6159452
            ],
            [
              120.0704947,
              32.6159362
            ],
            [
              120.0704947,
              32.6159271
            ],
            [
              120.0704652,
              32.6159113
            ],
            [
              120.0704384,
              32.6158842
            ],
            [
              120.0704089,
              32.6158729
            ],
            [
              120.0703928,
              32.6158752
            ],
            [
              120.0703633,
              32.6158593
            ],
            [
              120.0702694,
              32.6158413
            ],
            [
              120.0702426,
              32.6158277
            ],
            [
              120.0702131,
              32.6158322
            ],
            [
              120.0701648,
              32.6158571
            ],
            [
              120.0701407,
              32.6158503
            ],
            [
              120.0701272,
              32.6158209
            ],
            [
              120.0701648,
              32.6158074
            ],
            [
              120.0701997,
              32.6158074
            ],
            [
              120.0702158,
              32.615778
            ],
            [
              120.0702319,
              32.6157961
            ],
            [
              120.0702399,
              32.6157983
            ],
            [
              120.070256,
              32.6157893
            ],
            [
              120.070256,
              32.615778
            ],
            [
              120.0702426,
              32.6157712
            ],
            [
              120.0702426,
              32.6157622
            ],
            [
              120.0702667,
              32.6157441
            ],
            [
              120.0702587,
              32.6157215
            ],
            [
              120.0702828,
              32.6157102
            ],
            [
              120.0702801,
              32.6156763
            ],
            [
              120.0702935,
              32.6156289
            ],
            [
              120.0703096,
              32.6156176
            ],
            [
              120.070315,
              32.6156018
            ],
            [
              120.0703177,
              32.6155182
            ],
            [
              120.0703096,
              32.6154933
            ],
            [
              120.0702667,
              32.615464
            ],
            [
              120.0702614,
              32.6154211
            ],
            [
              120.0702667,
              32.6153985
            ],
            [
              120.0702479,
              32.6153894
            ],
            [
              120.0702372,
              32.6153601
            ],
            [
              120.0702238,
              32.615351
            ],
            [
              120.0702104,
              32.6152832
            ],
            [
              120.0701809,
              32.6152516
            ],
            [
              120.0701997,
              32.615159
            ],
            [
              120.0701675,
              32.6151454
            ],
            [
              120.0701675,
              32.6151319
            ],
            [
              120.0701568,
              32.6151228
            ],
            [
              120.0701326,
              32.6151228
            ],
            [
              120.0701112,
              32.6151115
            ],
            [
              120.0700682,
              32.615107
            ],
            [
              120.070028,
              32.6151161
            ],
            [
              120.0699958,
              32.6151115
            ],
            [
              120.0699663,
              32.6151206
            ],
            [
              120.0699529,
              32.6151364
            ],
            [
              120.0699288,
              32.6151386
            ],
            [
              120.0699154,
              32.6151499
            ],
            [
              120.0698885,
              32.6151522
            ],
            [
              120.069851,
              32.6151409
            ],
            [
              120.0698027,
              32.6151409
            ],
            [
              120.0697544,
              32.6151251
            ],
            [
              120.0697544,
              32.615107
            ],
            [
              120.069741,
              32.6150957
            ],
            [
              120.069741,
              32.615037
            ],
            [
              120.0697571,
              32.6150144
            ],
            [
              120.0697598,
              32.614985
            ],
            [
              120.0697786,
              32.6149443
            ],
            [
              120.0697947,
              32.6149353
            ],
            [
              120.0697973,
              32.6149172
            ],
            [
              120.0698107,
              32.6149082
            ],
            [
              120.0698215,
              32.6148879
            ],
            [
              120.0698215,
              32.6148698
            ],
            [
              120.0698349,
              32.6148608
            ],
            [
              120.0698403,
              32.6148449
            ],
            [
              120.0698751,
              32.6148404
            ],
            [
              120.0698885,
              32.6148291
            ],
            [
              120.0699368,
              32.6148111
            ],
            [
              120.0700039,
              32.6148088
            ],
            [
              120.0700387,
              32.6148178
            ],
            [
              120.0700575,
              32.6148088
            ],
            [
              120.0701085,
              32.614802
            ],
            [
              120.0701782,
              32.6148065
            ],
            [
              120.0702184,
              32.6147862
            ],
            [
              120.0702211,
              32.6147636
            ],
            [
              120.0702533,
              32.6147591
            ],
            [
              120.0702721,
              32.6147455
            ],
            [
              120.0703391,
              32.6147455
            ],
            [
              120.0703633,
              32.6147568
            ],
            [
              120.0703794,
              32.6147478
            ],
            [
              120.0703821,
              32.6147342
            ],
            [
              120.0703928,
              32.6147342
            ],
            [
              120.0703982,
              32.6147568
            ],
            [
              120.0704089,
              32.6147636
            ],
            [
              120.0704089,
              32.6147772
            ],
            [
              120.0703928,
              32.614793
            ],
            [
              120.0703928,
              32.6148133
            ],
            [
              120.0704089,
              32.6148246
            ],
            [
              120.0703928,
              32.6148427
            ],
            [
              120.0703955,
              32.6148901
            ],
            [
              120.0704089,
              32.6149172
            ],
            [
              120.070433,
              32.6149331
            ],
            [
              120.0704357,
              32.6149534
            ],
            [
              120.0705162,
              32.6150076
            ],
            [
              120.0705457,
              32.6150166
            ],
            [
              120.070602,
              32.6150166
            ],
            [
              120.0706476,
              32.6150008
            ],
            [
              120.0706905,
              32.6150166
            ],
            [
              120.0707281,
              32.6150031
            ],
            [
              120.0707603,
              32.6150076
            ],
            [
              120.0707763,
              32.6150212
            ],
            [
              120.070779,
              32.6150935
            ],
            [
              120.0707978,
              32.6151161
            ],
            [
              120.0708246,
              32.6151296
            ],
            [
              120.0708783,
              32.6151748
            ],
            [
              120.07094,
              32.6151951
            ],
            [
              120.071007,
              32.6152335
            ],
            [
              120.0710392,
              32.6152719
            ],
            [
              120.0710526,
              32.6153013
            ],
            [
              120.0710955,
              32.615342
            ],
            [
              120.071117,
              32.6153488
            ],
            [
              120.0711331,
              32.6153442
            ],
            [
              120.0711653,
              32.6153623
            ],
            [
              120.0711653,
              32.6153804
            ],
            [
              120.0711572,
              32.6153872
            ],
            [
              120.0711599,
              32.615412
            ],
            [
              120.0711814,
              32.6154233
            ],
            [
              120.0712028,
              32.6154482
            ],
            [
              120.0712457,
              32.615473
            ],
            [
              120.0712377,
              32.6154866
            ],
            [
              120.071243,
              32.6155227
            ],
            [
              120.0712618,
              32.6155385
            ],
            [
              120.0712618,
              32.6155476
            ],
            [
              120.0712886,
              32.6155634
            ],
            [
              120.0713047,
              32.6155882
            ],
            [
              120.0712833,
              32.615595
            ],
            [
              120.0712135,
              32.6155995
            ],
            [
              120.071125,
              32.615595
            ],
            [
              120.0711089,
              32.6156041
            ],
            [
              120.0711089,
              32.6156153
            ],
            [
              120.0711197,
              32.6156266
            ],
            [
              120.0711545,
              32.6156244
            ],
            [
              120.0711921,
              32.6156312
            ],
            [
              120.0712082,
              32.6156244
            ],
            [
              120.0712296,
              32.6156289
            ],
            [
              120.0712457,
              32.6156244
            ],
            [
              120.0713181,
              32.6156312
            ],
            [
              120.0713396,
              32.6156244
            ],
            [
              120.0713933,
              32.6156379
            ],
            [
              120.0714496,
              32.6156153
            ],
            [
              120.0714684,
              32.6156334
            ],
            [
              120.0715059,
              32.6156357
            ],
            [
              120.0715274,
              32.6156289
            ],
            [
              120.0715515,
              32.6156425
            ],
            [
              120.0715756,
              32.6156447
            ],
            [
              120.0715837,
              32.615656
            ],
            [
              120.0715837,
              32.6156809
            ],
            [
              120.0715354,
              32.6156899
            ],
            [
              120.0715166,
              32.615708
            ],
            [
              120.0714549,
              32.6157057
            ],
            [
              120.0714442,
              32.6157193
            ],
            [
              120.071412,
              32.6157238
            ],
            [
              120.0713959,
              32.6157396
            ],
            [
              120.0713503,
              32.6157509
            ],
            [
              120.071294,
              32.6157961
            ],
            [
              120.0712806,
              32.6158255
            ],
            [
              120.0712645,
              32.6158413
            ],
            [
              120.0712618,
              32.6158593
            ],
            [
              120.071235,
              32.615909
            ],
            [
              120.0712109,
              32.6159316
            ],
            [
              120.0712082,
              32.6159588
            ],
            [
              120.0711921,
              32.6159904
            ],
            [
              120.0711679,
              32.616013
            ],
            [
              120.0711706,
              32.6160446
            ],
            [
              120.0711599,
              32.6160853
            ],
            [
              120.0711465,
              32.6160988
            ],
            [
              120.0711465,
              32.6161101
            ],
            [
              120.0711223,
              32.6161508
            ],
            [
              120.0711036,
              32.6161621
            ],
            [
              120.0710982,
              32.6161824
            ],
            [
              120.0710633,
              32.6162186
            ],
            [
              120.0709909,
              32.6162637
            ],
            [
              120.0709426,
              32.616318
            ],
            [
              120.0709051,
              32.6163451
            ],
            [
              120.0708836,
              32.6163519
            ],
            [
              120.0708649,
              32.6163699
            ],
            [
              120.0708622,
              32.6163835
            ],
            [
              120.0708407,
              32.6163993
            ]
          ]
        ]
      }
    },
    {
      "type": "Feature",
      "id": "cn0000385-h09-bridge-0",
      "properties": {
        "course_id": "cn0000385",
        "hole": 9,
        "feature_type": "bridge",
        "index": 0
      },
      "geometry": {
        "type": "Polygon",
        "coordinates": [
          [
            [
              120.0716389,
              32.6155953
            ],
            [
              120.0716415,
              32.6156043
            ],
            [
              120.0716442,
              32.6156133
            ],
            [
              120.0716469,
              32.6156224
            ],
            [
              120.0716496,
              32.6156314
            ],
            [
              120.0716523,
              32.6156404
            ],
            [
              120.071655,
              32.6156495
            ],
            [
              120.0716576,
              32.6156585
            ],
            [
              120.0716603,
              32.6156676
            ],
            [
              120.071663,
              32.6156766
            ],
            [
              120.0716009,
              32.6156897
            ],
            [
              120.0715982,
              32.6156806
            ],
            [
              120.0715956,
              32.6156716
            ],
            [
              120.0715929,
              32.6156625
            ],
            [
              120.0715902,
              32.6156535
            ],
            [
              120.0715875,
              32.6156445
            ],
            [
              120.0715848,
              32.6156354
            ],
            [
              120.0715822,
              32.6156264
            ],
            [
              120.0715795,
              32.6156174
            ],
            [
              120.0715768,
              32.6156083
            ],
            [
              120.0716389,
              32.6155953
            ]
          ]
        ]
      }
    },
    {
      "type": "Feature",
      "id": "cn0000385-h09-centerline-0",
      "properties": {
        "course_id": "cn0000385",
        "hole": 9,
        "feature_type": "centerline",
        "index": 0
      },
      "geometry": {
        "type": "LineString",
        "coordinates": [
          [
            120.0706069,
            32.6149118
          ],
          [
            120.0708428,
            32.6148934
          ],
          [
            120.0713897,
            32.6153715
          ],
          [
            120.0714647,
            32.6157328
          ],
          [
            120.0713896,
            32.6159316
          ],
          [
            120.0712502,
            32.6160583
          ],
          [
            120.0712502,
            32.6163067
          ]
        ]
      }
    },
    {
      "type": "Feature",
      "id": "cn0000385-h09-cart_path-0",
      "properties": {
        "course_id": "cn0000385",
        "hole": 9,
        "feature_type": "cart_path",
        "index": 0
      },
      "geometry": {
        "type": "LineString",
        "coordinates": [
          [
            120.0715703,
            32.6154753
          ],
          [
            120.07164,
            32.6157102
          ]
        ]
      }
    },
    {
      "type": "Feature",
      "id": "cn0000385-h09-cart_path-1",
      "properties": {
        "course_id": "cn0000385",
        "hole": 9,
        "feature_type": "cart_path",
        "index": 1
      },
      "geometry": {
        "type": "LineString",
        "coordinates": [
          [
            120.0712055,
            32.6144134
          ],
          [
            120.0710875,
            32.6143999
          ],
          [
            120.070889,
            32.6143321
          ],
          [
            120.0707227,
            32.6143728
          ]
        ]
      }
    },
    {
      "type": "Feature",
      "id": "cn0000385-h09-cart_path-2",
      "properties": {
        "course_id": "cn0000385",
        "hole": 9,
        "feature_type": "cart_path",
        "index": 2
      },
      "geometry": {
        "type": "LineString",
        "coordinates": [
          [
            120.0715756,
            32.6169212
          ],
          [
            120.0718707,
            32.6169438
          ]
        ]
      }
    },
    {
      "type": "Feature",
      "id": "cn0000385-h09-cart_path-3",
      "properties": {
        "course_id": "cn0000385",
        "hole": 9,
        "feature_type": "cart_path",
        "index": 3
      },
      "geometry": {
        "type": "LineString",
        "coordinates": [
          [
            120.0706208,
            32.6168986
          ],
          [
            120.0703955,
            32.6169618
          ]
        ]
      }
    },
    {
      "type": "Feature",
      "id": "cn0000385-h09-tree-0",
      "properties": {
        "course_id": "cn0000385",
        "hole": 9,
        "feature_type": "tree",
        "index": 0
      },
      "geometry": {
        "type": "Point",
        "coordinates": [
          120.0708333,
          32.6144199
        ]
      }
    },
    {
      "type": "Feature",
      "id": "cn0000385-h09-tree-1",
      "properties": {
        "course_id": "cn0000385",
        "hole": 9,
        "feature_type": "tree",
        "index": 1
      },
      "geometry": {
        "type": "Point",
        "coordinates": [
          120.071392,
          32.614393
        ]
      }
    },
    {
      "type": "Feature",
      "id": "cn0000385-h09-tree-2",
      "properties": {
        "course_id": "cn0000385",
        "hole": 9,
        "feature_type": "tree",
        "index": 2
      },
      "geometry": {
        "type": "Point",
        "coordinates": [
          120.07065,
          32.6149331
        ]
      }
    },
    {
      "type": "Feature",
      "id": "cn0000385-h09-tree-3",
      "properties": {
        "course_id": "cn0000385",
        "hole": 9,
        "feature_type": "tree",
        "index": 3
      },
      "geometry": {
        "type": "Point",
        "coordinates": [
          120.0710919,
          32.6152783
        ]
      }
    },
    {
      "type": "Feature",
      "id": "cn0000385-h09-tree-4",
      "properties": {
        "course_id": "cn0000385",
        "hole": 9,
        "feature_type": "tree",
        "index": 4
      },
      "geometry": {
        "type": "Point",
        "coordinates": [
          120.0713173,
          32.6150006
        ]
      }
    },
    {
      "type": "Feature",
      "id": "cn0000385-h09-tree-5",
      "properties": {
        "course_id": "cn0000385",
        "hole": 9,
        "feature_type": "tree",
        "index": 5
      },
      "geometry": {
        "type": "Point",
        "coordinates": [
          120.07177,
          32.6161865
        ]
      }
    },
    {
      "type": "Feature",
      "id": "cn0000385-h09-tree-6",
      "properties": {
        "course_id": "cn0000385",
        "hole": 9,
        "feature_type": "tree",
        "index": 6
      },
      "geometry": {
        "type": "Point",
        "coordinates": [
          120.0712282,
          32.6168523
        ]
      }
    },
    {
      "type": "Feature",
      "id": "cn0000385-h09-tree-7",
      "properties": {
        "course_id": "cn0000385",
        "hole": 9,
        "feature_type": "tree",
        "index": 7
      },
      "geometry": {
        "type": "Point",
        "coordinates": [
          120.0705426,
          32.6165188
        ]
      }
    },
    {
      "type": "Feature",
      "id": "cn0000385-h09-tee-black",
      "properties": {
        "course_id": "cn0000385",
        "hole": 9,
        "feature_type": "tee",
        "color": "black",
        "distance_m": 181
      },
      "geometry": {
        "type": "Point",
        "coordinates": [
          120.0706069,
          32.6149118
        ]
      }
    },
    {
      "type": "Feature",
      "id": "cn0000385-h09-tee-blue",
      "properties": {
        "course_id": "cn0000385",
        "hole": 9,
        "feature_type": "tee",
        "color": "blue",
        "distance_m": 164
      },
      "geometry": {
        "type": "Point",
        "coordinates": [
          120.0709876,
          32.6150152
        ]
      }
    },
    {
      "type": "Feature",
      "id": "cn0000385-h09-tee-white",
      "properties": {
        "course_id": "cn0000385",
        "hole": 9,
        "feature_type": "tee",
        "color": "white",
        "distance_m": 139
      },
      "geometry": {
        "type": "Point",
        "coordinates": [
          120.0713521,
          32.6152948
        ]
      }
    },
    {
      "type": "Feature",
      "id": "cn0000385-h09-tee-red",
      "properties": {
        "course_id": "cn0000385",
        "hole": 9,
        "feature_type": "tee",
        "color": "red",
        "distance_m": 99
      },
      "geometry": {
        "type": "Point",
        "coordinates": [
          120.0714969,
          32.6155295
        ]
      }
    },
    {
      "type": "Feature",
      "id": "cn0000385-h09-flag-daily_pin",
      "properties": {
        "course_id": "cn0000385",
        "hole": 9,
        "feature_type": "flag",
        "role": "daily_pin"
      },
      "geometry": {
        "type": "Point",
        "coordinates": [
          120.0712502,
          32.6163067
        ]
      }
    },
    {
      "type": "Feature",
      "id": "cn0000385-h09-green_target-front",
      "properties": {
        "course_id": "cn0000385",
        "hole": 9,
        "feature_type": "green_target",
        "role": "front"
      },
      "geometry": {
        "type": "Point",
        "coordinates": [
          120.07119,
          32.6161761
        ]
      }
    },
    {
      "type": "Feature",
      "id": "cn0000385-h09-green_target-middle",
      "properties": {
        "course_id": "cn0000385",
        "hole": 9,
        "feature_type": "green_target",
        "role": "middle"
      },
      "geometry": {
        "type": "Point",
        "coordinates": [
          120.07125227586208,
          32.61631120344828
        ]
      }
    },
    {
      "type": "Feature",
      "id": "cn0000385-h09-green_target-back",
      "properties": {
        "course_id": "cn0000385",
        "hole": 9,
        "feature_type": "green_target",
        "role": "back"
      },
      "geometry": {
        "type": "Point",
        "coordinates": [
          120.0713104,
          32.6164373
        ]
      }
    },
    {
      "type": "Feature",
      "id": "cn0000385-h10-hole_perimeter-0",
      "properties": {
        "course_id": "cn0000385",
        "hole": 10,
        "feature_type": "hole_perimeter",
        "index": 0
      },
      "geometry": {
        "type": "Polygon",
        "coordinates": [
          [
            [
              120.0701616,
              32.6209277
            ],
            [
              120.0700827,
              32.6208999
            ],
            [
              120.070045,
              32.6208669
            ],
            [
              120.0700043,
              32.6207911
            ],
            [
              120.0699968,
              32.6207087
            ],
            [
              120.0696673,
              32.6206956
            ],
            [
              120.0699365,
              32.6192321
            ],
            [
              120.0698084,
              32.6187039
            ],
            [
              120.0699433,
              32.6181121
            ],
            [
              120.0700191,
              32.6179889
            ],
            [
              120.0700333,
              32.6177966
            ],
            [
              120.0702388,
              32.6175879
            ],
            [
              120.0702748,
              32.6173923
            ],
            [
              120.0704257,
              32.6174132
            ],
            [
              120.0704954,
              32.6173505
            ],
            [
              120.0705866,
              32.6173332
            ],
            [
              120.0706608,
              32.6173539
            ],
            [
              120.0707217,
              32.6174134
            ],
            [
              120.0707349,
              32.6174783
            ],
            [
              120.0707093,
              32.6175421
            ],
            [
              120.0707375,
              32.6176118
            ],
            [
              120.0706573,
              32.6179024
            ],
            [
              120.0704474,
              32.6182111
            ],
            [
              120.0706403,
              32.6193879
            ],
            [
              120.070784,
              32.6198244
            ],
            [
              120.0705528,
              32.6207309
            ],
            [
              120.0703796,
              32.620724
            ],
            [
              120.0703508,
              32.6208207
            ],
            [
              120.0702931,
              32.6208881
            ],
            [
              120.0702119,
              32.6209251
            ],
            [
              120.0701616,
              32.6209277
            ]
          ]
        ]
      }
    },
    {
      "type": "Feature",
      "id": "cn0000385-h10-rough-0",
      "properties": {
        "course_id": "cn0000385",
        "hole": 10,
        "feature_type": "rough",
        "index": 0
      },
      "geometry": {
        "type": "Polygon",
        "coordinates": [
          [
            [
              120.0701616,
              32.6209277
            ],
            [
              120.0700827,
              32.6208999
            ],
            [
              120.070045,
              32.6208669
            ],
            [
              120.0700043,
              32.6207911
            ],
            [
              120.0699968,
              32.6207087
            ],
            [
              120.0696673,
              32.6206956
            ],
            [
              120.0699365,
              32.6192321
            ],
            [
              120.0698084,
              32.6187039
            ],
            [
              120.0699433,
              32.6181121
            ],
            [
              120.0700191,
              32.6179889
            ],
            [
              120.0700333,
              32.6177966
            ],
            [
              120.0702388,
              32.6175879
            ],
            [
              120.0702748,
              32.6173923
            ],
            [
              120.0704257,
              32.6174132
            ],
            [
              120.0704954,
              32.6173505
            ],
            [
              120.0705866,
              32.6173332
            ],
            [
              120.0706608,
              32.6173539
            ],
            [
              120.0707217,
              32.6174134
            ],
            [
              120.0707349,
              32.6174783
            ],
            [
              120.0707093,
              32.6175421
            ],
            [
              120.0707375,
              32.6176118
            ],
            [
              120.0706573,
              32.6179024
            ],
            [
              120.0704474,
              32.6182111
            ],
            [
              120.0706403,
              32.6193879
            ],
            [
              120.070784,
              32.6198244
            ],
            [
              120.0705528,
              32.6207309
            ],
            [
              120.0703796,
              32.620724
            ],
            [
              120.0703508,
              32.6208207
            ],
            [
              120.0702931,
              32.6208881
            ],
            [
              120.0702119,
              32.6209251
            ],
            [
              120.0701616,
              32.6209277
            ]
          ]
        ]
      }
    },
    {
      "type": "Feature",
      "id": "cn0000385-h10-tee_box-0",
      "properties": {
        "course_id": "cn0000385",
        "hole": 10,
        "feature_type": "tee_box",
        "index": 0
      },
      "geometry": {
        "type": "Polygon",
        "coordinates": [
          [
            [
              120.0702189,
              32.6181353
            ],
            [
              120.0701805,
              32.6181656
            ],
            [
              120.0701375,
              32.6181735
            ],
            [
              120.0700877,
              32.6181596
            ],
            [
              120.0700553,
              32.6181248
            ],
            [
              120.0700621,
              32.6178086
            ],
            [
              120.0702694,
              32.6175994
            ],
            [
              120.0705132,
              32.6174116
            ],
            [
              120.0705608,
              32.6173925
            ],
            [
              120.070613,
              32.6173987
            ],
            [
              120.0706601,
              32.6174417
            ],
            [
              120.0706574,
              32.6175003
            ],
            [
              120.0702189,
              32.6181353
            ]
          ]
        ]
      }
    },
    {
      "type": "Feature",
      "id": "cn0000385-h10-fairway-0",
      "properties": {
        "course_id": "cn0000385",
        "hole": 10,
        "feature_type": "fairway",
        "index": 0
      },
      "geometry": {
        "type": "Polygon",
        "coordinates": [
          [
            [
              120.0699776,
              32.6194394
            ],
            [
              120.069948,
              32.6194136
            ],
            [
              120.0699452,
              32.6193682
            ],
            [
              120.0699111,
              32.6193697
            ],
            [
              120.0699365,
              32.6192321
            ],
            [
              120.0698359,
              32.6188176
            ],
            [
              120.0700049,
              32.6181276
            ],
            [
              120.070268,
              32.6177237
            ],
            [
              120.0702651,
              32.6176992
            ],
            [
              120.0703183,
              32.6176569
            ],
            [
              120.0705047,
              32.6174123
            ],
            [
              120.0705535,
              32.617389
            ],
            [
              120.0706004,
              32.61739
            ],
            [
              120.0706628,
              32.6174354
            ],
            [
              120.0706645,
              32.6174976
            ],
            [
              120.0704057,
              32.6178441
            ],
            [
              120.0703559,
              32.617921
            ],
            [
              120.0703614,
              32.6179478
            ],
            [
              120.0703277,
              32.6179906
            ],
            [
              120.0703088,
              32.6179938
            ],
            [
              120.0701892,
              32.6181787
            ],
            [
              120.0700742,
              32.6186832
            ],
            [
              120.0701104,
              32.6187031
            ],
            [
              120.0701456,
              32.6188501
            ],
            [
              120.0702339,
              32.6185273
            ],
            [
              120.0704621,
              32.6197067
            ],
            [
              120.0704513,
              32.6204325
            ],
            [
              120.0704789,
              32.620728
            ],
            [
              120.0702846,
              32.6207202
            ],
            [
              120.0702597,
              32.6207709
            ],
            [
              120.0702024,
              32.6207968
            ],
            [
              120.0701234,
              32.6207767
            ],
            [
              120.0700918,
              32.6207125
            ],
            [
              120.0697812,
              32.6207001
            ],
            [
              120.0698193,
              32.6200433
            ],
            [
              120.0699776,
              32.6194394
            ]
          ]
        ]
      }
    },
    {
      "type": "Feature",
      "id": "cn0000385-h10-green_fringe-0",
      "properties": {
        "course_id": "cn0000385",
        "hole": 10,
        "feature_type": "green_fringe",
        "index": 0
      },
      "geometry": {
        "type": "Polygon",
        "coordinates": [
          [
            [
              120.0701657,
              32.6209054
            ],
            [
              120.0702029,
              32.6209038
            ],
            [
              120.0702393,
              32.6208928
            ],
            [
              120.0702732,
              32.620873
            ],
            [
              120.0703028,
              32.6208453
            ],
            [
              120.0703266,
              32.6208111
            ],
            [
              120.0703436,
              32.6207722
            ],
            [
              120.0703527,
              32.6207305
            ],
            [
              120.0703536,
              32.6206881
            ],
            [
              120.0703461,
              32.6206471
            ],
            [
              120.0703308,
              32.6206096
            ],
            [
              120.0703083,
              32.6205774
            ],
            [
              120.0702798,
              32.6205522
            ],
            [
              120.0702467,
              32.6205353
            ],
            [
              120.0702107,
              32.6205274
            ],
            [
              120.0701735,
              32.620529
            ],
            [
              120.0701371,
              32.62054
            ],
            [
              120.0701032,
              32.6205598
            ],
            [
              120.0700736,
              32.6205875
            ],
            [
              120.0700498,
              32.6206217
            ],
            [
              120.0700328,
              32.6206606
            ],
            [
              120.0700237,
              32.6207023
            ],
            [
              120.0700228,
              32.6207447
            ],
            [
              120.0700303,
              32.6207857
            ],
            [
              120.0700456,
              32.6208232
            ],
            [
              120.0700681,
              32.6208554
            ],
            [
              120.0700966,
              32.6208806
            ],
            [
              120.0701297,
              32.6208975
            ],
            [
              120.0701657,
              32.6209054
            ]
          ]
        ]
      }
    },
    {
      "type": "Feature",
      "id": "cn0000385-h10-green-0",
      "properties": {
        "course_id": "cn0000385",
        "hole": 10,
        "feature_type": "green",
        "index": 0
      },
      "geometry": {
        "type": "Polygon",
        "coordinates": [
          [
            [
              120.07017,
              32.6208694
            ],
            [
              120.0701976,
              32.6208679
            ],
            [
              120.0702248,
              32.6208588
            ],
            [
              120.0702501,
              32.6208425
            ],
            [
              120.0702723,
              32.62082
            ],
            [
              120.0702903,
              32.6207922
            ],
            [
              120.0703031,
              32.6207606
            ],
            [
              120.0703102,
              32.6207268
            ],
            [
              120.0703112,
              32.6206925
            ],
            [
              120.070306,
              32.6206594
            ],
            [
              120.070295,
              32.6206292
            ],
            [
              120.0702785,
              32.6206033
            ],
            [
              120.0702575,
              32.6205831
            ],
            [
              120.0702331,
              32.6205695
            ],
            [
              120.0702064,
              32.6205634
            ],
            [
              120.0701788,
              32.6205649
            ],
            [
              120.0701516,
              32.620574
            ],
            [
              120.0701263,
              32.6205903
            ],
            [
              120.0701041,
              32.6206128
            ],
            [
              120.0700861,
              32.6206406
            ],
            [
              120.0700733,
              32.6206722
            ],
            [
              120.0700662,
              32.620706
            ],
            [
              120.0700652,
              32.6207403
            ],
            [
              120.0700704,
              32.6207734
            ],
            [
              120.0700814,
              32.6208036
            ],
            [
              120.0700979,
              32.6208295
            ],
            [
              120.0701189,
              32.6208497
            ],
            [
              120.0701433,
              32.6208633
            ],
            [
              120.07017,
              32.6208694
            ]
          ]
        ]
      }
    },
    {
      "type": "Feature",
      "id": "cn0000385-h10-bunker-0",
      "properties": {
        "course_id": "cn0000385",
        "hole": 10,
        "feature_type": "bunker",
        "index": 0
      },
      "geometry": {
        "type": "Polygon",
        "coordinates": [
          [
            [
              120.069982,
              32.619545
            ],
            [
              120.0699979,
              32.6196449
            ],
            [
              120.0699377,
              32.6196441
            ],
            [
              120.0699168,
              32.6196759
            ],
            [
              120.0698548,
              32.6196759
            ],
            [
              120.0698749,
              32.619567
            ],
            [
              120.069982,
              32.619545
            ]
          ]
        ]
      }
    },
    {
      "type": "Feature",
      "id": "cn0000385-h10-bunker-1",
      "properties": {
        "course_id": "cn0000385",
        "hole": 10,
        "feature_type": "bunker",
        "index": 1
      },
      "geometry": {
        "type": "Polygon",
        "coordinates": [
          [
            [
              120.0698671,
              32.6197764
            ],
            [
              120.0698362,
              32.6197772
            ],
            [
              120.0698502,
              32.619701
            ],
            [
              120.0698671,
              32.6197764
            ]
          ]
        ]
      }
    },
    {
      "type": "Feature",
      "id": "cn0000385-h10-bunker-2",
      "properties": {
        "course_id": "cn0000385",
        "hole": 10,
        "feature_type": "bunker",
        "index": 2
      },
      "geometry": {
        "type": "Polygon",
        "coordinates": [
          [
            [
              120.0699144,
              32.619469
            ],
            [
              120.0698891,
              32.6194893
            ],
            [
              120.0699026,
              32.6194162
            ],
            [
              120.0699144,
              32.619469
            ]
          ]
        ]
      }
    },
    {
      "type": "Feature",
      "id": "cn0000385-h10-bunker-3",
      "properties": {
        "course_id": "cn0000385",
        "hole": 10,
        "feature_type": "bunker",
        "index": 3
      },
      "geometry": {
        "type": "Polygon",
        "coordinates": [
          [
            [
              120.0702615,
              32.6205746
            ],
            [
              120.0702928,
              32.6205535
            ],
            [
              120.0703715,
              32.6205497
            ],
            [
              120.0703211,
              32.6206616
            ],
            [
              120.0702612,
              32.6206672
            ],
            [
              120.0702615,
              32.6205746
            ]
          ]
        ]
      }
    },
    {
      "type": "Feature",
      "id": "cn0000385-h10-bunker-4",
      "properties": {
        "course_id": "cn0000385",
        "hole": 10,
        "feature_type": "bunker",
        "index": 4
      },
      "geometry": {
        "type": "Polygon",
        "coordinates": [
          [
            [
              120.0704423,
              32.6207265
            ],
            [
              120.0703548,
              32.620723
            ],
            [
              120.070338,
              32.6207223
            ],
            [
              120.0704362,
              32.6207027
            ],
            [
              120.0704884,
              32.6207283
            ],
            [
              120.0704423,
              32.6207265
            ]
          ]
        ]
      }
    },
    {
      "type": "Feature",
      "id": "cn0000385-h10-bunker-5",
      "properties": {
        "course_id": "cn0000385",
        "hole": 10,
        "feature_type": "bunker",
        "index": 5
      },
      "geometry": {
        "type": "Polygon",
        "coordinates": [
          [
            [
              120.0704091,
              32.6205996
            ],
            [
              120.0704626,
              32.6205693
            ],
            [
              120.0704925,
              32.6205896
            ],
            [
              120.0704911,
              32.6206311
            ],
            [
              120.0704669,
              32.620656
            ],
            [
              120.0704128,
              32.6206606
            ],
            [
              120.0704091,
              32.6205996
            ]
          ]
        ]
      }
    },
    {
      "type": "Feature",
      "id": "cn0000385-h10-centerline-0",
      "properties": {
        "course_id": "cn0000385",
        "hole": 10,
        "feature_type": "centerline",
        "index": 0
      },
      "geometry": {
        "type": "LineString",
        "coordinates": [
          [
            120.0705745,
            32.6174684
          ],
          [
            120.0703225,
            32.6178029
          ],
          [
            120.0700973,
            32.618151
          ],
          [
            120.0699686,
            32.6187158
          ],
          [
            120.0700972,
            32.619217
          ],
          [
            120.0702419,
            32.6197904
          ],
          [
            120.0701882,
            32.6207164
          ]
        ]
      }
    },
    {
      "type": "Feature",
      "id": "cn0000385-h10-cart_path-0",
      "properties": {
        "course_id": "cn0000385",
        "hole": 10,
        "feature_type": "cart_path",
        "index": 0
      },
      "geometry": {
        "type": "LineString",
        "coordinates": [
          [
            120.0706798,
            32.6188867
          ],
          [
            120.0705993,
            32.619395
          ],
          [
            120.07061,
            32.6195147
          ],
          [
            120.0707012,
            32.6196457
          ]
        ]
      }
    },
    {
      "type": "Feature",
      "id": "cn0000385-h10-cart_path-1",
      "properties": {
        "course_id": "cn0000385",
        "hole": 10,
        "feature_type": "cart_path",
        "index": 1
      },
      "geometry": {
        "type": "LineString",
        "coordinates": [
          [
            120.0717741,
            32.6170341
          ],
          [
            120.0717527,
            32.617129
          ],
          [
            120.0716829,
            32.6171381
          ],
          [
            120.0716668,
            32.6172058
          ]
        ]
      }
    },
    {
      "type": "Feature",
      "id": "cn0000385-h10-cart_path-2",
      "properties": {
        "course_id": "cn0000385",
        "hole": 10,
        "feature_type": "cart_path",
        "index": 2
      },
      "geometry": {
        "type": "LineString",
        "coordinates": [
          [
            120.0707603,
            32.6175357
          ],
          [
            120.0707442,
            32.6171968
          ],
          [
            120.0706369,
            32.6171742
          ],
          [
            120.0706583,
            32.617111
          ]
        ]
      }
    },
    {
      "type": "Feature",
      "id": "cn0000385-h10-cart_path-3",
      "properties": {
        "course_id": "cn0000385",
        "hole": 10,
        "feature_type": "cart_path",
        "index": 3
      },
      "geometry": {
        "type": "LineString",
        "coordinates": [
          [
            120.0715703,
            32.6169347
          ],
          [
            120.0715703,
            32.6170522
          ],
          [
            120.0716507,
            32.6170567
          ],
          [
            120.0715649,
            32.6171335
          ],
          [
            120.0715756,
            32.6172058
          ],
          [
            120.0716615,
            32.6172104
          ],
          [
            120.0716883,
            32.6171381
          ],
          [
            120.0717473,
            32.6171335
          ]
        ]
      }
    },
    {
      "type": "Feature",
      "id": "cn0000385-h10-cart_path-4",
      "properties": {
        "course_id": "cn0000385",
        "hole": 10,
        "feature_type": "cart_path",
        "index": 4
      },
      "geometry": {
        "type": "LineString",
        "coordinates": [
          [
            120.0710607,
            32.6179469
          ],
          [
            120.0710607,
            32.6178249
          ],
          [
            120.0709856,
            32.6178294
          ],
          [
            120.0709695,
            32.6178158
          ],
          [
            120.0709641,
            32.6176125
          ],
          [
            120.0709265,
            32.6175402
          ]
        ]
      }
    },
    {
      "type": "Feature",
      "id": "cn0000385-h10-cart_path-5",
      "properties": {
        "course_id": "cn0000385",
        "hole": 10,
        "feature_type": "cart_path",
        "index": 5
      },
      "geometry": {
        "type": "LineString",
        "coordinates": [
          [
            120.0717312,
            32.6178294
          ],
          [
            120.0719351,
            32.6178429
          ],
          [
            120.0720316,
            32.6177977
          ]
        ]
      }
    },
    {
      "type": "Feature",
      "id": "cn0000385-h10-tree-0",
      "properties": {
        "course_id": "cn0000385",
        "hole": 10,
        "feature_type": "tree",
        "index": 0
      },
      "geometry": {
        "type": "Point",
        "coordinates": [
          120.0713458,
          32.6171081
        ]
      }
    },
    {
      "type": "Feature",
      "id": "cn0000385-h10-tree-1",
      "properties": {
        "course_id": "cn0000385",
        "hole": 10,
        "feature_type": "tree",
        "index": 1
      },
      "geometry": {
        "type": "Point",
        "coordinates": [
          120.0718202,
          32.6175192
        ]
      }
    },
    {
      "type": "Feature",
      "id": "cn0000385-h10-tree-2",
      "properties": {
        "course_id": "cn0000385",
        "hole": 10,
        "feature_type": "tree",
        "index": 2
      },
      "geometry": {
        "type": "Point",
        "coordinates": [
          120.0712775,
          32.6177912
        ]
      }
    },
    {
      "type": "Feature",
      "id": "cn0000385-h10-tree-3",
      "properties": {
        "course_id": "cn0000385",
        "hole": 10,
        "feature_type": "tree",
        "index": 3
      },
      "geometry": {
        "type": "Point",
        "coordinates": [
          120.0717171,
          32.6181324
        ]
      }
    },
    {
      "type": "Feature",
      "id": "cn0000385-h10-tree-4",
      "properties": {
        "course_id": "cn0000385",
        "hole": 10,
        "feature_type": "tree",
        "index": 4
      },
      "geometry": {
        "type": "Point",
        "coordinates": [
          120.071266,
          32.6180594
        ]
      }
    },
    {
      "type": "Feature",
      "id": "cn0000385-h10-tree-5",
      "properties": {
        "course_id": "cn0000385",
        "hole": 10,
        "feature_type": "tree",
        "index": 5
      },
      "geometry": {
        "type": "Point",
        "coordinates": [
          120.0711273,
          32.6182931
        ]
      }
    },
    {
      "type": "Feature",
      "id": "cn0000385-h10-tree-6",
      "properties": {
        "course_id": "cn0000385",
        "hole": 10,
        "feature_type": "tree",
        "index": 6
      },
      "geometry": {
        "type": "Point",
        "coordinates": [
          120.0706787,
          32.6181072
        ]
      }
    },
    {
      "type": "Feature",
      "id": "cn0000385-h10-tee-black",
      "properties": {
        "course_id": "cn0000385",
        "hole": 10,
        "feature_type": "tee",
        "color": "black",
        "distance_m": 377
      },
      "geometry": {
        "type": "Point",
        "coordinates": [
          120.0705745,
          32.6174684
        ]
      }
    },
    {
      "type": "Feature",
      "id": "cn0000385-h10-tee-blue",
      "properties": {
        "course_id": "cn0000385",
        "hole": 10,
        "feature_type": "tee",
        "color": "blue",
        "distance_m": 360
      },
      "geometry": {
        "type": "Point",
        "coordinates": [
          120.0703386,
          32.6176493
        ]
      }
    },
    {
      "type": "Feature",
      "id": "cn0000385-h10-tee-white",
      "properties": {
        "course_id": "cn0000385",
        "hole": 10,
        "feature_type": "tee",
        "color": "white",
        "distance_m": 332
      },
      "geometry": {
        "type": "Point",
        "coordinates": [
          120.0701456,
          32.6178393
        ]
      }
    },
    {
      "type": "Feature",
      "id": "cn0000385-h10-tee-red",
      "properties": {
        "course_id": "cn0000385",
        "hole": 10,
        "feature_type": "tee",
        "color": "red",
        "distance_m": 306
      },
      "geometry": {
        "type": "Point",
        "coordinates": [
          120.0701402,
          32.6180967
        ]
      }
    },
    {
      "type": "Feature",
      "id": "cn0000385-h10-flag-daily_pin",
      "properties": {
        "course_id": "cn0000385",
        "hole": 10,
        "feature_type": "flag",
        "role": "daily_pin"
      },
      "geometry": {
        "type": "Point",
        "coordinates": [
          120.0701882,
          32.6207164
        ]
      }
    },
    {
      "type": "Feature",
      "id": "cn0000385-h10-green_target-front",
      "properties": {
        "course_id": "cn0000385",
        "hole": 10,
        "feature_type": "green_target",
        "role": "front"
      },
      "geometry": {
        "type": "Point",
        "coordinates": [
          120.0702064,
          32.6205634
        ]
      }
    },
    {
      "type": "Feature",
      "id": "cn0000385-h10-green_target-middle",
      "properties": {
        "course_id": "cn0000385",
        "hole": 10,
        "feature_type": "green_target",
        "role": "middle"
      },
      "geometry": {
        "type": "Point",
        "coordinates": [
          120.0701875724138,
          32.620721675862065
        ]
      }
    },
    {
      "type": "Feature",
      "id": "cn0000385-h10-green_target-back",
      "properties": {
        "course_id": "cn0000385",
        "hole": 10,
        "feature_type": "green_target",
        "role": "back"
      },
      "geometry": {
        "type": "Point",
        "coordinates": [
          120.07017,
          32.6208694
        ]
      }
    },
    {
      "type": "Feature",
      "id": "cn0000385-h11-hole_perimeter-0",
      "properties": {
        "course_id": "cn0000385",
        "hole": 11,
        "feature_type": "hole_perimeter",
        "index": 0
      },
      "geometry": {
        "type": "Polygon",
        "coordinates": [
          [
            [
              120.0693962,
              32.6208893
            ],
            [
              120.0693381,
              32.6209118
            ],
            [
              120.0692563,
              32.6208517
            ],
            [
              120.0692126,
              32.6207824
            ],
            [
              120.0684681,
              32.6185953
            ],
            [
              120.0684263,
              32.6183354
            ],
            [
              120.0684211,
              32.6179164
            ],
            [
              120.0688278,
              32.617911
            ],
            [
              120.0688305,
              32.617844
            ],
            [
              120.068867,
              32.6177639
            ],
            [
              120.0689324,
              32.6177124
            ],
            [
              120.06898,
              32.6176987
            ],
            [
              120.0690671,
              32.6177086
            ],
            [
              120.069143,
              32.6177575
            ],
            [
              120.0691959,
              32.617837
            ],
            [
              120.0692116,
              32.617906
            ],
            [
              120.0693622,
              32.617904
            ],
            [
              120.0696234,
              32.618099
            ],
            [
              120.0696305,
              32.6185259
            ],
            [
              120.0696777,
              32.6190398
            ],
            [
              120.0696872,
              32.6206729
            ],
            [
              120.0697484,
              32.6208179
            ],
            [
              120.0697173,
              32.6208921
            ],
            [
              120.0696274,
              32.6209432
            ],
            [
              120.0695195,
              32.6209348
            ],
            [
              120.0694426,
              32.6208706
            ],
            [
              120.0693962,
              32.6208893
            ]
          ]
        ]
      }
    },
    {
      "type": "Feature",
      "id": "cn0000385-h11-rough-0",
      "properties": {
        "course_id": "cn0000385",
        "hole": 11,
        "feature_type": "rough",
        "index": 0
      },
      "geometry": {
        "type": "Polygon",
        "coordinates": [
          [
            [
              120.0693962,
              32.6208893
            ],
            [
              120.0693381,
              32.6209118
            ],
            [
              120.0692563,
              32.6208517
            ],
            [
              120.0692126,
              32.6207824
            ],
            [
              120.0684681,
              32.6185953
            ],
            [
              120.0684263,
              32.6183354
            ],
            [
              120.0684211,
              32.6179164
            ],
            [
              120.0688278,
              32.617911
            ],
            [
              120.0688305,
              32.617844
            ],
            [
              120.068867,
              32.6177639
            ],
            [
              120.0689324,
              32.6177124
            ],
            [
              120.06898,
              32.6176987
            ],
            [
              120.0690671,
              32.6177086
            ],
            [
              120.069143,
              32.6177575
            ],
            [
              120.0691959,
              32.617837
            ],
            [
              120.0692116,
              32.617906
            ],
            [
              120.0693622,
              32.617904
            ],
            [
              120.0696234,
              32.618099
            ],
            [
              120.0696305,
              32.6185259
            ],
            [
              120.0696777,
              32.6190398
            ],
            [
              120.0696872,
              32.6206729
            ],
            [
              120.0697484,
              32.6208179
            ],
            [
              120.0697173,
              32.6208921
            ],
            [
              120.0696274,
              32.6209432
            ],
            [
              120.0695195,
              32.6209348
            ],
            [
              120.0694426,
              32.6208706
            ],
            [
              120.0693962,
              32.6208893
            ]
          ]
        ]
      }
    },
    {
      "type": "Feature",
      "id": "cn0000385-h11-tee_box-0",
      "properties": {
        "course_id": "cn0000385",
        "hole": 11,
        "feature_type": "tee_box",
        "index": 0
      },
      "geometry": {
        "type": "Polygon",
        "coordinates": [
          [
            [
              120.0696773,
              32.6207979
            ],
            [
              120.0696623,
              32.620856
            ],
            [
              120.0696113,
              32.6208861
            ],
            [
              120.0695413,
              32.6208781
            ],
            [
              120.0695018,
              32.6208377
            ],
            [
              120.0694188,
              32.620555
            ],
            [
              120.0693741,
              32.6202619
            ],
            [
              120.0693878,
              32.6202107
            ],
            [
              120.0694372,
              32.6201789
            ],
            [
              120.0695075,
              32.6201843
            ],
            [
              120.069552,
              32.6202305
            ],
            [
              120.0696773,
              32.6207979
            ]
          ]
        ]
      }
    },
    {
      "type": "Feature",
      "id": "cn0000385-h11-fairway-0",
      "properties": {
        "course_id": "cn0000385",
        "hole": 11,
        "feature_type": "fairway",
        "index": 0
      },
      "geometry": {
        "type": "Polygon",
        "coordinates": [
          [
            [
              120.0692992,
              32.6206313
            ],
            [
              120.0689061,
              32.6191866
            ],
            [
              120.0688185,
              32.6189163
            ],
            [
              120.0686522,
              32.6182535
            ],
            [
              120.0686602,
              32.6179698
            ],
            [
              120.0687061,
              32.6179126
            ],
            [
              120.0689232,
              32.6179098
            ],
            [
              120.0689443,
              32.6178579
            ],
            [
              120.0690089,
              32.6178277
            ],
            [
              120.069087,
              32.6178501
            ],
            [
              120.0691117,
              32.6178837
            ],
            [
              120.0691165,
              32.6179237
            ],
            [
              120.069352,
              32.6180846
            ],
            [
              120.0693985,
              32.6181638
            ],
            [
              120.0694105,
              32.6187406
            ],
            [
              120.0695902,
              32.6206277
            ],
            [
              120.0696812,
              32.6207918
            ],
            [
              120.0696654,
              32.6208601
            ],
            [
              120.0696206,
              32.6208884
            ],
            [
              120.0695739,
              32.6208925
            ],
            [
              120.0695165,
              32.6208669
            ],
            [
              120.0694761,
              32.620804
            ],
            [
              120.0693937,
              32.6208305
            ],
            [
              120.0693436,
              32.6207946
            ],
            [
              120.0692992,
              32.6206313
            ]
          ]
        ]
      }
    },
    {
      "type": "Feature",
      "id": "cn0000385-h11-green_fringe-0",
      "properties": {
        "course_id": "cn0000385",
        "hole": 11,
        "feature_type": "green_fringe",
        "index": 0
      },
      "geometry": {
        "type": "Polygon",
        "coordinates": [
          [
            [
              120.068983,
              32.6177211
            ],
            [
              120.0689477,
              32.6177309
            ],
            [
              120.0689159,
              32.6177496
            ],
            [
              120.0688894,
              32.6177763
            ],
            [
              120.0688693,
              32.6178096
            ],
            [
              120.0688569,
              32.6178479
            ],
            [
              120.0688526,
              32.6178892
            ],
            [
              120.0688566,
              32.6179315
            ],
            [
              120.0688689,
              32.6179726
            ],
            [
              120.0688887,
              32.6180105
            ],
            [
              120.0689151,
              32.6180433
            ],
            [
              120.0689467,
              32.6180693
            ],
            [
              120.068982,
              32.6180873
            ],
            [
              120.0690192,
              32.6180963
            ],
            [
              120.0690564,
              32.6180959
            ],
            [
              120.0690917,
              32.6180861
            ],
            [
              120.0691235,
              32.6180674
            ],
            [
              120.06915,
              32.6180407
            ],
            [
              120.0691701,
              32.6180074
            ],
            [
              120.0691825,
              32.6179691
            ],
            [
              120.0691868,
              32.6179278
            ],
            [
              120.0691828,
              32.6178855
            ],
            [
              120.0691705,
              32.6178444
            ],
            [
              120.0691507,
              32.6178065
            ],
            [
              120.0691243,
              32.6177737
            ],
            [
              120.0690927,
              32.6177477
            ],
            [
              120.0690574,
              32.6177297
            ],
            [
              120.0690202,
              32.6177207
            ],
            [
              120.068983,
              32.6177211
            ]
          ]
        ]
      }
    },
    {
      "type": "Feature",
      "id": "cn0000385-h11-green-0",
      "properties": {
        "course_id": "cn0000385",
        "hole": 11,
        "feature_type": "green",
        "index": 0
      },
      "geometry": {
        "type": "Polygon",
        "coordinates": [
          [
            [
              120.06899,
              32.6177568
            ],
            [
              120.0689638,
              32.6177644
            ],
            [
              120.0689405,
              32.6177792
            ],
            [
              120.0689211,
              32.6178005
            ],
            [
              120.0689066,
              32.6178272
            ],
            [
              120.0688978,
              32.617858
            ],
            [
              120.0688951,
              32.6178913
            ],
            [
              120.0688987,
              32.6179255
            ],
            [
              120.0689083,
              32.6179589
            ],
            [
              120.0689236,
              32.6179897
            ],
            [
              120.0689436,
              32.6180164
            ],
            [
              120.0689675,
              32.6180377
            ],
            [
              120.0689939,
              32.6180526
            ],
            [
              120.0690217,
              32.6180602
            ],
            [
              120.0690494,
              32.6180602
            ],
            [
              120.0690756,
              32.6180526
            ],
            [
              120.0690989,
              32.6180378
            ],
            [
              120.0691183,
              32.6180165
            ],
            [
              120.0691328,
              32.6179898
            ],
            [
              120.0691416,
              32.617959
            ],
            [
              120.0691443,
              32.6179257
            ],
            [
              120.0691407,
              32.6178915
            ],
            [
              120.0691311,
              32.6178581
            ],
            [
              120.0691158,
              32.6178273
            ],
            [
              120.0690958,
              32.6178006
            ],
            [
              120.0690719,
              32.6177793
            ],
            [
              120.0690455,
              32.6177644
            ],
            [
              120.0690177,
              32.6177568
            ],
            [
              120.06899,
              32.6177568
            ]
          ]
        ]
      }
    },
    {
      "type": "Feature",
      "id": "cn0000385-h11-bunker-0",
      "properties": {
        "course_id": "cn0000385",
        "hole": 11,
        "feature_type": "bunker",
        "index": 0
      },
      "geometry": {
        "type": "Polygon",
        "coordinates": [
          [
            [
              120.0691371,
              32.6182947
            ],
            [
              120.0691314,
              32.6183268
            ],
            [
              120.0691705,
              32.6183407
            ],
            [
              120.069215,
              32.6183913
            ],
            [
              120.0692148,
              32.618451
            ],
            [
              120.0691756,
              32.6184741
            ],
            [
              120.0691196,
              32.6184741
            ],
            [
              120.0690361,
              32.6183821
            ],
            [
              120.0690307,
              32.6183223
            ],
            [
              120.0690812,
              32.6182808
            ],
            [
              120.0691371,
              32.6182947
            ]
          ]
        ]
      }
    },
    {
      "type": "Feature",
      "id": "cn0000385-h11-bunker-1",
      "properties": {
        "course_id": "cn0000385",
        "hole": 11,
        "feature_type": "bunker",
        "index": 1
      },
      "geometry": {
        "type": "Polygon",
        "coordinates": [
          [
            [
              120.0687082,
              32.6179126
            ],
            [
              120.0687205,
              32.6179124
            ],
            [
              120.0687234,
              32.6179512
            ],
            [
              120.0686564,
              32.6179611
            ],
            [
              120.0686452,
              32.6180035
            ],
            [
              120.0685796,
              32.6180031
            ],
            [
              120.0685279,
              32.6179255
            ],
            [
              120.0687082,
              32.6179126
            ]
          ]
        ]
      }
    },
    {
      "type": "Feature",
      "id": "cn0000385-h11-bunker-2",
      "properties": {
        "course_id": "cn0000385",
        "hole": 11,
        "feature_type": "bunker",
        "index": 2
      },
      "geometry": {
        "type": "Polygon",
        "coordinates": [
          [
            [
              120.0687883,
              32.6179909
            ],
            [
              120.068775,
              32.6180289
            ],
            [
              120.068806,
              32.6180589
            ],
            [
              120.0688071,
              32.6181025
            ],
            [
              120.0687477,
              32.6181297
            ],
            [
              120.0686833,
              32.6181047
            ],
            [
              120.0686625,
              32.618057
            ],
            [
              120.068681,
              32.6180174
            ],
            [
              120.0687314,
              32.6179831
            ],
            [
              120.0687883,
              32.6179909
            ]
          ]
        ]
      }
    },
    {
      "type": "Feature",
      "id": "cn0000385-h11-centerline-0",
      "properties": {
        "course_id": "cn0000385",
        "hole": 11,
        "feature_type": "centerline",
        "index": 0
      },
      "geometry": {
        "type": "LineString",
        "coordinates": [
          [
            120.0695877,
            32.620812
          ],
          [
            120.0694162,
            32.6205096
          ],
          [
            120.0692983,
            32.6201891
          ],
          [
            120.0691911,
            32.6197601
          ],
          [
            120.0690893,
            32.6191911
          ],
          [
            120.0690304,
            32.6185498
          ],
          [
            120.0690197,
            32.6179085
          ]
        ]
      }
    },
    {
      "type": "Feature",
      "id": "cn0000385-h11-cart_path-0",
      "properties": {
        "course_id": "cn0000385",
        "hole": 11,
        "feature_type": "cart_path",
        "index": 0
      },
      "geometry": {
        "type": "LineString",
        "coordinates": [
          [
            120.0698215,
            32.6208024
          ],
          [
            120.0698429,
            32.6207663
          ],
          [
            120.0698322,
            32.6207256
          ],
          [
            120.0697303,
            32.6205855
          ],
          [
            120.0697464,
            32.6204093
          ],
          [
            120.0697035,
            32.6200705
          ],
          [
            120.0696552,
            32.6199711
          ],
          [
            120.069682,
            32.6197632
          ]
        ]
      }
    },
    {
      "type": "Feature",
      "id": "cn0000385-h11-cart_path-1",
      "properties": {
        "course_id": "cn0000385",
        "hole": 11,
        "feature_type": "cart_path",
        "index": 1
      },
      "geometry": {
        "type": "LineString",
        "coordinates": [
          [
            120.0696123,
            32.6178249
          ],
          [
            120.0696659,
            32.617983
          ],
          [
            120.0696176,
            32.6182225
          ],
          [
            120.0696176,
            32.6183354
          ],
          [
            120.0696552,
            32.6184168
          ],
          [
            120.0696552,
            32.61848
          ]
        ]
      }
    },
    {
      "type": "Feature",
      "id": "cn0000385-h11-cart_path-2",
      "properties": {
        "course_id": "cn0000385",
        "hole": 11,
        "feature_type": "cart_path",
        "index": 2
      },
      "geometry": {
        "type": "LineString",
        "coordinates": [
          [
            120.0698966,
            32.6186246
          ],
          [
            120.0698483,
            32.6188596
          ],
          [
            120.0698644,
            32.6190855
          ],
          [
            120.0698161,
            32.6192075
          ]
        ]
      }
    },
    {
      "type": "Feature",
      "id": "cn0000385-h11-cart_path-3",
      "properties": {
        "course_id": "cn0000385",
        "hole": 11,
        "feature_type": "cart_path",
        "index": 3
      },
      "geometry": {
        "type": "LineString",
        "coordinates": [
          [
            120.0684857,
            32.617251
          ],
          [
            120.0685072,
            32.6174589
          ],
          [
            120.068475,
            32.617486
          ],
          [
            120.0684348,
            32.6177164
          ],
          [
            120.0684267,
            32.6180869
          ],
          [
            120.0683838,
            32.6182496
          ],
          [
            120.0683945,
            32.6184348
          ]
        ]
      }
    },
    {
      "type": "Feature",
      "id": "cn0000385-h11-cart_path-4",
      "properties": {
        "course_id": "cn0000385",
        "hole": 11,
        "feature_type": "cart_path",
        "index": 4
      },
      "geometry": {
        "type": "LineString",
        "coordinates": [
          [
            120.0695693,
            32.6188144
          ],
          [
            120.0696284,
            32.618593
          ]
        ]
      }
    },
    {
      "type": "Feature",
      "id": "cn0000385-h11-cart_path-5",
      "properties": {
        "course_id": "cn0000385",
        "hole": 11,
        "feature_type": "cart_path",
        "index": 5
      },
      "geometry": {
        "type": "LineString",
        "coordinates": [
          [
            120.0678608,
            32.6180101
          ],
          [
            120.0678554,
            32.617809
          ]
        ]
      }
    },
    {
      "type": "Feature",
      "id": "cn0000385-h11-cart_path-6",
      "properties": {
        "course_id": "cn0000385",
        "hole": 11,
        "feature_type": "cart_path",
        "index": 6
      },
      "geometry": {
        "type": "LineString",
        "coordinates": [
          [
            120.0683597,
            32.619029
          ],
          [
            120.0684267,
            32.6188053
          ]
        ]
      }
    },
    {
      "type": "Feature",
      "id": "cn0000385-h11-cart_path-7",
      "properties": {
        "course_id": "cn0000385",
        "hole": 11,
        "feature_type": "cart_path",
        "index": 7
      },
      "geometry": {
        "type": "LineString",
        "coordinates": [
          [
            120.069961,
            32.6177209
          ],
          [
            120.069961,
            32.617852
          ],
          [
            120.0699234,
            32.617974
          ],
          [
            120.0699341,
            32.6181818
          ]
        ]
      }
    },
    {
      "type": "Feature",
      "id": "cn0000385-h11-cart_path-8",
      "properties": {
        "course_id": "cn0000385",
        "hole": 11,
        "feature_type": "cart_path",
        "index": 8
      },
      "geometry": {
        "type": "LineString",
        "coordinates": [
          [
            120.0687861,
            32.6175176
          ],
          [
            120.0687593,
            32.6174363
          ],
          [
            120.0687808,
            32.6172872
          ]
        ]
      }
    },
    {
      "type": "Feature",
      "id": "cn0000385-h11-tree-0",
      "properties": {
        "course_id": "cn0000385",
        "hole": 11,
        "feature_type": "tree",
        "index": 0
      },
      "geometry": {
        "type": "Point",
        "coordinates": [
          120.0695472,
          32.6175943
        ]
      }
    },
    {
      "type": "Feature",
      "id": "cn0000385-h11-tree-1",
      "properties": {
        "course_id": "cn0000385",
        "hole": 11,
        "feature_type": "tree",
        "index": 1
      },
      "geometry": {
        "type": "Point",
        "coordinates": [
          120.0686131,
          32.6179087
        ]
      }
    },
    {
      "type": "Feature",
      "id": "cn0000385-h11-tree-2",
      "properties": {
        "course_id": "cn0000385",
        "hole": 11,
        "feature_type": "tree",
        "index": 2
      },
      "geometry": {
        "type": "Point",
        "coordinates": [
          120.0697763,
          32.6181125
        ]
      }
    },
    {
      "type": "Feature",
      "id": "cn0000385-h11-tree-3",
      "properties": {
        "course_id": "cn0000385",
        "hole": 11,
        "feature_type": "tree",
        "index": 3
      },
      "geometry": {
        "type": "Point",
        "coordinates": [
          120.0684739,
          32.6182547
        ]
      }
    },
    {
      "type": "Feature",
      "id": "cn0000385-h11-tree-4",
      "properties": {
        "course_id": "cn0000385",
        "hole": 11,
        "feature_type": "tree",
        "index": 4
      },
      "geometry": {
        "type": "Point",
        "coordinates": [
          120.069759,
          32.6182645
        ]
      }
    },
    {
      "type": "Feature",
      "id": "cn0000385-h11-tree-5",
      "properties": {
        "course_id": "cn0000385",
        "hole": 11,
        "feature_type": "tree",
        "index": 5
      },
      "geometry": {
        "type": "Point",
        "coordinates": [
          120.068703,
          32.6184489
        ]
      }
    },
    {
      "type": "Feature",
      "id": "cn0000385-h11-tree-6",
      "properties": {
        "course_id": "cn0000385",
        "hole": 11,
        "feature_type": "tree",
        "index": 6
      },
      "geometry": {
        "type": "Point",
        "coordinates": [
          120.0697357,
          32.6185327
        ]
      }
    },
    {
      "type": "Feature",
      "id": "cn0000385-h11-tree-7",
      "properties": {
        "course_id": "cn0000385",
        "hole": 11,
        "feature_type": "tree",
        "index": 7
      },
      "geometry": {
        "type": "Point",
        "coordinates": [
          120.0696884,
          32.6190004
        ]
      }
    },
    {
      "type": "Feature",
      "id": "cn0000385-h11-tree-8",
      "properties": {
        "course_id": "cn0000385",
        "hole": 11,
        "feature_type": "tree",
        "index": 8
      },
      "geometry": {
        "type": "Point",
        "coordinates": [
          120.0695906,
          32.6193144
        ]
      }
    },
    {
      "type": "Feature",
      "id": "cn0000385-h11-tree-9",
      "properties": {
        "course_id": "cn0000385",
        "hole": 11,
        "feature_type": "tree",
        "index": 9
      },
      "geometry": {
        "type": "Point",
        "coordinates": [
          120.0695489,
          32.6196871
        ]
      }
    },
    {
      "type": "Feature",
      "id": "cn0000385-h11-tree-10",
      "properties": {
        "course_id": "cn0000385",
        "hole": 11,
        "feature_type": "tree",
        "index": 10
      },
      "geometry": {
        "type": "Point",
        "coordinates": [
          120.0697236,
          32.6207463
        ]
      }
    },
    {
      "type": "Feature",
      "id": "cn0000385-h11-tee-black",
      "properties": {
        "course_id": "cn0000385",
        "hole": 11,
        "feature_type": "tee",
        "color": "black",
        "distance_m": 326
      },
      "geometry": {
        "type": "Point",
        "coordinates": [
          120.0695877,
          32.620812
        ]
      }
    },
    {
      "type": "Feature",
      "id": "cn0000385-h11-tee-blue",
      "properties": {
        "course_id": "cn0000385",
        "hole": 11,
        "feature_type": "tee",
        "color": "blue",
        "distance_m": 309
      },
      "geometry": {
        "type": "Point",
        "coordinates": [
          120.0695502,
          32.620663
        ]
      }
    },
    {
      "type": "Feature",
      "id": "cn0000385-h11-tee-white",
      "properties": {
        "course_id": "cn0000385",
        "hole": 11,
        "feature_type": "tee",
        "color": "white",
        "distance_m": 292
      },
      "geometry": {
        "type": "Point",
        "coordinates": [
          120.0695073,
          32.6205366
        ]
      }
    },
    {
      "type": "Feature",
      "id": "cn0000385-h11-tee-red",
      "properties": {
        "course_id": "cn0000385",
        "hole": 11,
        "feature_type": "tee",
        "color": "red",
        "distance_m": 264
      },
      "geometry": {
        "type": "Point",
        "coordinates": [
          120.0694645,
          32.6202521
        ]
      }
    },
    {
      "type": "Feature",
      "id": "cn0000385-h11-flag-daily_pin",
      "properties": {
        "course_id": "cn0000385",
        "hole": 11,
        "feature_type": "flag",
        "role": "daily_pin"
      },
      "geometry": {
        "type": "Point",
        "coordinates": [
          120.0690197,
          32.6179085
        ]
      }
    },
    {
      "type": "Feature",
      "id": "cn0000385-h11-green_target-front",
      "properties": {
        "course_id": "cn0000385",
        "hole": 11,
        "feature_type": "green_target",
        "role": "front"
      },
      "geometry": {
        "type": "Point",
        "coordinates": [
          120.0690494,
          32.6180602
        ]
      }
    },
    {
      "type": "Feature",
      "id": "cn0000385-h11-green_target-middle",
      "properties": {
        "course_id": "cn0000385",
        "hole": 11,
        "feature_type": "green_target",
        "role": "middle"
      },
      "geometry": {
        "type": "Point",
        "coordinates": [
          120.06901867586207,
          32.61790326896553
        ]
      }
    },
    {
      "type": "Feature",
      "id": "cn0000385-h11-green_target-back",
      "properties": {
        "course_id": "cn0000385",
        "hole": 11,
        "feature_type": "green_target",
        "role": "back"
      },
      "geometry": {
        "type": "Point",
        "coordinates": [
          120.06899,
          32.6177568
        ]
      }
    },
    {
      "type": "Feature",
      "id": "cn0000385-h12-hole_perimeter-0",
      "properties": {
        "course_id": "cn0000385",
        "hole": 12,
        "feature_type": "hole_perimeter",
        "index": 0
      },
      "geometry": {
        "type": "Polygon",
        "coordinates": [
          [
            [
              120.0688217,
              32.6207255
            ],
            [
              120.0686922,
              32.620694
            ],
            [
              120.0686313,
              32.6206335
            ],
            [
              120.0686007,
              32.6205589
            ],
            [
              120.0685264,
              32.6205531
            ],
            [
              120.0685143,
              32.6204899
            ],
            [
              120.0685644,
              32.6203937
            ],
            [
              120.0685452,
              32.6201558
            ],
            [
              120.0684637,
              32.6196584
            ],
            [
              120.0684059,
              32.6196177
            ],
            [
              120.068387,
              32.6195601
            ],
            [
              120.0684197,
              32.6193491
            ],
            [
              120.0684091,
              32.619187
            ],
            [
              120.0684594,
              32.6191206
            ],
            [
              120.0685449,
              32.6190889
            ],
            [
              120.0686634,
              32.6191168
            ],
            [
              120.068721,
              32.6191941
            ],
            [
              120.0687404,
              32.6193261
            ],
            [
              120.0687917,
              32.6194433
            ],
            [
              120.0687964,
              32.6197145
            ],
            [
              120.0688831,
              32.6202205
            ],
            [
              120.0689222,
              32.6203934
            ],
            [
              120.0689791,
              32.6205049
            ],
            [
              120.0689756,
              32.6205908
            ],
            [
              120.0689377,
              32.6206636
            ],
            [
              120.0689014,
              32.6206961
            ],
            [
              120.0688217,
              32.6207255
            ]
          ]
        ]
      }
    },
    {
      "type": "Feature",
      "id": "cn0000385-h12-rough-0",
      "properties": {
        "course_id": "cn0000385",
        "hole": 12,
        "feature_type": "rough",
        "index": 0
      },
      "geometry": {
        "type": "Polygon",
        "coordinates": [
          [
            [
              120.0688217,
              32.6207255
            ],
            [
              120.0686922,
              32.620694
            ],
            [
              120.0686313,
              32.6206335
            ],
            [
              120.0686007,
              32.6205589
            ],
            [
              120.0685264,
              32.6205531
            ],
            [
              120.0685143,
              32.6204899
            ],
            [
              120.0685644,
              32.6203937
            ],
            [
              120.0685452,
              32.6201558
            ],
            [
              120.0684637,
              32.6196584
            ],
            [
              120.0684059,
              32.6196177
            ],
            [
              120.068387,
              32.6195601
            ],
            [
              120.0684197,
              32.6193491
            ],
            [
              120.0684091,
              32.619187
            ],
            [
              120.0684594,
              32.6191206
            ],
            [
              120.0685449,
              32.6190889
            ],
            [
              120.0686634,
              32.6191168
            ],
            [
              120.068721,
              32.6191941
            ],
            [
              120.0687404,
              32.6193261
            ],
            [
              120.0687917,
              32.6194433
            ],
            [
              120.0687964,
              32.6197145
            ],
            [
              120.0688831,
              32.6202205
            ],
            [
              120.0689222,
              32.6203934
            ],
            [
              120.0689791,
              32.6205049
            ],
            [
              120.0689756,
              32.6205908
            ],
            [
              120.0689377,
              32.6206636
            ],
            [
              120.0689014,
              32.6206961
            ],
            [
              120.0688217,
              32.6207255
            ]
          ]
        ]
      }
    },
    {
      "type": "Feature",
      "id": "cn0000385-h12-tee_box-0",
      "properties": {
        "course_id": "cn0000385",
        "hole": 12,
        "feature_type": "tee_box",
        "index": 0
      },
      "geometry": {
        "type": "Polygon",
        "coordinates": [
          [
            [
              120.0686003,
              32.6195742
            ],
            [
              120.0685643,
              32.6196241
            ],
            [
              120.0685059,
              32.619639
            ],
            [
              120.0684432,
              32.6196144
            ],
            [
              120.0684193,
              32.6195672
            ],
            [
              120.0684752,
              32.6192061
            ],
            [
              120.0685079,
              32.619163
            ],
            [
              120.0685567,
              32.6191469
            ],
            [
              120.0686224,
              32.6191645
            ],
            [
              120.0686546,
              32.6192158
            ],
            [
              120.0686003,
              32.6195742
            ]
          ]
        ]
      }
    },
    {
      "type": "Feature",
      "id": "cn0000385-h12-fairway-0",
      "properties": {
        "course_id": "cn0000385",
        "hole": 12,
        "feature_type": "fairway",
        "index": 0
      },
      "geometry": {
        "type": "Polygon",
        "coordinates": [
          [
            [
              120.0686753,
              32.620517
            ],
            [
              120.0686166,
              32.6204467
            ],
            [
              120.0686007,
              32.6201374
            ],
            [
              120.0684681,
              32.6192332
            ],
            [
              120.0684881,
              32.6191733
            ],
            [
              120.0685525,
              32.6191427
            ],
            [
              120.0686159,
              32.6191549
            ],
            [
              120.0686582,
              32.6192058
            ],
            [
              120.0687666,
              32.6199479
            ],
            [
              120.0688098,
              32.6201763
            ],
            [
              120.0688455,
              32.6202496
            ],
            [
              120.0688327,
              32.6202874
            ],
            [
              120.068861,
              32.6204124
            ],
            [
              120.0688862,
              32.6203899
            ],
            [
              120.068883,
              32.6202855
            ],
            [
              120.0689024,
              32.6203776
            ],
            [
              120.0689208,
              32.6203873
            ],
            [
              120.0688912,
              32.6203842
            ],
            [
              120.068868,
              32.6204286
            ],
            [
              120.0688736,
              32.6204433
            ],
            [
              120.0688972,
              32.6204483
            ],
            [
              120.0688898,
              32.620467
            ],
            [
              120.0689046,
              32.6205016
            ],
            [
              120.0688837,
              32.6205131
            ],
            [
              120.0688778,
              32.6205601
            ],
            [
              120.0688419,
              32.6205964
            ],
            [
              120.0687976,
              32.6206094
            ],
            [
              120.0687428,
              32.6205999
            ],
            [
              120.0687083,
              32.6205732
            ],
            [
              120.0686916,
              32.6205365
            ],
            [
              120.0686665,
              32.6205292
            ],
            [
              120.0686753,
              32.620517
            ]
          ]
        ]
      }
    },
    {
      "type": "Feature",
      "id": "cn0000385-h12-green_fringe-0",
      "properties": {
        "course_id": "cn0000385",
        "hole": 12,
        "feature_type": "green_fringe",
        "index": 0
      },
      "geometry": {
        "type": "Polygon",
        "coordinates": [
          [
            [
              120.0688191,
              32.620703
            ],
            [
              120.0688547,
              32.6206942
            ],
            [
              120.0688871,
              32.620677
            ],
            [
              120.0689145,
              32.6206523
            ],
            [
              120.0689357,
              32.6206215
            ],
            [
              120.0689494,
              32.6205859
            ],
            [
              120.0689552,
              32.6205476
            ],
            [
              120.0689526,
              32.6205082
            ],
            [
              120.0689418,
              32.6204699
            ],
            [
              120.0689233,
              32.6204345
            ],
            [
              120.0688981,
              32.6204038
            ],
            [
              120.0688674,
              32.6203794
            ],
            [
              120.0688328,
              32.6203624
            ],
            [
              120.068796,
              32.6203538
            ],
            [
              120.0687589,
              32.620354
            ],
            [
              120.0687233,
              32.6203628
            ],
            [
              120.0686909,
              32.62038
            ],
            [
              120.0686635,
              32.6204047
            ],
            [
              120.0686423,
              32.6204355
            ],
            [
              120.0686286,
              32.6204711
            ],
            [
              120.0686228,
              32.6205094
            ],
            [
              120.0686254,
              32.6205488
            ],
            [
              120.0686362,
              32.6205871
            ],
            [
              120.0686547,
              32.6206225
            ],
            [
              120.0686799,
              32.6206532
            ],
            [
              120.0687106,
              32.6206776
            ],
            [
              120.0687452,
              32.6206946
            ],
            [
              120.068782,
              32.6207032
            ],
            [
              120.0688191,
              32.620703
            ]
          ]
        ]
      }
    },
    {
      "type": "Feature",
      "id": "cn0000385-h12-green-0",
      "properties": {
        "course_id": "cn0000385",
        "hole": 12,
        "feature_type": "green",
        "index": 0
      },
      "geometry": {
        "type": "Polygon",
        "coordinates": [
          [
            [
              120.0688129,
              32.6206672
            ],
            [
              120.0688393,
              32.6206604
            ],
            [
              120.0688632,
              32.620647
            ],
            [
              120.0688834,
              32.6206276
            ],
            [
              120.0688988,
              32.6206032
            ],
            [
              120.0689087,
              32.6205751
            ],
            [
              120.0689126,
              32.6205447
            ],
            [
              120.0689104,
              32.6205134
            ],
            [
              120.068902,
              32.6204829
            ],
            [
              120.068888,
              32.6204547
            ],
            [
              120.068869,
              32.6204302
            ],
            [
              120.068846,
              32.6204106
            ],
            [
              120.0688201,
              32.620397
            ],
            [
              120.0687927,
              32.6203899
            ],
            [
              120.0687651,
              32.6203898
            ],
            [
              120.0687387,
              32.6203966
            ],
            [
              120.0687148,
              32.62041
            ],
            [
              120.0686946,
              32.6204294
            ],
            [
              120.0686792,
              32.6204538
            ],
            [
              120.0686693,
              32.6204819
            ],
            [
              120.0686654,
              32.6205123
            ],
            [
              120.0686676,
              32.6205436
            ],
            [
              120.068676,
              32.6205741
            ],
            [
              120.06869,
              32.6206023
            ],
            [
              120.068709,
              32.6206268
            ],
            [
              120.068732,
              32.6206464
            ],
            [
              120.0687579,
              32.62066
            ],
            [
              120.0687853,
              32.6206671
            ],
            [
              120.0688129,
              32.6206672
            ]
          ]
        ]
      }
    },
    {
      "type": "Feature",
      "id": "cn0000385-h12-bunker-0",
      "properties": {
        "course_id": "cn0000385",
        "hole": 12,
        "feature_type": "bunker",
        "index": 0
      },
      "geometry": {
        "type": "Polygon",
        "coordinates": [
          [
            [
              120.0688781,
              32.6204465
            ],
            [
              120.0688706,
              32.6204292
            ],
            [
              120.0688854,
              32.6203919
            ],
            [
              120.0688492,
              32.6203753
            ],
            [
              120.0688331,
              32.6202988
            ],
            [
              120.0688683,
              32.6202755
            ],
            [
              120.068892,
              32.6203822
            ],
            [
              120.0689207,
              32.6203866
            ],
            [
              120.0689311,
              32.6204109
            ],
            [
              120.0689194,
              32.6204351
            ],
            [
              120.0688781,
              32.6204465
            ]
          ]
        ]
      }
    },
    {
      "type": "Feature",
      "id": "cn0000385-h12-bunker-1",
      "properties": {
        "course_id": "cn0000385",
        "hole": 12,
        "feature_type": "bunker",
        "index": 1
      },
      "geometry": {
        "type": "Polygon",
        "coordinates": [
          [
            [
              120.0686586,
              32.6205496
            ],
            [
              120.06864,
              32.620546
            ],
            [
              120.0686544,
              32.6205311
            ],
            [
              120.0687049,
              32.6205421
            ],
            [
              120.0686586,
              32.6205496
            ]
          ]
        ]
      }
    },
    {
      "type": "Feature",
      "id": "cn0000385-h12-water-0",
      "properties": {
        "course_id": "cn0000385",
        "hole": 12,
        "feature_type": "water",
        "index": 0
      },
      "geometry": {
        "type": "Polygon",
        "coordinates": [
          [
            [
              120.0686494,
              32.6197203
            ],
            [
              120.0686413,
              32.6197113
            ],
            [
              120.0686467,
              32.6196887
            ],
            [
              120.068644,
              32.6195915
            ],
            [
              120.0686654,
              32.6195757
            ],
            [
              120.0686896,
              32.6194718
            ],
            [
              120.0687084,
              32.6194582
            ],
            [
              120.0687191,
              32.6194379
            ],
            [
              120.0687218,
              32.6193769
            ],
            [
              120.0687405,
              32.6193633
            ],
            [
              120.0687593,
              32.6193362
            ],
            [
              120.0687781,
              32.6192911
            ],
            [
              120.0687727,
              32.6192504
            ],
            [
              120.0687861,
              32.6191917
            ],
            [
              120.0687861,
              32.6191555
            ],
            [
              120.0687781,
              32.6191397
            ],
            [
              120.0687808,
              32.6191058
            ],
            [
              120.0687727,
              32.6190787
            ],
            [
              120.0688022,
              32.6190493
            ],
            [
              120.0688478,
              32.6190877
            ],
            [
              120.0688478,
              32.6191081
            ],
            [
              120.0688586,
              32.6191216
            ],
            [
              120.0688559,
              32.6191442
            ],
            [
              120.0688854,
              32.6191849
            ],
            [
              120.0688827,
              32.6192436
            ],
            [
              120.0688908,
              32.6192526
            ],
            [
              120.0688934,
              32.6192956
            ],
            [
              120.0689015,
              32.6193023
            ],
            [
              120.0689095,
              32.6193453
            ],
            [
              120.0689498,
              32.6193724
            ],
            [
              120.0689524,
              32.6194063
            ],
            [
              120.06888,
              32.6194311
            ],
            [
              120.0688693,
              32.6194424
            ],
            [
              120.0688371,
              32.619456
            ],
            [
              120.068821,
              32.6195418
            ],
            [
              120.0687513,
              32.6195893
            ],
            [
              120.0687405,
              32.6196051
            ],
            [
              120.0687405,
              32.6196231
            ],
            [
              120.0687218,
              32.6196457
            ],
            [
              120.0687218,
              32.6196638
            ],
            [
              120.0686494,
              32.6197203
            ]
          ]
        ]
      }
    },
    {
      "type": "Feature",
      "id": "cn0000385-h12-centerline-0",
      "properties": {
        "course_id": "cn0000385",
        "hole": 12,
        "feature_type": "centerline",
        "index": 0
      },
      "geometry": {
        "type": "LineString",
        "coordinates": [
          [
            120.0685639,
            32.6192234
          ],
          [
            120.0686175,
            32.6196028
          ],
          [
            120.0686711,
            32.6199595
          ],
          [
            120.0687246,
            32.620244
          ],
          [
            120.068789,
            32.6205285
          ]
        ]
      }
    },
    {
      "type": "Feature",
      "id": "cn0000385-h12-cart_path-0",
      "properties": {
        "course_id": "cn0000385",
        "hole": 12,
        "feature_type": "cart_path",
        "index": 0
      },
      "geometry": {
        "type": "LineString",
        "coordinates": [
          [
            120.0678796,
            32.620712
          ],
          [
            120.0678635,
            32.6203641
          ],
          [
            120.0677669,
            32.6203596
          ],
          [
            120.0677642,
            32.6202602
          ]
        ]
      }
    },
    {
      "type": "Feature",
      "id": "cn0000385-h12-cart_path-1",
      "properties": {
        "course_id": "cn0000385",
        "hole": 12,
        "feature_type": "cart_path",
        "index": 1
      },
      "geometry": {
        "type": "LineString",
        "coordinates": [
          [
            120.0676328,
            32.6206849
          ],
          [
            120.0676543,
            32.6206759
          ],
          [
            120.0676489,
            32.6206352
          ],
          [
            120.0677615,
            32.6206443
          ],
          [
            120.0677669,
            32.6203687
          ],
          [
            120.0678635,
            32.6203551
          ],
          [
            120.0678635,
            32.6200569
          ]
        ]
      }
    },
    {
      "type": "Feature",
      "id": "cn0000385-h12-cart_path-2",
      "properties": {
        "course_id": "cn0000385",
        "hole": 12,
        "feature_type": "cart_path",
        "index": 2
      },
      "geometry": {
        "type": "LineString",
        "coordinates": [
          [
            120.0691509,
            32.6205178
          ],
          [
            120.0691724,
            32.6203551
          ],
          [
            120.0691617,
            32.6202873
          ]
        ]
      }
    },
    {
      "type": "Feature",
      "id": "cn0000385-h12-cart_path-3",
      "properties": {
        "course_id": "cn0000385",
        "hole": 12,
        "feature_type": "cart_path",
        "index": 3
      },
      "geometry": {
        "type": "LineString",
        "coordinates": [
          [
            120.0689793,
            32.6199033
          ],
          [
            120.0689149,
            32.6198717
          ],
          [
            120.0688505,
            32.6198807
          ],
          [
            120.0687271,
            32.6199326
          ],
          [
            120.068534,
            32.6199439
          ]
        ]
      }
    },
    {
      "type": "Feature",
      "id": "cn0000385-h12-cart_path-4",
      "properties": {
        "course_id": "cn0000385",
        "hole": 12,
        "feature_type": "cart_path",
        "index": 4
      },
      "geometry": {
        "type": "LineString",
        "coordinates": [
          [
            120.0683945,
            32.6198717
          ],
          [
            120.068357,
            32.61984
          ],
          [
            120.0683355,
            32.6197677
          ],
          [
            120.068357,
            32.619038
          ]
        ]
      }
    },
    {
      "type": "Feature",
      "id": "cn0000385-h12-cart_path-5",
      "properties": {
        "course_id": "cn0000385",
        "hole": 12,
        "feature_type": "cart_path",
        "index": 5
      },
      "geometry": {
        "type": "LineString",
        "coordinates": [
          [
            120.0693172,
            32.6202918
          ],
          [
            120.0693333,
            32.6203822
          ],
          [
            120.0693226,
            32.6204907
          ],
          [
            120.0693655,
            32.6207346
          ]
        ]
      }
    },
    {
      "type": "Feature",
      "id": "cn0000385-h12-cart_path-6",
      "properties": {
        "course_id": "cn0000385",
        "hole": 12,
        "feature_type": "cart_path",
        "index": 6
      },
      "geometry": {
        "type": "LineString",
        "coordinates": [
          [
            120.0692582,
            32.6199033
          ],
          [
            120.0692636,
            32.6201879
          ]
        ]
      }
    },
    {
      "type": "Feature",
      "id": "cn0000385-h12-tree-0",
      "properties": {
        "course_id": "cn0000385",
        "hole": 12,
        "feature_type": "tree",
        "index": 0
      },
      "geometry": {
        "type": "Point",
        "coordinates": [
          120.0689902,
          32.619454
        ]
      }
    },
    {
      "type": "Feature",
      "id": "cn0000385-h12-tree-1",
      "properties": {
        "course_id": "cn0000385",
        "hole": 12,
        "feature_type": "tree",
        "index": 1
      },
      "geometry": {
        "type": "Point",
        "coordinates": [
          120.0695573,
          32.6200538
        ]
      }
    },
    {
      "type": "Feature",
      "id": "cn0000385-h12-tree-2",
      "properties": {
        "course_id": "cn0000385",
        "hole": 12,
        "feature_type": "tree",
        "index": 2
      },
      "geometry": {
        "type": "Point",
        "coordinates": [
          120.0688717,
          32.6208326
        ]
      }
    },
    {
      "type": "Feature",
      "id": "cn0000385-h12-tree-3",
      "properties": {
        "course_id": "cn0000385",
        "hole": 12,
        "feature_type": "tree",
        "index": 3
      },
      "geometry": {
        "type": "Point",
        "coordinates": [
          120.0688238,
          32.621166
        ]
      }
    },
    {
      "type": "Feature",
      "id": "cn0000385-h12-tee-black",
      "properties": {
        "course_id": "cn0000385",
        "hole": 12,
        "feature_type": "tee",
        "color": "black",
        "distance_m": 160
      },
      "geometry": {
        "type": "Point",
        "coordinates": [
          120.0685639,
          32.6192234
        ]
      }
    },
    {
      "type": "Feature",
      "id": "cn0000385-h12-tee-blue",
      "properties": {
        "course_id": "cn0000385",
        "hole": 12,
        "feature_type": "tee",
        "color": "blue",
        "distance_m": 135
      },
      "geometry": {
        "type": "Point",
        "coordinates": [
          120.0685478,
          32.6193635
        ]
      }
    },
    {
      "type": "Feature",
      "id": "cn0000385-h12-tee-white",
      "properties": {
        "course_id": "cn0000385",
        "hole": 12,
        "feature_type": "tee",
        "color": "white",
        "distance_m": 116
      },
      "geometry": {
        "type": "Point",
        "coordinates": [
          120.0685264,
          32.6194719
        ]
      }
    },
    {
      "type": "Feature",
      "id": "cn0000385-h12-tee-red",
      "properties": {
        "course_id": "cn0000385",
        "hole": 12,
        "feature_type": "tee",
        "color": "red",
        "distance_m": 102
      },
      "geometry": {
        "type": "Point",
        "coordinates": [
          120.0685103,
          32.6195623
        ]
      }
    },
    {
      "type": "Feature",
      "id": "cn0000385-h12-flag-daily_pin",
      "properties": {
        "course_id": "cn0000385",
        "hole": 12,
        "feature_type": "flag",
        "role": "daily_pin"
      },
      "geometry": {
        "type": "Point",
        "coordinates": [
          120.068789,
          32.6205285
        ]
      }
    },
    {
      "type": "Feature",
      "id": "cn0000385-h12-green_target-front",
      "properties": {
        "course_id": "cn0000385",
        "hole": 12,
        "feature_type": "green_target",
        "role": "front"
      },
      "geometry": {
        "type": "Point",
        "coordinates": [
          120.0687651,
          32.6203898
        ]
      }
    },
    {
      "type": "Feature",
      "id": "cn0000385-h12-green_target-middle",
      "properties": {
        "course_id": "cn0000385",
        "hole": 12,
        "feature_type": "green_target",
        "role": "middle"
      },
      "geometry": {
        "type": "Point",
        "coordinates": [
          120.06878982413794,
          32.620533282758615
        ]
      }
    },
    {
      "type": "Feature",
      "id": "cn0000385-h12-green_target-back",
      "properties": {
        "course_id": "cn0000385",
        "hole": 12,
        "feature_type": "green_target",
        "role": "back"
      },
      "geometry": {
        "type": "Point",
        "coordinates": [
          120.0688129,
          32.6206672
        ]
      }
    },
    {
      "type": "Feature",
      "id": "cn0000385-h13-hole_perimeter-0",
      "properties": {
        "course_id": "cn0000385",
        "hole": 13,
        "feature_type": "hole_perimeter",
        "index": 0
      },
      "geometry": {
        "type": "Polygon",
        "coordinates": [
          [
            [
              120.0698979,
              32.6256486
            ],
            [
              120.0697729,
              32.625607
            ],
            [
              120.0697167,
              32.6255382
            ],
            [
              120.0696951,
              32.6254736
            ],
            [
              120.0695591,
              32.6255005
            ],
            [
              120.0695465,
              32.6248226
            ],
            [
              120.06925,
              32.6238204
            ],
            [
              120.0695087,
              32.6227839
            ],
            [
              120.0694862,
              32.6215686
            ],
            [
              120.0693606,
              32.6215117
            ],
            [
              120.0692558,
              32.6211785
            ],
            [
              120.0693101,
              32.621114
            ],
            [
              120.0692557,
              32.6203883
            ],
            [
              120.0693159,
              32.6203108
            ],
            [
              120.0693039,
              32.620245
            ],
            [
              120.0693269,
              32.6201821
            ],
            [
              120.0693824,
              32.6201356
            ],
            [
              120.0694573,
              32.6201167
            ],
            [
              120.0695478,
              32.6201361
            ],
            [
              120.0696162,
              32.6202068
            ],
            [
              120.0697315,
              32.6205999
            ],
            [
              120.0700261,
              32.6213526
            ],
            [
              120.070001,
              32.6214311
            ],
            [
              120.0699142,
              32.6214705
            ],
            [
              120.0699681,
              32.6222657
            ],
            [
              120.0699138,
              32.6224878
            ],
            [
              120.0700762,
              32.6237364
            ],
            [
              120.0702018,
              32.624489
            ],
            [
              120.0703465,
              32.6245695
            ],
            [
              120.0705215,
              32.6252
            ],
            [
              120.0702533,
              32.6253629
            ],
            [
              120.0700693,
              32.6253994
            ],
            [
              120.0700731,
              32.6254716
            ],
            [
              120.0700433,
              32.6255593
            ],
            [
              120.0699827,
              32.6256217
            ],
            [
              120.0698979,
              32.6256486
            ]
          ]
        ]
      }
    },
    {
      "type": "Feature",
      "id": "cn0000385-h13-rough-0",
      "properties": {
        "course_id": "cn0000385",
        "hole": 13,
        "feature_type": "rough",
        "index": 0
      },
      "geometry": {
        "type": "Polygon",
        "coordinates": [
          [
            [
              120.0698979,
              32.6256486
            ],
            [
              120.0697729,
              32.625607
            ],
            [
              120.0697167,
              32.6255382
            ],
            [
              120.0696951,
              32.6254736
            ],
            [
              120.0695591,
              32.6255005
            ],
            [
              120.0695465,
              32.6248226
            ],
            [
              120.06925,
              32.6238204
            ],
            [
              120.0695087,
              32.6227839
            ],
            [
              120.0694862,
              32.6215686
            ],
            [
              120.0693606,
              32.6215117
            ],
            [
              120.0692558,
              32.6211785
            ],
            [
              120.0693101,
              32.621114
            ],
            [
              120.0692557,
              32.6203883
            ],
            [
              120.0693159,
              32.6203108
            ],
            [
              120.0693039,
              32.620245
            ],
            [
              120.0693269,
              32.6201821
            ],
            [
              120.0693824,
              32.6201356
            ],
            [
              120.0694573,
              32.6201167
            ],
            [
              120.0695478,
              32.6201361
            ],
            [
              120.0696162,
              32.6202068
            ],
            [
              120.0697315,
              32.6205999
            ],
            [
              120.0700261,
              32.6213526
            ],
            [
              120.070001,
              32.6214311
            ],
            [
              120.0699142,
              32.6214705
            ],
            [
              120.0699681,
              32.6222657
            ],
            [
              120.0699138,
              32.6224878
            ],
            [
              120.0700762,
              32.6237364
            ],
            [
              120.0702018,
              32.624489
            ],
            [
              120.0703465,
              32.6245695
            ],
            [
              120.0705215,
              32.6252
            ],
            [
              120.0702533,
              32.6253629
            ],
            [
              120.0700693,
              32.6253994
            ],
            [
              120.0700731,
              32.6254716
            ],
            [
              120.0700433,
              32.6255593
            ],
            [
              120.0699827,
              32.6256217
            ],
            [
              120.0698979,
              32.6256486
            ]
          ]
        ]
      }
    },
    {
      "type": "Feature",
      "id": "cn0000385-h13-tee_box-0",
      "properties": {
        "course_id": "cn0000385",
        "hole": 13,
        "feature_type": "tee_box",
        "index": 0
      },
      "geometry": {
        "type": "Polygon",
        "coordinates": [
          [
            [
              120.0699905,
              32.6213428
            ],
            [
              120.0699893,
              32.6213941
            ],
            [
              120.06995,
              32.6214333
            ],
            [
              120.0698816,
              32.6214416
            ],
            [
              120.069831,
              32.6214132
            ],
            [
              120.0695019,
              32.620838
            ],
            [
              120.0694188,
              32.620555
            ],
            [
              120.0693741,
              32.6202619
            ],
            [
              120.0693873,
              32.6202113
            ],
            [
              120.0694273,
              32.620182
            ],
            [
              120.0694971,
              32.6201803
            ],
            [
              120.0695477,
              32.6202207
            ],
            [
              120.0699905,
              32.6213428
            ]
          ]
        ]
      }
    },
    {
      "type": "Feature",
      "id": "cn0000385-h13-fairway-0",
      "properties": {
        "course_id": "cn0000385",
        "hole": 13,
        "feature_type": "fairway",
        "index": 0
      },
      "geometry": {
        "type": "Polygon",
        "coordinates": [
          [
            [
              120.0695566,
              32.6253644
            ],
            [
              120.0695507,
              32.6250468
            ],
            [
              120.0695621,
              32.6250357
            ],
            [
              120.0696147,
              32.6250425
            ],
            [
              120.0696445,
              32.6249418
            ],
            [
              120.069548,
              32.6249032
            ],
            [
              120.0695465,
              32.6248226
            ],
            [
              120.0694861,
              32.6246183
            ],
            [
              120.0695406,
              32.6245633
            ],
            [
              120.0694777,
              32.6243562
            ],
            [
              120.0693865,
              32.6242815
            ],
            [
              120.0692864,
              32.6239434
            ],
            [
              120.0693355,
              32.6238917
            ],
            [
              120.0693141,
              32.6238092
            ],
            [
              120.0693444,
              32.6236838
            ],
            [
              120.069285,
              32.6236804
            ],
            [
              120.0695087,
              32.6227839
            ],
            [
              120.0694871,
              32.6216173
            ],
            [
              120.0695511,
              32.6211363
            ],
            [
              120.0695361,
              32.6211295
            ],
            [
              120.0695284,
              32.6210958
            ],
            [
              120.0694869,
              32.6206698
            ],
            [
              120.0693681,
              32.6202558
            ],
            [
              120.0693933,
              32.6201973
            ],
            [
              120.0694602,
              32.6201709
            ],
            [
              120.0695223,
              32.6201869
            ],
            [
              120.0695587,
              32.6202344
            ],
            [
              120.0696208,
              32.6202227
            ],
            [
              120.0696541,
              32.6203362
            ],
            [
              120.0696397,
              32.6203677
            ],
            [
              120.0696088,
              32.6203779
            ],
            [
              120.06961,
              32.6204104
            ],
            [
              120.0696515,
              32.6205527
            ],
            [
              120.0697021,
              32.6205502
            ],
            [
              120.0697332,
              32.6207409
            ],
            [
              120.069712,
              32.6207649
            ],
            [
              120.0698502,
              32.6214754
            ],
            [
              120.0698794,
              32.6219016
            ],
            [
              120.0698909,
              32.6219069
            ],
            [
              120.0699412,
              32.6218683
            ],
            [
              120.0699288,
              32.6219019
            ],
            [
              120.0699441,
              32.6219109
            ],
            [
              120.0699681,
              32.6222657
            ],
            [
              120.0699138,
              32.6224878
            ],
            [
              120.070001,
              32.6231581
            ],
            [
              120.0699916,
              32.6231698
            ],
            [
              120.0700033,
              32.6231762
            ],
            [
              120.0700208,
              32.6233105
            ],
            [
              120.0700053,
              32.6233712
            ],
            [
              120.0699094,
              32.6235046
            ],
            [
              120.0699336,
              32.6235394
            ],
            [
              120.0699118,
              32.6235487
            ],
            [
              120.0698729,
              32.6235203
            ],
            [
              120.0697487,
              32.6235735
            ],
            [
              120.0697677,
              32.6236029
            ],
            [
              120.0697287,
              32.6236166
            ],
            [
              120.0697377,
              32.6238601
            ],
            [
              120.0700586,
              32.6245985
            ],
            [
              120.070152,
              32.6246626
            ],
            [
              120.0702713,
              32.6250921
            ],
            [
              120.0702577,
              32.6251338
            ],
            [
              120.0700586,
              32.6253748
            ],
            [
              120.0700705,
              32.6253971
            ],
            [
              120.0699761,
              32.6254179
            ],
            [
              120.0699687,
              32.6254723
            ],
            [
              120.069922,
              32.6255105
            ],
            [
              120.0698395,
              32.6255095
            ],
            [
              120.0697882,
              32.6254552
            ],
            [
              120.0697092,
              32.6254708
            ],
            [
              120.0697086,
              32.6254615
            ],
            [
              120.069657,
              32.6254598
            ],
            [
              120.0696914,
              32.6253806
            ],
            [
              120.0695697,
              32.6253492
            ],
            [
              120.0695566,
              32.6253644
            ]
          ]
        ]
      }
    },
    {
      "type": "Feature",
      "id": "cn0000385-h13-green_fringe-0",
      "properties": {
        "course_id": "cn0000385",
        "hole": 13,
        "feature_type": "green_fringe",
        "index": 0
      },
      "geometry": {
        "type": "Polygon",
        "coordinates": [
          [
            [
              120.0698975,
              32.625626
            ],
            [
              120.0699338,
              32.6256192
            ],
            [
              120.0699675,
              32.6256031
            ],
            [
              120.069997,
              32.6255787
            ],
            [
              120.0700207,
              32.6255472
            ],
            [
              120.0700374,
              32.6255101
            ],
            [
              120.0700464,
              32.6254694
            ],
            [
              120.0700471,
              32.6254269
            ],
            [
              120.0700396,
              32.625385
            ],
            [
              120.0700242,
              32.6253457
            ],
            [
              120.0700016,
              32.6253109
            ],
            [
              120.0699731,
              32.6252824
            ],
            [
              120.06994,
              32.6252616
            ],
            [
              120.069904,
              32.6252496
            ],
            [
              120.0698669,
              32.625247
            ],
            [
              120.0698306,
              32.6252538
            ],
            [
              120.0697969,
              32.6252699
            ],
            [
              120.0697674,
              32.6252943
            ],
            [
              120.0697437,
              32.6253258
            ],
            [
              120.069727,
              32.6253629
            ],
            [
              120.069718,
              32.6254036
            ],
            [
              120.0697173,
              32.6254461
            ],
            [
              120.0697248,
              32.625488
            ],
            [
              120.0697402,
              32.6255273
            ],
            [
              120.0697628,
              32.6255621
            ],
            [
              120.0697913,
              32.6255906
            ],
            [
              120.0698244,
              32.6256114
            ],
            [
              120.0698604,
              32.6256234
            ],
            [
              120.0698975,
              32.625626
            ]
          ]
        ]
      }
    },
    {
      "type": "Feature",
      "id": "cn0000385-h13-green-0",
      "properties": {
        "course_id": "cn0000385",
        "hole": 13,
        "feature_type": "green",
        "index": 0
      },
      "geometry": {
        "type": "Polygon",
        "coordinates": [
          [
            [
              120.0698946,
              32.6255899
            ],
            [
              120.0699215,
              32.6255845
            ],
            [
              120.0699464,
              32.6255717
            ],
            [
              120.0699682,
              32.625552
            ],
            [
              120.0699856,
              32.6255266
            ],
            [
              120.0699978,
              32.6254967
            ],
            [
              120.0700043,
              32.6254637
            ],
            [
              120.0700046,
              32.6254294
            ],
            [
              120.0699988,
              32.6253954
            ],
            [
              120.0699871,
              32.6253635
            ],
            [
              120.0699702,
              32.6253353
            ],
            [
              120.0699488,
              32.6253121
            ],
            [
              120.0699242,
              32.6252952
            ],
            [
              120.0698974,
              32.6252853
            ],
            [
              120.0698698,
              32.6252831
            ],
            [
              120.0698429,
              32.6252885
            ],
            [
              120.069818,
              32.6253013
            ],
            [
              120.0697962,
              32.625321
            ],
            [
              120.0697788,
              32.6253464
            ],
            [
              120.0697666,
              32.6253763
            ],
            [
              120.0697601,
              32.6254093
            ],
            [
              120.0697598,
              32.6254436
            ],
            [
              120.0697656,
              32.6254776
            ],
            [
              120.0697773,
              32.6255095
            ],
            [
              120.0697942,
              32.6255377
            ],
            [
              120.0698156,
              32.6255609
            ],
            [
              120.0698402,
              32.6255778
            ],
            [
              120.069867,
              32.6255877
            ],
            [
              120.0698946,
              32.6255899
            ]
          ]
        ]
      }
    },
    {
      "type": "Feature",
      "id": "cn0000385-h13-bunker-0",
      "properties": {
        "course_id": "cn0000385",
        "hole": 13,
        "feature_type": "bunker",
        "index": 0
      },
      "geometry": {
        "type": "Polygon",
        "coordinates": [
          [
            [
              120.0697218,
              32.6236301
            ],
            [
              120.0700322,
              32.623398
            ],
            [
              120.0700448,
              32.623567
            ],
            [
              120.0697546,
              32.6236838
            ],
            [
              120.0696897,
              32.6236815
            ],
            [
              120.0697218,
              32.6236301
            ]
          ]
        ]
      }
    },
    {
      "type": "Feature",
      "id": "cn0000385-h13-bunker-1",
      "properties": {
        "course_id": "cn0000385",
        "hole": 13,
        "feature_type": "bunker",
        "index": 1
      },
      "geometry": {
        "type": "Polygon",
        "coordinates": [
          [
            [
              120.0698814,
              32.6217083
            ],
            [
              120.0698745,
              32.6216004
            ],
            [
              120.0696195,
              32.6214957
            ],
            [
              120.0696475,
              32.6214676
            ],
            [
              120.0698125,
              32.6214526
            ],
            [
              120.0699256,
              32.6216392
            ],
            [
              120.0699334,
              32.621753
            ],
            [
              120.0698814,
              32.6217083
            ]
          ]
        ]
      }
    },
    {
      "type": "Feature",
      "id": "cn0000385-h13-bunker-2",
      "properties": {
        "course_id": "cn0000385",
        "hole": 13,
        "feature_type": "bunker",
        "index": 2
      },
      "geometry": {
        "type": "Polygon",
        "coordinates": [
          [
            [
              120.0696956,
              32.6253884
            ],
            [
              120.0696404,
              32.625442
            ],
            [
              120.0697061,
              32.6254714
            ],
            [
              120.0695589,
              32.6254923
            ],
            [
              120.0695565,
              32.6253585
            ],
            [
              120.0696956,
              32.6253884
            ]
          ]
        ]
      }
    },
    {
      "type": "Feature",
      "id": "cn0000385-h13-bunker-3",
      "properties": {
        "course_id": "cn0000385",
        "hole": 13,
        "feature_type": "bunker",
        "index": 3
      },
      "geometry": {
        "type": "Polygon",
        "coordinates": [
          [
            [
              120.0696325,
              32.6249455
            ],
            [
              120.0695505,
              32.6250366
            ],
            [
              120.0695481,
              32.624905
            ],
            [
              120.0696325,
              32.6249455
            ]
          ]
        ]
      }
    },
    {
      "type": "Feature",
      "id": "cn0000385-h13-bunker-4",
      "properties": {
        "course_id": "cn0000385",
        "hole": 13,
        "feature_type": "bunker",
        "index": 4
      },
      "geometry": {
        "type": "Polygon",
        "coordinates": [
          [
            [
              120.070031,
              32.6247638
            ],
            [
              120.0700058,
              32.6247167
            ],
            [
              120.0700454,
              32.6246862
            ],
            [
              120.0702114,
              32.6247222
            ],
            [
              120.0702202,
              32.6247516
            ],
            [
              120.0701693,
              32.6248129
            ],
            [
              120.070031,
              32.6247638
            ]
          ]
        ]
      }
    },
    {
      "type": "Feature",
      "id": "cn0000385-h13-bunker-5",
      "properties": {
        "course_id": "cn0000385",
        "hole": 13,
        "feature_type": "bunker",
        "index": 5
      },
      "geometry": {
        "type": "Polygon",
        "coordinates": [
          [
            [
              120.0696,
              32.6230987
            ],
            [
              120.069597,
              32.6230595
            ],
            [
              120.0696379,
              32.6229915
            ],
            [
              120.0696827,
              32.6229936
            ],
            [
              120.069738,
              32.6230389
            ],
            [
              120.0697097,
              32.623106
            ],
            [
              120.0696533,
              32.6231353
            ],
            [
              120.0696,
              32.6230987
            ]
          ]
        ]
      }
    },
    {
      "type": "Feature",
      "id": "cn0000385-h13-bunker-6",
      "properties": {
        "course_id": "cn0000385",
        "hole": 13,
        "feature_type": "bunker",
        "index": 6
      },
      "geometry": {
        "type": "Polygon",
        "coordinates": [
          [
            [
              120.069922,
              32.6252503
            ],
            [
              120.0698493,
              32.6252452
            ],
            [
              120.0698366,
              32.6252216
            ],
            [
              120.0698917,
              32.6251681
            ],
            [
              120.0699566,
              32.6251848
            ],
            [
              120.069922,
              32.6252503
            ]
          ]
        ]
      }
    },
    {
      "type": "Feature",
      "id": "cn0000385-h13-bunker-7",
      "properties": {
        "course_id": "cn0000385",
        "hole": 13,
        "feature_type": "bunker",
        "index": 7
      },
      "geometry": {
        "type": "Polygon",
        "coordinates": [
          [
            [
              120.0702754,
              32.6248674
            ],
            [
              120.0701907,
              32.6248659
            ],
            [
              120.0702338,
              32.6248161
            ],
            [
              120.0703626,
              32.6248086
            ],
            [
              120.0702754,
              32.6248674
            ]
          ]
        ]
      }
    },
    {
      "type": "Feature",
      "id": "cn0000385-h13-bunker-8",
      "properties": {
        "course_id": "cn0000385",
        "hole": 13,
        "feature_type": "bunker",
        "index": 8
      },
      "geometry": {
        "type": "Polygon",
        "coordinates": [
          [
            [
              120.0703077,
              32.6247064
            ],
            [
              120.0702909,
              32.624675
            ],
            [
              120.0703184,
              32.6246482
            ],
            [
              120.0703686,
              32.6246491
            ],
            [
              120.0703885,
              32.6247208
            ],
            [
              120.0703077,
              32.6247064
            ]
          ]
        ]
      }
    },
    {
      "type": "Feature",
      "id": "cn0000385-h13-water-0",
      "properties": {
        "course_id": "cn0000385",
        "hole": 13,
        "feature_type": "water",
        "index": 0
      },
      "geometry": {
        "type": "Polygon",
        "coordinates": [
          [
            [
              120.068652,
              32.6237347
            ],
            [
              120.0686306,
              32.6237031
            ],
            [
              120.0686252,
              32.6236759
            ],
            [
              120.0685823,
              32.6236375
            ],
            [
              120.068585,
              32.623615
            ],
            [
              120.0685528,
              32.6235924
            ],
            [
              120.0684938,
              32.6235856
            ],
            [
              120.0684911,
              32.6235314
            ],
            [
              120.068467,
              32.623511
            ],
            [
              120.068475,
              32.6234681
            ],
            [
              120.0684482,
              32.6234478
            ],
            [
              120.0684482,
              32.6234275
            ],
            [
              120.0684401,
              32.6234207
            ],
            [
              120.0684428,
              32.6233936
            ],
            [
              120.0684214,
              32.6233755
            ],
            [
              120.0684267,
              32.6233529
            ],
            [
              120.0684401,
              32.6233394
            ],
            [
              120.0684321,
              32.6233055
            ],
            [
              120.0684348,
              32.6232806
            ],
            [
              120.068424,
              32.6232625
            ],
            [
              120.0684401,
              32.6232535
            ],
            [
              120.0684723,
              32.6232513
            ],
            [
              120.0685233,
              32.6232535
            ],
            [
              120.0685421,
              32.6232603
            ],
            [
              120.0685742,
              32.6232445
            ],
            [
              120.0685662,
              32.6232264
            ],
            [
              120.068534,
              32.6232174
            ],
            [
              120.0685099,
              32.6232241
            ],
            [
              120.0684616,
              32.6232196
            ],
            [
              120.0684375,
              32.6232241
            ],
            [
              120.068416,
              32.6232151
            ],
            [
              120.068424,
              32.623197
            ],
            [
              120.0684482,
              32.623179
            ],
            [
              120.0684562,
              32.6231496
            ],
            [
              120.0684536,
              32.6230479
            ],
            [
              120.0684401,
              32.6230321
            ],
            [
              120.0684321,
              32.6229892
            ],
            [
              120.0684401,
              32.6229598
            ],
            [
              120.0684321,
              32.6229237
            ],
            [
              120.0684321,
              32.6228582
            ],
            [
              120.0684214,
              32.6228243
            ],
            [
              120.0684321,
              32.622804
            ],
            [
              120.0684321,
              32.6227927
            ],
            [
              120.0684214,
              32.6227814
            ],
            [
              120.0684321,
              32.6227497
            ],
            [
              120.0684214,
              32.6226933
            ],
            [
              120.0684401,
              32.6226729
            ],
            [
              120.0684455,
              32.6226345
            ],
            [
              120.068424,
              32.6226187
            ],
            [
              120.0684321,
              32.6225419
            ],
            [
              120.0684267,
              32.6224515
            ],
            [
              120.0684321,
              32.6224267
            ],
            [
              120.0684509,
              32.6224154
            ],
            [
              120.0684509,
              32.6224018
            ],
            [
              120.0684267,
              32.622386
            ],
            [
              120.0684187,
              32.6223431
            ],
            [
              120.0684106,
              32.6223273
            ],
            [
              120.0683945,
              32.6223183
            ],
            [
              120.0684187,
              32.6222821
            ],
            [
              120.0684133,
              32.622255
            ],
            [
              120.0684214,
              32.6222482
            ],
            [
              120.0684214,
              32.6222098
            ],
            [
              120.0684026,
              32.6221963
            ],
            [
              120.0683972,
              32.6221714
            ],
            [
              120.0684053,
              32.6221646
            ],
            [
              120.0684187,
              32.6221172
            ],
            [
              120.0684106,
              32.6220607
            ],
            [
              120.068416,
              32.6220449
            ],
            [
              120.0684106,
              32.6219726
            ],
            [
              120.068424,
              32.6219591
            ],
            [
              120.068424,
              32.6219433
            ],
            [
              120.068408,
              32.6219139
            ],
            [
              120.068416,
              32.6218936
            ],
            [
              120.0684106,
              32.6218551
            ],
            [
              120.0683865,
              32.6218439
            ],
            [
              120.0683838,
              32.6218235
            ],
            [
              120.0683972,
              32.6218077
            ],
            [
              120.0684053,
              32.6217738
            ],
            [
              120.0684616,
              32.6217761
            ],
            [
              120.0684884,
              32.6217625
            ],
            [
              120.0684884,
              32.6217512
            ],
            [
              120.068475,
              32.6217399
            ],
            [
              120.0684428,
              32.6217354
            ],
            [
              120.0684106,
              32.6217422
            ],
            [
              120.0684026,
              32.6217377
            ],
            [
              120.068408,
              32.6217038
            ],
            [
              120.0684026,
              32.6216609
            ],
            [
              120.0684106,
              32.6216225
            ],
            [
              120.0683945,
              32.6216021
            ],
            [
              120.0683945,
              32.621575
            ],
            [
              120.068408,
              32.6215502
            ],
            [
              120.068408,
              32.6215298
            ],
            [
              120.0683972,
              32.6215118
            ],
            [
              120.0684187,
              32.6214937
            ],
            [
              120.068416,
              32.6214598
            ],
            [
              120.0684509,
              32.621435
            ],
            [
              120.0684509,
              32.6214169
            ],
            [
              120.0684214,
              32.621383
            ],
            [
              120.0684187,
              32.6213423
            ],
            [
              120.0684053,
              32.621313
            ],
            [
              120.068424,
              32.6212926
            ],
            [
              120.0684267,
              32.6212791
            ],
            [
              120.0684509,
              32.621261
            ],
            [
              120.0684643,
              32.621191
            ],
            [
              120.0684723,
              32.6211865
            ],
            [
              120.0684938,
              32.6211978
            ],
            [
              120.0685233,
              32.6212023
            ],
            [
              120.0685608,
              32.6211865
            ],
            [
              120.0685608,
              32.6211616
            ],
            [
              120.068593,
              32.6211593
            ],
            [
              120.0686198,
              32.6211819
            ],
            [
              120.0686547,
              32.6211797
            ],
            [
              120.0686869,
              32.6211932
            ],
            [
              120.0686869,
              32.6212045
            ],
            [
              120.0687057,
              32.6212181
            ],
            [
              120.0687647,
              32.6212362
            ],
            [
              120.0688022,
              32.6212362
            ],
            [
              120.0688398,
              32.6212203
            ],
            [
              120.0688827,
              32.6212271
            ],
            [
              120.0689256,
              32.6212068
            ],
            [
              120.0689766,
              32.6212045
            ],
            [
              120.0690114,
              32.6212316
            ],
            [
              120.0690597,
              32.6212384
            ],
            [
              120.0690758,
              32.621261
            ],
            [
              120.0691107,
              32.6212723
            ],
            [
              120.0691429,
              32.6212949
            ],
            [
              120.0691938,
              32.6212994
            ],
            [
              120.0692153,
              32.6213107
            ],
            [
              120.0692475,
              32.6213152
            ],
            [
              120.0692931,
              32.6213446
            ],
            [
              120.0693038,
              32.6213469
            ],
            [
              120.0693226,
              32.6213378
            ],
            [
              120.0693467,
              32.6213469
            ],
            [
              120.0693682,
              32.6213469
            ],
            [
              120.0694057,
              32.6213649
            ],
            [
              120.0694647,
              32.6213581
            ],
            [
              120.0694889,
              32.6213672
            ],
            [
              120.0695291,
              32.6213672
            ],
            [
              120.0695801,
              32.621392
            ],
            [
              120.0696042,
              32.6214169
            ],
            [
              120.0696981,
              32.6214237
            ],
            [
              120.0697652,
              32.6214553
            ],
            [
              120.0698081,
              32.6214575
            ],
            [
              120.0698349,
              32.6214734
            ],
            [
              120.0698537,
              32.6214734
            ],
            [
              120.0698751,
              32.6214643
            ],
            [
              120.06991,
              32.6214734
            ],
            [
              120.0699395,
              32.6214666
            ],
            [
              120.0700146,
              32.6214914
            ],
            [
              120.0701219,
              32.6214869
            ],
            [
              120.0701514,
              32.6215005
            ],
            [
              120.0702024,
              32.6214937
            ],
            [
              120.0702319,
              32.6215072
            ],
            [
              120.0702533,
              32.6215027
            ],
            [
              120.0702775,
              32.6215118
            ],
            [
              120.0703043,
              32.6215118
            ],
            [
              120.070307,
              32.6215208
            ],
            [
              120.0702748,
              32.6215344
            ],
            [
              120.070256,
              32.6215569
            ],
            [
              120.0702372,
              32.6215615
            ],
            [
              120.0702158,
              32.6215795
            ],
            [
              120.0701487,
              32.6216112
            ],
            [
              120.0701138,
              32.6216179
            ],
            [
              120.0700709,
              32.6216609
            ],
            [
              120.0700361,
              32.6216676
            ],
            [
              120.0699985,
              32.621706
            ],
            [
              120.069961,
              32.6217264
            ],
            [
              120.069961,
              32.6217467
            ],
            [
              120.0699234,
              32.6217512
            ],
            [
              120.06991,
              32.6217648
            ],
            [
              120.0699046,
              32.6217851
            ],
            [
              120.0698698,
              32.6218122
            ],
            [
              120.0698134,
              32.6218461
            ],
            [
              120.0698027,
              32.6218597
            ],
            [
              120.0697866,
              32.6218642
            ],
            [
              120.0697544,
              32.6218936
            ],
            [
              120.06969,
              32.621932
            ],
            [
              120.0696632,
              32.6219365
            ],
            [
              120.0696391,
              32.6219658
            ],
            [
              120.069623,
              32.6219681
            ],
            [
              120.0696069,
              32.6219884
            ],
            [
              120.0695774,
              32.6220088
            ],
            [
              120.0695774,
              32.6220246
            ],
            [
              120.0695452,
              32.6220494
            ],
            [
              120.0695452,
              32.6220607
            ],
            [
              120.0695184,
              32.622072
            ],
            [
              120.0695184,
              32.6220969
            ],
            [
              120.0695023,
              32.6221082
            ],
            [
              120.0694996,
              32.622133
            ],
            [
              120.0694862,
              32.6221421
            ],
            [
              120.0694755,
              32.6221895
            ],
            [
              120.0694513,
              32.6222121
            ],
            [
              120.0694433,
              32.6222708
            ],
            [
              120.0694299,
              32.6222799
            ],
            [
              120.0694245,
              32.6223002
            ],
            [
              120.0693977,
              32.6223228
            ],
            [
              120.0694004,
              32.6223499
            ],
            [
              120.0693789,
              32.6223815
            ],
            [
              120.0693628,
              32.6223928
            ],
            [
              120.0693601,
              32.6224583
            ],
            [
              120.069344,
              32.6224719
            ],
            [
              120.0693494,
              32.6224967
            ],
            [
              120.0693226,
              32.6225645
            ],
            [
              120.0693038,
              32.6225781
            ],
            [
              120.0692797,
              32.6226165
            ],
            [
              120.0692716,
              32.6226707
            ],
            [
              120.0692555,
              32.622682
            ],
            [
              120.0691858,
              32.6226775
            ],
            [
              120.069167,
              32.6226887
            ],
            [
              120.069167,
              32.6227
            ],
            [
              120.0691777,
              32.6227091
            ],
            [
              120.0692314,
              32.6227136
            ],
            [
              120.0692421,
              32.6227181
            ],
            [
              120.0692421,
              32.6227249
            ],
            [
              120.0692233,
              32.6227384
            ],
            [
              120.0692073,
              32.6227836
            ],
            [
              120.0691938,
              32.6227927
            ],
            [
              120.0691912,
              32.6228062
            ],
            [
              120.0691751,
              32.6228153
            ],
            [
              120.0691697,
              32.6228378
            ],
            [
              120.0691509,
              32.6228559
            ],
            [
              120.0691482,
              32.6228808
            ],
            [
              120.0691321,
              32.6228898
            ],
            [
              120.0691321,
              32.6229056
            ],
            [
              120.0690866,
              32.6229824
            ],
            [
              120.0690758,
              32.6229847
            ],
            [
              120.0690463,
              32.6230186
            ],
            [
              120.0690141,
              32.6230412
            ],
            [
              120.0690141,
              32.6230728
            ],
            [
              120.0689766,
              32.6231338
            ],
            [
              120.0689766,
              32.6231519
            ],
            [
              120.0689605,
              32.6231812
            ],
            [
              120.068939,
              32.6231993
            ],
            [
              120.068931,
              32.6232354
            ],
            [
              120.0689149,
              32.623249
            ],
            [
              120.0689042,
              32.6232829
            ],
            [
              120.0689068,
              32.6232987
            ],
            [
              120.06888,
              32.6233281
            ],
            [
              120.0688639,
              32.6233642
            ],
            [
              120.0688505,
              32.6233732
            ],
            [
              120.0688478,
              32.6234003
            ],
            [
              120.0688291,
              32.6234049
            ],
            [
              120.0687835,
              32.6234433
            ],
            [
              120.0687808,
              32.6234907
            ],
            [
              120.0687969,
              32.6235201
            ],
            [
              120.0688022,
              32.6235585
            ],
            [
              120.0688156,
              32.6235788
            ],
            [
              120.0688183,
              32.6236556
            ],
            [
              120.0688076,
              32.6236647
            ],
            [
              120.0688049,
              32.6236895
            ],
            [
              120.0687888,
              32.6236985
            ],
            [
              120.0687888,
              32.6237053
            ],
            [
              120.0687513,
              32.6237234
            ],
            [
              120.0687271,
              32.6237573
            ],
            [
              120.0686976,
              32.6237437
            ],
            [
              120.068652,
              32.6237347
            ]
          ]
        ]
      }
    },
    {
      "type": "Feature",
      "id": "cn0000385-h13-water-1",
      "properties": {
        "course_id": "cn0000385",
        "hole": 13,
        "feature_type": "water",
        "index": 1
      },
      "geometry": {
        "type": "Polygon",
        "coordinates": [
          [
            [
              120.0702265,
              32.6261157
            ],
            [
              120.0701514,
              32.6260953
            ],
            [
              120.0701165,
              32.6260637
            ],
            [
              120.0700414,
              32.6260456
            ],
            [
              120.0700253,
              32.6260163
            ],
            [
              120.0700253,
              32.6260005
            ],
            [
              120.0700387,
              32.6259621
            ],
            [
              120.0700736,
              32.6259485
            ],
            [
              120.0700977,
              32.6259011
            ],
            [
              120.0701192,
              32.6258898
            ],
            [
              120.0701165,
              32.6258649
            ],
            [
              120.0701407,
              32.6258491
            ],
            [
              120.0701407,
              32.625831
            ],
            [
              120.0701299,
              32.6258197
            ],
            [
              120.0701407,
              32.6257091
            ],
            [
              120.0701487,
              32.6256932
            ],
            [
              120.0701755,
              32.6256774
            ],
            [
              120.0701755,
              32.6256503
            ],
            [
              120.070197,
              32.6256164
            ],
            [
              120.0702453,
              32.6255871
            ],
            [
              120.0702506,
              32.6255419
            ],
            [
              120.0702721,
              32.6255216
            ],
            [
              120.0702882,
              32.6254899
            ],
            [
              120.0703043,
              32.6254786
            ],
            [
              120.0702989,
              32.6254583
            ],
            [
              120.0703257,
              32.6253905
            ],
            [
              120.0703472,
              32.6253747
            ],
            [
              120.0703472,
              32.6253544
            ],
            [
              120.0703311,
              32.6253431
            ],
            [
              120.0703231,
              32.6252686
            ],
            [
              120.0702775,
              32.6252369
            ],
            [
              120.0702587,
              32.6252143
            ],
            [
              120.0702184,
              32.6252053
            ],
            [
              120.070205,
              32.6251895
            ],
            [
              120.0701138,
              32.6251805
            ],
            [
              120.0700307,
              32.6251533
            ],
            [
              120.0699958,
              32.625133
            ],
            [
              120.069977,
              32.6251375
            ],
            [
              120.0699341,
              32.625133
            ],
            [
              120.069792,
              32.6250946
            ],
            [
              120.0697571,
              32.6250946
            ],
            [
              120.0696445,
              32.6250585
            ],
            [
              120.0696123,
              32.6250404
            ],
            [
              120.0695318,
              32.6250133
            ],
            [
              120.0695077,
              32.6249952
            ],
            [
              120.0693816,
              32.6249591
            ],
            [
              120.0692636,
              32.6248913
            ],
            [
              120.0692368,
              32.6248868
            ],
            [
              120.0692046,
              32.6248642
            ],
            [
              120.0691375,
              32.6248393
            ],
            [
              120.0690812,
              32.6248077
            ],
            [
              120.0690436,
              32.6247784
            ],
            [
              120.0690302,
              32.624749
            ],
            [
              120.0690061,
              32.6247332
            ],
            [
              120.0690034,
              32.6247241
            ],
            [
              120.0690302,
              32.6246112
            ],
            [
              120.0691375,
              32.6245366
            ],
            [
              120.0691724,
              32.6245208
            ],
            [
              120.0692019,
              32.6244869
            ],
            [
              120.0692046,
              32.6244666
            ],
            [
              120.0692341,
              32.6244214
            ],
            [
              120.0692475,
              32.6243672
            ],
            [
              120.0692394,
              32.6242791
            ],
            [
              120.0692207,
              32.6242588
            ],
            [
              120.069218,
              32.6242452
            ],
            [
              120.0691858,
              32.6242204
            ],
            [
              120.0691831,
              32.6242113
            ],
            [
              120.0691992,
              32.6242113
            ],
            [
              120.0692233,
              32.6242
            ],
            [
              120.0692341,
              32.6242023
            ],
            [
              120.0692582,
              32.6242272
            ],
            [
              120.0693172,
              32.6242407
            ],
            [
              120.0693306,
              32.6242362
            ],
            [
              120.0693387,
              32.6242226
            ],
            [
              120.0693709,
              32.6242181
            ],
            [
              120.069446,
              32.624182
            ],
            [
              120.0694755,
              32.6241571
            ],
            [
              120.0694808,
              32.6241255
            ],
            [
              120.0695103,
              32.6241142
            ],
            [
              120.0695211,
              32.6240668
            ],
            [
              120.0695398,
              32.6240509
            ],
            [
              120.0695452,
              32.6240013
            ],
            [
              120.0695747,
              32.6239877
            ],
            [
              120.0695693,
              32.6239538
            ],
            [
              120.069631,
              32.6238928
            ],
            [
              120.069631,
              32.623868
            ],
            [
              120.0696847,
              32.6238386
            ],
            [
              120.0697035,
              32.6238092
            ],
            [
              120.0697383,
              32.6238092
            ],
            [
              120.0697839,
              32.6237844
            ],
            [
              120.0698215,
              32.6237957
            ],
            [
              120.0699341,
              32.6237663
            ],
            [
              120.0699824,
              32.6237234
            ],
            [
              120.0699851,
              32.6237076
            ],
            [
              120.07002,
              32.6236872
            ],
            [
              120.0700495,
              32.6236421
            ],
            [
              120.0700521,
              32.623624
            ],
            [
              120.0700709,
              32.6236195
            ],
            [
              120.0701192,
              32.6235788
            ],
            [
              120.0701407,
              32.6235743
            ],
            [
              120.0701648,
              32.623554
            ],
            [
              120.0702319,
              32.6235201
            ],
            [
              120.0702319,
              32.6234907
            ],
            [
              120.0702828,
              32.6234613
            ],
            [
              120.0703311,
              32.62338
            ],
            [
              120.0703526,
              32.6233619
            ],
            [
              120.0703955,
              32.6233574
            ],
            [
              120.0704062,
              32.6233665
            ],
            [
              120.0703928,
              32.6233778
            ],
            [
              120.0703901,
              32.6233936
            ],
            [
              120.070366,
              32.6234071
            ],
            [
              120.0703633,
              32.623432
            ],
            [
              120.0703713,
              32.6234455
            ],
            [
              120.0703499,
              32.6234591
            ],
            [
              120.0703552,
              32.6235065
            ],
            [
              120.0703633,
              32.6235133
            ],
            [
              120.0703552,
              32.6235766
            ],
            [
              120.0703955,
              32.6236195
            ],
            [
              120.0704223,
              32.6236217
            ],
            [
              120.0704518,
              32.6236398
            ],
            [
              120.0704652,
              32.6236669
            ],
            [
              120.0705054,
              32.6236805
            ],
            [
              120.0705323,
              32.6237031
            ],
            [
              120.0705913,
              32.6237234
            ],
            [
              120.0706154,
              32.6237392
            ],
            [
              120.0706422,
              32.6237415
            ],
            [
              120.0706825,
              32.6237595
            ],
            [
              120.0707307,
              32.6237618
            ],
            [
              120.0707549,
              32.6237731
            ],
            [
              120.0707656,
              32.6237686
            ],
            [
              120.0707898,
              32.6237821
            ],
            [
              120.0708488,
              32.6237957
            ],
            [
              120.0708488,
              32.6238318
            ],
            [
              120.0708809,
              32.6238544
            ],
            [
              120.0708917,
              32.6238725
            ],
            [
              120.0709131,
              32.6238838
            ],
            [
              120.0710016,
              32.6239041
            ],
            [
              120.0710177,
              32.6238996
            ],
            [
              120.0710392,
              32.6238747
            ],
            [
              120.0710714,
              32.6238747
            ],
            [
              120.0710902,
              32.6238883
            ],
            [
              120.0711894,
              32.6239131
            ],
            [
              120.0712001,
              32.6239109
            ],
            [
              120.0712189,
              32.6239267
            ],
            [
              120.0712672,
              32.6239403
            ],
            [
              120.0712699,
              32.6239516
            ],
            [
              120.0713047,
              32.6239741
            ],
            [
              120.0713181,
              32.6240035
            ],
            [
              120.0713181,
              32.6240148
            ],
            [
              120.0712886,
              32.6240238
            ],
            [
              120.0712886,
              32.6240397
            ],
            [
              120.0712994,
              32.6240509
            ],
            [
              120.0713316,
              32.6240555
            ],
            [
              120.0713342,
              32.6240735
            ],
            [
              120.0713208,
              32.6241074
            ],
            [
              120.0713021,
              32.62413
            ],
            [
              120.0712377,
              32.6241684
            ],
            [
              120.0712323,
              32.6241887
            ],
            [
              120.0711948,
              32.6242339
            ],
            [
              120.0711894,
              32.6242543
            ],
            [
              120.0711492,
              32.6242949
            ],
            [
              120.0711411,
              32.6243333
            ],
            [
              120.0711223,
              32.624365
            ],
            [
              120.0710821,
              32.6244079
            ],
            [
              120.0710821,
              32.6244305
            ],
            [
              120.0710714,
              32.6244531
            ],
            [
              120.0710741,
              32.6244734
            ],
            [
              120.0710472,
              32.6245208
            ],
            [
              120.0710526,
              32.6245796
            ],
            [
              120.0710472,
              32.6245954
            ],
            [
              120.0710204,
              32.6246112
            ],
            [
              120.0710204,
              32.6246247
            ],
            [
              120.0710124,
              32.6246315
            ],
            [
              120.0710151,
              32.6246812
            ],
            [
              120.0709909,
              32.624697
            ],
            [
              120.0709909,
              32.6247061
            ],
            [
              120.0709748,
              32.6247219
            ],
            [
              120.0709561,
              32.6247264
            ],
            [
              120.0709292,
              32.6247535
            ],
            [
              120.07094,
              32.6248235
            ],
            [
              120.0709346,
              32.6248393
            ],
            [
              120.0709105,
              32.6248574
            ],
            [
              120.0709158,
              32.6248845
            ],
            [
              120.0708917,
              32.6249049
            ],
            [
              120.0708917,
              32.6249184
            ],
            [
              120.0709051,
              32.6249433
            ],
            [
              120.0709078,
              32.6249975
            ],
            [
              120.0709158,
              32.6250043
            ],
            [
              120.0709319,
              32.6250901
            ],
            [
              120.0709453,
              32.6251195
            ],
            [
              120.0709373,
              32.625133
            ],
            [
              120.0709131,
              32.6251466
            ],
            [
              120.0709078,
              32.6251895
            ],
            [
              120.0708836,
              32.6251985
            ],
            [
              120.0708514,
              32.6252324
            ],
            [
              120.0708434,
              32.6252753
            ],
            [
              120.0707924,
              32.6252866
            ],
            [
              120.070771,
              32.625307
            ],
            [
              120.0707603,
              32.6253408
            ],
            [
              120.0707227,
              32.6253747
            ],
            [
              120.0707147,
              32.6254425
            ],
            [
              120.070661,
              32.625447
            ],
            [
              120.0706342,
              32.6254673
            ],
            [
              120.0705805,
              32.6254606
            ],
            [
              120.0704518,
              32.6254673
            ],
            [
              120.0704035,
              32.6254606
            ],
            [
              120.0703794,
              32.6254673
            ],
            [
              120.0703579,
              32.6254606
            ],
            [
              120.0703418,
              32.6254696
            ],
            [
              120.0703418,
              32.6254832
            ],
            [
              120.0703633,
              32.625499
            ],
            [
              120.0704303,
              32.625499
            ],
            [
              120.0704464,
              32.6254922
            ],
            [
              120.0704598,
              32.6254967
            ],
            [
              120.0705242,
              32.6254945
            ],
            [
              120.0705403,
              32.6255058
            ],
            [
              120.0705108,
              32.6255283
            ],
            [
              120.0705135,
              32.6255871
            ],
            [
              120.0705215,
              32.6256006
            ],
            [
              120.070492,
              32.625621
            ],
            [
              120.070484,
              32.6256458
            ],
            [
              120.0704625,
              32.6256684
            ],
            [
              120.0704357,
              32.6257429
            ],
            [
              120.0704384,
              32.6257723
            ],
            [
              120.0704062,
              32.6258265
            ],
            [
              120.0704008,
              32.6258627
            ],
            [
              120.0703713,
              32.6258672
            ],
            [
              120.0703633,
              32.625874
            ],
            [
              120.0703633,
              32.6258875
            ],
            [
              120.0703445,
              32.625892
            ],
            [
              120.0703096,
              32.6259169
            ],
            [
              120.0702962,
              32.6259598
            ],
            [
              120.0703016,
              32.6260005
            ],
            [
              120.0703177,
              32.6260185
            ],
            [
              120.0703043,
              32.6260479
            ],
            [
              120.0703043,
              32.6260728
            ],
            [
              120.0702828,
              32.6260953
            ],
            [
              120.0702453,
              32.6261044
            ],
            [
              120.0702265,
              32.6261157
            ]
          ]
        ]
      }
    },
    {
      "type": "Feature",
      "id": "cn0000385-h13-centerline-0",
      "properties": {
        "course_id": "cn0000385",
        "hole": 13,
        "feature_type": "centerline",
        "index": 0
      },
      "geometry": {
        "type": "LineString",
        "coordinates": [
          [
            120.0694645,
            32.6202521
          ],
          [
            120.0696145,
            32.6207668
          ],
          [
            120.0697539,
            32.6214802
          ],
          [
            120.0698074,
            32.6222615
          ],
          [
            120.069609,
            32.6230341
          ],
          [
            120.0694105,
            32.6238112
          ],
          [
            120.0696303,
            32.624529
          ],
          [
            120.0698822,
            32.6254365
          ]
        ]
      }
    },
    {
      "type": "Feature",
      "id": "cn0000385-h13-cart_path-0",
      "properties": {
        "course_id": "cn0000385",
        "hole": 13,
        "feature_type": "cart_path",
        "index": 0
      },
      "geometry": {
        "type": "LineString",
        "coordinates": [
          [
            120.0677884,
            32.6249771
          ],
          [
            120.0677776,
            32.624688
          ]
        ]
      }
    },
    {
      "type": "Feature",
      "id": "cn0000385-h13-cart_path-1",
      "properties": {
        "course_id": "cn0000385",
        "hole": 13,
        "feature_type": "cart_path",
        "index": 1
      },
      "geometry": {
        "type": "LineString",
        "coordinates": [
          [
            120.0679547,
            32.6242701
          ],
          [
            120.0679976,
            32.6247151
          ],
          [
            120.0678903,
            32.6247332
          ],
          [
            120.0679225,
            32.6249952
          ],
          [
            120.0680405,
            32.6250268
          ],
          [
            120.0680298,
            32.6251308
          ],
          [
            120.0680727,
            32.6252618
          ],
          [
            120.0680673,
            32.625316
          ],
          [
            120.0679842,
            32.6253408
          ]
        ]
      }
    },
    {
      "type": "Feature",
      "id": "cn0000385-h13-cart_path-2",
      "properties": {
        "course_id": "cn0000385",
        "hole": 13,
        "feature_type": "cart_path",
        "index": 2
      },
      "geometry": {
        "type": "LineString",
        "coordinates": [
          [
            120.0700897,
            32.6212633
          ],
          [
            120.0697678,
            32.6211819
          ],
          [
            120.0696874,
            32.6211865
          ],
          [
            120.0695801,
            32.6211593
          ]
        ]
      }
    },
    {
      "type": "Feature",
      "id": "cn0000385-h13-cart_path-3",
      "properties": {
        "course_id": "cn0000385",
        "hole": 13,
        "feature_type": "cart_path",
        "index": 3
      },
      "geometry": {
        "type": "LineString",
        "coordinates": [
          [
            120.0698268,
            32.6236488
          ],
          [
            120.0692314,
            32.6238183
          ],
          [
            120.0691107,
            32.623825
          ],
          [
            120.0689471,
            32.6237979
          ],
          [
            120.0688183,
            32.623807
          ]
        ]
      }
    },
    {
      "type": "Feature",
      "id": "cn0000385-h13-cart_path-4",
      "properties": {
        "course_id": "cn0000385",
        "hole": 13,
        "feature_type": "cart_path",
        "index": 4
      },
      "geometry": {
        "type": "LineString",
        "coordinates": [
          [
            120.0679654,
            32.6252482
          ],
          [
            120.0679225,
            32.625054
          ],
          [
            120.0679332,
            32.6250133
          ],
          [
            120.0680244,
            32.6249817
          ],
          [
            120.0679976,
            32.6247241
          ],
          [
            120.0678903,
            32.6247241
          ],
          [
            120.0678715,
            32.6244892
          ]
        ]
      }
    },
    {
      "type": "Feature",
      "id": "cn0000385-h13-cart_path-5",
      "properties": {
        "course_id": "cn0000385",
        "hole": 13,
        "feature_type": "cart_path",
        "index": 5
      },
      "geometry": {
        "type": "LineString",
        "coordinates": [
          [
            120.0696337,
            32.6233958
          ],
          [
            120.0696445,
            32.623441
          ],
          [
            120.0696284,
            32.6234726
          ],
          [
            120.0695264,
            32.6234094
          ],
          [
            120.0694621,
            32.6234184
          ],
          [
            120.0694621,
            32.6235133
          ],
          [
            120.0693923,
            32.6235178
          ]
        ]
      }
    },
    {
      "type": "Feature",
      "id": "cn0000385-h13-cart_path-6",
      "properties": {
        "course_id": "cn0000385",
        "hole": 13,
        "feature_type": "cart_path",
        "index": 6
      },
      "geometry": {
        "type": "LineString",
        "coordinates": [
          [
            120.0686949,
            32.6243446
          ],
          [
            120.0686842,
            32.6245457
          ],
          [
            120.0687164,
            32.6246835
          ],
          [
            120.0686896,
            32.6249184
          ],
          [
            120.0687057,
            32.6250133
          ]
        ]
      }
    },
    {
      "type": "Feature",
      "id": "cn0000385-h13-cart_path-7",
      "properties": {
        "course_id": "cn0000385",
        "hole": 13,
        "feature_type": "cart_path",
        "index": 7
      },
      "geometry": {
        "type": "LineString",
        "coordinates": [
          [
            120.0703686,
            32.6224967
          ],
          [
            120.0704223,
            32.6222482
          ],
          [
            120.070374,
            32.6219771
          ]
        ]
      }
    },
    {
      "type": "Feature",
      "id": "cn0000385-h13-cart_path-8",
      "properties": {
        "course_id": "cn0000385",
        "hole": 13,
        "feature_type": "cart_path",
        "index": 8
      },
      "geometry": {
        "type": "LineString",
        "coordinates": [
          [
            120.0702131,
            32.6232829
          ],
          [
            120.070256,
            32.6231202
          ],
          [
            120.0702399,
            32.6228311
          ]
        ]
      }
    },
    {
      "type": "Feature",
      "id": "cn0000385-h13-tree-0",
      "properties": {
        "course_id": "cn0000385",
        "hole": 13,
        "feature_type": "tree",
        "index": 0
      },
      "geometry": {
        "type": "Point",
        "coordinates": [
          120.0695011,
          32.6208516
        ]
      }
    },
    {
      "type": "Feature",
      "id": "cn0000385-h13-tree-1",
      "properties": {
        "course_id": "cn0000385",
        "hole": 13,
        "feature_type": "tree",
        "index": 1
      },
      "geometry": {
        "type": "Point",
        "coordinates": [
          120.0704845,
          32.6225289
        ]
      }
    },
    {
      "type": "Feature",
      "id": "cn0000385-h13-tree-2",
      "properties": {
        "course_id": "cn0000385",
        "hole": 13,
        "feature_type": "tree",
        "index": 2
      },
      "geometry": {
        "type": "Point",
        "coordinates": [
          120.0685861,
          32.6242639
        ]
      }
    },
    {
      "type": "Feature",
      "id": "cn0000385-h13-tree-3",
      "properties": {
        "course_id": "cn0000385",
        "hole": 13,
        "feature_type": "tree",
        "index": 3
      },
      "geometry": {
        "type": "Point",
        "coordinates": [
          120.0692512,
          32.6257842
        ]
      }
    },
    {
      "type": "Feature",
      "id": "cn0000385-h13-tree-4",
      "properties": {
        "course_id": "cn0000385",
        "hole": 13,
        "feature_type": "tree",
        "index": 4
      },
      "geometry": {
        "type": "Point",
        "coordinates": [
          120.0685842,
          32.6254636
        ]
      }
    },
    {
      "type": "Feature",
      "id": "cn0000385-h13-tee-black",
      "properties": {
        "course_id": "cn0000385",
        "hole": 13,
        "feature_type": "tee",
        "color": "black",
        "distance_m": 579
      },
      "geometry": {
        "type": "Point",
        "coordinates": [
          120.0694645,
          32.6202521
        ]
      }
    },
    {
      "type": "Feature",
      "id": "cn0000385-h13-tee-blue",
      "properties": {
        "course_id": "cn0000385",
        "hole": 13,
        "feature_type": "tee",
        "color": "blue",
        "distance_m": 562
      },
      "geometry": {
        "type": "Point",
        "coordinates": [
          120.0695073,
          32.6205366
        ]
      }
    },
    {
      "type": "Feature",
      "id": "cn0000385-h13-tee-white",
      "properties": {
        "course_id": "cn0000385",
        "hole": 13,
        "feature_type": "tee",
        "color": "white",
        "distance_m": 518
      },
      "geometry": {
        "type": "Point",
        "coordinates": [
          120.0695877,
          32.620812
        ]
      }
    },
    {
      "type": "Feature",
      "id": "cn0000385-h13-tee-red",
      "properties": {
        "course_id": "cn0000385",
        "hole": 13,
        "feature_type": "tee",
        "color": "red",
        "distance_m": 460
      },
      "geometry": {
        "type": "Point",
        "coordinates": [
          120.069904,
          32.6213671
        ]
      }
    },
    {
      "type": "Feature",
      "id": "cn0000385-h13-flag-daily_pin",
      "properties": {
        "course_id": "cn0000385",
        "hole": 13,
        "feature_type": "flag",
        "role": "daily_pin"
      },
      "geometry": {
        "type": "Point",
        "coordinates": [
          120.0698822,
          32.6254365
        ]
      }
    },
    {
      "type": "Feature",
      "id": "cn0000385-h13-green_target-front",
      "properties": {
        "course_id": "cn0000385",
        "hole": 13,
        "feature_type": "green_target",
        "role": "front"
      },
      "geometry": {
        "type": "Point",
        "coordinates": [
          120.0698698,
          32.6252831
        ]
      }
    },
    {
      "type": "Feature",
      "id": "cn0000385-h13-green_target-middle",
      "properties": {
        "course_id": "cn0000385",
        "hole": 13,
        "feature_type": "green_target",
        "role": "middle"
      },
      "geometry": {
        "type": "Point",
        "coordinates": [
          120.06988262758622,
          32.62544178965517
        ]
      }
    },
    {
      "type": "Feature",
      "id": "cn0000385-h13-green_target-back",
      "properties": {
        "course_id": "cn0000385",
        "hole": 13,
        "feature_type": "green_target",
        "role": "back"
      },
      "geometry": {
        "type": "Point",
        "coordinates": [
          120.0698946,
          32.6255899
        ]
      }
    },
    {
      "type": "Feature",
      "id": "cn0000385-h14-hole_perimeter-0",
      "properties": {
        "course_id": "cn0000385",
        "hole": 14,
        "feature_type": "hole_perimeter",
        "index": 0
      },
      "geometry": {
        "type": "Polygon",
        "coordinates": [
          [
            [
              120.0703509,
              32.6289318
            ],
            [
              120.070217,
              32.6289232
            ],
            [
              120.0701378,
              32.6288698
            ],
            [
              120.0700882,
              32.6288004
            ],
            [
              120.0700476,
              32.6288161
            ],
            [
              120.0693183,
              32.6280468
            ],
            [
              120.0689786,
              32.6271278
            ],
            [
              120.0689064,
              32.62708
            ],
            [
              120.0688796,
              32.6269175
            ],
            [
              120.0688837,
              32.6262621
            ],
            [
              120.0689249,
              32.6261722
            ],
            [
              120.0688748,
              32.626004
            ],
            [
              120.0689004,
              32.6259418
            ],
            [
              120.068972,
              32.6258911
            ],
            [
              120.0690648,
              32.6258825
            ],
            [
              120.0691575,
              32.6259277
            ],
            [
              120.0698724,
              32.6260444
            ],
            [
              120.0699254,
              32.6260671
            ],
            [
              120.0699595,
              32.626108
            ],
            [
              120.0699673,
              32.6261551
            ],
            [
              120.0699477,
              32.6262023
            ],
            [
              120.0698556,
              32.626249
            ],
            [
              120.0692566,
              32.626157
            ],
            [
              120.0693691,
              32.6264582
            ],
            [
              120.0696025,
              32.6269674
            ],
            [
              120.0705174,
              32.6286342
            ],
            [
              120.0704368,
              32.6286654
            ],
            [
              120.070459,
              32.6288103
            ],
            [
              120.0704227,
              32.628885
            ],
            [
              120.0703509,
              32.6289318
            ]
          ]
        ]
      }
    },
    {
      "type": "Feature",
      "id": "cn0000385-h14-rough-0",
      "properties": {
        "course_id": "cn0000385",
        "hole": 14,
        "feature_type": "rough",
        "index": 0
      },
      "geometry": {
        "type": "Polygon",
        "coordinates": [
          [
            [
              120.0703509,
              32.6289318
            ],
            [
              120.070217,
              32.6289232
            ],
            [
              120.0701378,
              32.6288698
            ],
            [
              120.0700882,
              32.6288004
            ],
            [
              120.0700476,
              32.6288161
            ],
            [
              120.0693183,
              32.6280468
            ],
            [
              120.0689786,
              32.6271278
            ],
            [
              120.0689064,
              32.62708
            ],
            [
              120.0688796,
              32.6269175
            ],
            [
              120.0688837,
              32.6262621
            ],
            [
              120.0689249,
              32.6261722
            ],
            [
              120.0688748,
              32.626004
            ],
            [
              120.0689004,
              32.6259418
            ],
            [
              120.068972,
              32.6258911
            ],
            [
              120.0690648,
              32.6258825
            ],
            [
              120.0691575,
              32.6259277
            ],
            [
              120.0698724,
              32.6260444
            ],
            [
              120.0699254,
              32.6260671
            ],
            [
              120.0699595,
              32.626108
            ],
            [
              120.0699673,
              32.6261551
            ],
            [
              120.0699477,
              32.6262023
            ],
            [
              120.0698556,
              32.626249
            ],
            [
              120.0692566,
              32.626157
            ],
            [
              120.0693691,
              32.6264582
            ],
            [
              120.0696025,
              32.6269674
            ],
            [
              120.0705174,
              32.6286342
            ],
            [
              120.0704368,
              32.6286654
            ],
            [
              120.070459,
              32.6288103
            ],
            [
              120.0704227,
              32.628885
            ],
            [
              120.0703509,
              32.6289318
            ]
          ]
        ]
      }
    },
    {
      "type": "Feature",
      "id": "cn0000385-h14-tee_box-0",
      "properties": {
        "course_id": "cn0000385",
        "hole": 14,
        "feature_type": "tee_box",
        "index": 0
      },
      "geometry": {
        "type": "Polygon",
        "coordinates": [
          [
            [
              120.069864,
              32.6260706
            ],
            [
              120.069921,
              32.6261037
            ],
            [
              120.0699338,
              32.626161
            ],
            [
              120.0698952,
              32.6262094
            ],
            [
              120.0698361,
              32.6262221
            ],
            [
              120.0690092,
              32.6260894
            ],
            [
              120.0689599,
              32.6260592
            ],
            [
              120.0689442,
              32.6260095
            ],
            [
              120.0689757,
              32.6259575
            ],
            [
              120.0690415,
              32.6259391
            ],
            [
              120.069864,
              32.6260706
            ]
          ]
        ]
      }
    },
    {
      "type": "Feature",
      "id": "cn0000385-h14-fairway-0",
      "properties": {
        "course_id": "cn0000385",
        "hole": 14,
        "feature_type": "fairway",
        "index": 0
      },
      "geometry": {
        "type": "Polygon",
        "coordinates": [
          [
            [
              120.0693297,
              32.6277194
            ],
            [
              120.0693094,
              32.6274378
            ],
            [
              120.0692515,
              32.6271267
            ],
            [
              120.0689967,
              32.6263355
            ],
            [
              120.0689882,
              32.6261613
            ],
            [
              120.0689391,
              32.6260246
            ],
            [
              120.0689598,
              32.6259649
            ],
            [
              120.0690246,
              32.6259349
            ],
            [
              120.0690955,
              32.6259522
            ],
            [
              120.0691238,
              32.6259837
            ],
            [
              120.0691493,
              32.6260505
            ],
            [
              120.0691693,
              32.6260383
            ],
            [
              120.0691888,
              32.6260509
            ],
            [
              120.0691606,
              32.6260809
            ],
            [
              120.069193,
              32.6261674
            ],
            [
              120.0704902,
              32.6286447
            ],
            [
              120.0703502,
              32.6286989
            ],
            [
              120.0703558,
              32.6287535
            ],
            [
              120.070319,
              32.6287987
            ],
            [
              120.0702661,
              32.6288141
            ],
            [
              120.0702119,
              32.6288022
            ],
            [
              120.0701648,
              32.6287486
            ],
            [
              120.070001,
              32.6286471
            ],
            [
              120.0693297,
              32.6277194
            ]
          ]
        ]
      }
    },
    {
      "type": "Feature",
      "id": "cn0000385-h14-green_fringe-0",
      "properties": {
        "course_id": "cn0000385",
        "hole": 14,
        "feature_type": "green_fringe",
        "index": 0
      },
      "geometry": {
        "type": "Polygon",
        "coordinates": [
          [
            [
              120.0703426,
              32.6289103
            ],
            [
              120.070375,
              32.6288947
            ],
            [
              120.0704017,
              32.628871
            ],
            [
              120.0704214,
              32.6288403
            ],
            [
              120.0704332,
              32.6288043
            ],
            [
              120.0704364,
              32.6287647
            ],
            [
              120.0704308,
              32.6287235
            ],
            [
              120.0704169,
              32.6286827
            ],
            [
              120.0703952,
              32.6286445
            ],
            [
              120.0703668,
              32.6286107
            ],
            [
              120.0703332,
              32.6285831
            ],
            [
              120.0702961,
              32.6285629
            ],
            [
              120.0702573,
              32.6285513
            ],
            [
              120.0702187,
              32.6285488
            ],
            [
              120.0701824,
              32.6285555
            ],
            [
              120.07015,
              32.6285711
            ],
            [
              120.0701233,
              32.6285948
            ],
            [
              120.0701036,
              32.6286255
            ],
            [
              120.0700918,
              32.6286615
            ],
            [
              120.0700886,
              32.6287011
            ],
            [
              120.0700942,
              32.6287423
            ],
            [
              120.0701081,
              32.6287831
            ],
            [
              120.0701298,
              32.6288213
            ],
            [
              120.0701582,
              32.6288551
            ],
            [
              120.0701918,
              32.6288827
            ],
            [
              120.0702289,
              32.6289029
            ],
            [
              120.0702677,
              32.6289145
            ],
            [
              120.0703063,
              32.628917
            ],
            [
              120.0703426,
              32.6289103
            ]
          ]
        ]
      }
    },
    {
      "type": "Feature",
      "id": "cn0000385-h14-green-0",
      "properties": {
        "course_id": "cn0000385",
        "hole": 14,
        "feature_type": "green",
        "index": 0
      },
      "geometry": {
        "type": "Polygon",
        "coordinates": [
          [
            [
              120.0703274,
              32.6288765
            ],
            [
              120.0703512,
              32.6288646
            ],
            [
              120.0703707,
              32.6288461
            ],
            [
              120.0703846,
              32.628822
            ],
            [
              120.0703925,
              32.6287933
            ],
            [
              120.0703939,
              32.6287617
            ],
            [
              120.0703886,
              32.6287286
            ],
            [
              120.070377,
              32.6286957
            ],
            [
              120.0703597,
              32.6286647
            ],
            [
              120.0703376,
              32.6286371
            ],
            [
              120.0703116,
              32.6286143
            ],
            [
              120.0702832,
              32.6285974
            ],
            [
              120.0702537,
              32.6285874
            ],
            [
              120.0702247,
              32.6285846
            ],
            [
              120.0701976,
              32.6285893
            ],
            [
              120.0701738,
              32.6286012
            ],
            [
              120.0701543,
              32.6286197
            ],
            [
              120.0701404,
              32.6286438
            ],
            [
              120.0701325,
              32.6286725
            ],
            [
              120.0701311,
              32.6287041
            ],
            [
              120.0701364,
              32.6287372
            ],
            [
              120.070148,
              32.6287701
            ],
            [
              120.0701653,
              32.6288011
            ],
            [
              120.0701874,
              32.6288287
            ],
            [
              120.0702134,
              32.6288515
            ],
            [
              120.0702418,
              32.6288684
            ],
            [
              120.0702713,
              32.6288784
            ],
            [
              120.0703003,
              32.6288812
            ],
            [
              120.0703274,
              32.6288765
            ]
          ]
        ]
      }
    },
    {
      "type": "Feature",
      "id": "cn0000385-h14-bunker-0",
      "properties": {
        "course_id": "cn0000385",
        "hole": 14,
        "feature_type": "bunker",
        "index": 0
      },
      "geometry": {
        "type": "Polygon",
        "coordinates": [
          [
            [
              120.0695148,
              32.6279227
            ],
            [
              120.0694783,
              32.6278443
            ],
            [
              120.0694528,
              32.6278471
            ],
            [
              120.0694292,
              32.6278743
            ],
            [
              120.0693821,
              32.6278629
            ],
            [
              120.0693646,
              32.6278056
            ],
            [
              120.069387,
              32.6277738
            ],
            [
              120.0694425,
              32.6277625
            ],
            [
              120.0694718,
              32.6277958
            ],
            [
              120.0695354,
              32.6277629
            ],
            [
              120.0695714,
              32.6277807
            ],
            [
              120.0696022,
              32.6278515
            ],
            [
              120.0695556,
              32.6279183
            ],
            [
              120.0695148,
              32.6279227
            ]
          ]
        ]
      }
    },
    {
      "type": "Feature",
      "id": "cn0000385-h14-bunker-1",
      "properties": {
        "course_id": "cn0000385",
        "hole": 14,
        "feature_type": "bunker",
        "index": 1
      },
      "geometry": {
        "type": "Polygon",
        "coordinates": [
          [
            [
              120.0696902,
              32.6282605
            ],
            [
              120.0697216,
              32.6282118
            ],
            [
              120.069749,
              32.6281958
            ],
            [
              120.0697945,
              32.6282008
            ],
            [
              120.0698105,
              32.6282381
            ],
            [
              120.0697768,
              32.6283584
            ],
            [
              120.0697364,
              32.6283658
            ],
            [
              120.0696902,
              32.6282605
            ]
          ]
        ]
      }
    },
    {
      "type": "Feature",
      "id": "cn0000385-h14-bunker-2",
      "properties": {
        "course_id": "cn0000385",
        "hole": 14,
        "feature_type": "bunker",
        "index": 2
      },
      "geometry": {
        "type": "Polygon",
        "coordinates": [
          [
            [
              120.0696072,
              32.6282261
            ],
            [
              120.0696468,
              32.6281609
            ],
            [
              120.0696726,
              32.628156
            ],
            [
              120.0696812,
              32.6282068
            ],
            [
              120.069662,
              32.6282394
            ],
            [
              120.0696303,
              32.628247
            ],
            [
              120.0696072,
              32.6282261
            ]
          ]
        ]
      }
    },
    {
      "type": "Feature",
      "id": "cn0000385-h14-bunker-3",
      "properties": {
        "course_id": "cn0000385",
        "hole": 14,
        "feature_type": "bunker",
        "index": 3
      },
      "geometry": {
        "type": "Polygon",
        "coordinates": [
          [
            [
              120.070096,
              32.628695
            ],
            [
              120.0699983,
              32.6286352
            ],
            [
              120.0700553,
              32.6286073
            ],
            [
              120.0700812,
              32.6286522
            ],
            [
              120.0701328,
              32.6286711
            ],
            [
              120.0701313,
              32.628688
            ],
            [
              120.070096,
              32.628695
            ]
          ]
        ]
      }
    },
    {
      "type": "Feature",
      "id": "cn0000385-h14-water-0",
      "properties": {
        "course_id": "cn0000385",
        "hole": 14,
        "feature_type": "water",
        "index": 0
      },
      "geometry": {
        "type": "Polygon",
        "coordinates": [
          [
            [
              120.0711116,
              32.6287903
            ],
            [
              120.0710848,
              32.6287428
            ],
            [
              120.0710848,
              32.628727
            ],
            [
              120.0711089,
              32.6286954
            ],
            [
              120.0711116,
              32.6286705
            ],
            [
              120.0711411,
              32.6286683
            ],
            [
              120.071176,
              32.6286818
            ],
            [
              120.0711921,
              32.6286818
            ],
            [
              120.0712243,
              32.6286683
            ],
            [
              120.0712699,
              32.628666
            ],
            [
              120.0713584,
              32.6286367
            ],
            [
              120.0713718,
              32.6286231
            ],
            [
              120.0713959,
              32.6286186
            ],
            [
              120.0714254,
              32.6286028
            ],
            [
              120.071471,
              32.628596
            ],
            [
              120.0714898,
              32.6285734
            ],
            [
              120.0715569,
              32.6285666
            ],
            [
              120.0715971,
              32.6285463
            ],
            [
              120.0716212,
              32.628544
            ],
            [
              120.0716373,
              32.628526
            ],
            [
              120.0717017,
              32.6284989
            ],
            [
              120.0717339,
              32.628474
            ],
            [
              120.0717446,
              32.6284469
            ],
            [
              120.0717661,
              32.6284356
            ],
            [
              120.0717875,
              32.628404
            ],
            [
              120.071809,
              32.6283927
            ],
            [
              120.0718036,
              32.6283701
            ],
            [
              120.0718197,
              32.6283543
            ],
            [
              120.0718305,
              32.6283204
            ],
            [
              120.0719538,
              32.6283114
            ],
            [
              120.0719726,
              32.6283159
            ],
            [
              120.0719726,
              32.6284492
            ],
            [
              120.0719967,
              32.628483
            ],
            [
              120.0719994,
              32.6285034
            ],
            [
              120.071986,
              32.6285621
            ],
            [
              120.071986,
              32.6286005
            ],
            [
              120.0719967,
              32.6286254
            ],
            [
              120.0720102,
              32.6286344
            ],
            [
              120.0720102,
              32.6286773
            ],
            [
              120.071978,
              32.6286864
            ],
            [
              120.0719646,
              32.6287112
            ],
            [
              120.0719512,
              32.628718
            ],
            [
              120.0718868,
              32.6287135
            ],
            [
              120.0718707,
              32.6287225
            ],
            [
              120.0718814,
              32.6287473
            ],
            [
              120.0718948,
              32.6287519
            ],
            [
              120.0719243,
              32.6287473
            ],
            [
              120.0719404,
              32.6287541
            ],
            [
              120.0719297,
              32.6287677
            ],
            [
              120.0719297,
              32.6287925
            ],
            [
              120.0719216,
              32.6288083
            ],
            [
              120.0719002,
              32.6288129
            ],
            [
              120.0718868,
              32.6288264
            ],
            [
              120.0718546,
              32.6288377
            ],
            [
              120.0718492,
              32.6289303
            ],
            [
              120.0718439,
              32.6289393
            ],
            [
              120.071809,
              32.6289484
            ],
            [
              120.0717875,
              32.6289823
            ],
            [
              120.0717741,
              32.6289845
            ],
            [
              120.0717473,
              32.6289755
            ],
            [
              120.0717258,
              32.6289868
            ],
            [
              120.0717071,
              32.628971
            ],
            [
              120.0716588,
              32.6289665
            ],
            [
              120.07164,
              32.6289755
            ],
            [
              120.0715917,
              32.628971
            ],
            [
              120.0715515,
              32.6289823
            ],
            [
              120.0715193,
              32.6289506
            ],
            [
              120.0714844,
              32.6289484
            ],
            [
              120.0714576,
              32.6289303
            ],
            [
              120.0714147,
              32.6289281
            ],
            [
              120.071404,
              32.6288964
            ],
            [
              120.0713798,
              32.6288784
            ],
            [
              120.0713262,
              32.6288693
            ],
            [
              120.071294,
              32.6288761
            ],
            [
              120.0712726,
              32.6288558
            ],
            [
              120.0711626,
              32.6288219
            ],
            [
              120.0711492,
              32.6288106
            ],
            [
              120.0711277,
              32.6288061
            ],
            [
              120.0711116,
              32.6287903
            ]
          ]
        ]
      }
    },
    {
      "type": "Feature",
      "id": "cn0000385-h14-water-1",
      "properties": {
        "course_id": "cn0000385",
        "hole": 14,
        "feature_type": "water",
        "index": 1
      },
      "geometry": {
        "type": "Polygon",
        "coordinates": [
          [
            [
              120.0703552,
              32.6292307
            ],
            [
              120.0703311,
              32.6292104
            ],
            [
              120.0702989,
              32.6292059
            ],
            [
              120.0702775,
              32.6291946
            ],
            [
              120.0702211,
              32.6291878
            ],
            [
              120.0701755,
              32.6291359
            ],
            [
              120.0701058,
              32.6291088
            ],
            [
              120.0700897,
              32.6290884
            ],
            [
              120.0700548,
              32.6290794
            ],
            [
              120.0700548,
              32.6290342
            ],
            [
              120.0700253,
              32.6290116
            ],
            [
              120.0699583,
              32.628989
            ],
            [
              120.0699314,
              32.6289687
            ],
            [
              120.0698912,
              32.6289665
            ],
            [
              120.0698671,
              32.6289461
            ],
            [
              120.0698295,
              32.6289439
            ],
            [
              120.0697866,
              32.6289281
            ],
            [
              120.0697517,
              32.6289416
            ],
            [
              120.0697142,
              32.6289393
            ],
            [
              120.06969,
              32.6289529
            ],
            [
              120.0696686,
              32.6289529
            ],
            [
              120.0696149,
              32.6289258
            ],
            [
              120.0695962,
              32.6289281
            ],
            [
              120.0695479,
              32.6289665
            ],
            [
              120.0695533,
              32.6289936
            ],
            [
              120.069505,
              32.6290478
            ],
            [
              120.0694969,
              32.6290884
            ],
            [
              120.0694701,
              32.6290907
            ],
            [
              120.0694674,
              32.6290613
            ],
            [
              120.0694406,
              32.62905
            ],
            [
              120.0694406,
              32.6290252
            ],
            [
              120.069454,
              32.6289936
            ],
            [
              120.0694808,
              32.6289665
            ],
            [
              120.0694782,
              32.6288829
            ],
            [
              120.0694942,
              32.6288716
            ],
            [
              120.0694942,
              32.6288535
            ],
            [
              120.069505,
              32.6288467
            ],
            [
              120.0695103,
              32.6288287
            ],
            [
              120.0695479,
              32.6288151
            ],
            [
              120.0695801,
              32.6287744
            ],
            [
              120.069631,
              32.6287496
            ],
            [
              120.069631,
              32.6287338
            ],
            [
              120.0696471,
              32.6287248
            ],
            [
              120.069682,
              32.6286841
            ],
            [
              120.069741,
              32.6286434
            ],
            [
              120.0697491,
              32.6285937
            ],
            [
              120.0697705,
              32.6285824
            ],
            [
              120.0697678,
              32.6285599
            ],
            [
              120.0697115,
              32.6285282
            ],
            [
              120.0697088,
              32.6284763
            ],
            [
              120.069682,
              32.6284379
            ],
            [
              120.0696874,
              32.6284243
            ],
            [
              120.0696847,
              32.6283566
            ],
            [
              120.0696954,
              32.6283475
            ],
            [
              120.0697169,
              32.628352
            ],
            [
              120.0697356,
              32.6283407
            ],
            [
              120.0697356,
              32.6283294
            ],
            [
              120.0697196,
              32.6283159
            ],
            [
              120.069733,
              32.6282933
            ],
            [
              120.069733,
              32.6282594
            ],
            [
              120.0697196,
              32.6282346
            ],
            [
              120.0697356,
              32.6282029
            ],
            [
              120.0697356,
              32.6281645
            ],
            [
              120.0697249,
              32.6281465
            ],
            [
              120.0697249,
              32.6281307
            ],
            [
              120.0696981,
              32.6281058
            ],
            [
              120.0697035,
              32.628081
            ],
            [
              120.0697115,
              32.6280742
            ],
            [
              120.0697088,
              32.6280267
            ],
            [
              120.0696874,
              32.6280064
            ],
            [
              120.0696391,
              32.6279951
            ],
            [
              120.0696418,
              32.6279725
            ],
            [
              120.0696284,
              32.6279477
            ],
            [
              120.0696364,
              32.6279274
            ],
            [
              120.0696337,
              32.6278844
            ],
            [
              120.0696257,
              32.6278731
            ],
            [
              120.069631,
              32.6278302
            ],
            [
              120.0696445,
              32.6278212
            ],
            [
              120.0696471,
              32.627785
            ],
            [
              120.0696686,
              32.6277737
            ],
            [
              120.0696686,
              32.6277534
            ],
            [
              120.0696552,
              32.6277399
            ],
            [
              120.0696632,
              32.6277331
            ],
            [
              120.069674,
              32.627645
            ],
            [
              120.0696391,
              32.6276224
            ],
            [
              120.0696605,
              32.6275953
            ],
            [
              120.0696605,
              32.6275817
            ],
            [
              120.0696284,
              32.6275591
            ],
            [
              120.069631,
              32.6275117
            ],
            [
              120.0696203,
              32.6275004
            ],
            [
              120.069631,
              32.6274055
            ],
            [
              120.0696284,
              32.627392
            ],
            [
              120.0696069,
              32.6273694
            ],
            [
              120.0696203,
              32.6273423
            ],
            [
              120.0696123,
              32.6273129
            ],
            [
              120.0696284,
              32.6272881
            ],
            [
              120.0696284,
              32.6272723
            ],
            [
              120.0696069,
              32.6272565
            ],
            [
              120.0695881,
              32.6271977
            ],
            [
              120.0695908,
              32.6271638
            ],
            [
              120.0695774,
              32.6271435
            ],
            [
              120.0695774,
              32.6271254
            ],
            [
              120.0695613,
              32.6271074
            ],
            [
              120.0695479,
              32.6270554
            ],
            [
              120.0695479,
              32.6270215
            ],
            [
              120.069564,
              32.6269967
            ],
            [
              120.069564,
              32.6269809
            ],
            [
              120.0695264,
              32.6269379
            ],
            [
              120.0695077,
              32.6269266
            ],
            [
              120.0695103,
              32.6269041
            ],
            [
              120.0695023,
              32.6268837
            ],
            [
              120.0695157,
              32.6268702
            ],
            [
              120.0695157,
              32.6268431
            ],
            [
              120.0695023,
              32.626834
            ],
            [
              120.0694889,
              32.6267392
            ],
            [
              120.069505,
              32.6266962
            ],
            [
              120.0695077,
              32.6266511
            ],
            [
              120.069505,
              32.6266398
            ],
            [
              120.0694165,
              32.6265788
            ],
            [
              120.0694138,
              32.6265449
            ],
            [
              120.0693923,
              32.6265268
            ],
            [
              120.0693655,
              32.6265155
            ],
            [
              120.0693414,
              32.6264861
            ],
            [
              120.0693387,
              32.626441
            ],
            [
              120.0693762,
              32.6264093
            ],
            [
              120.069387,
              32.6263506
            ],
            [
              120.0694406,
              32.6263099
            ],
            [
              120.0694835,
              32.6262896
            ],
            [
              120.0694942,
              32.6262535
            ],
            [
              120.0695747,
              32.6262309
            ],
            [
              120.0695962,
              32.6262354
            ],
            [
              120.0696257,
              32.626258
            ],
            [
              120.0696605,
              32.626267
            ],
            [
              120.0696766,
              32.6262941
            ],
            [
              120.0696981,
              32.6263099
            ],
            [
              120.069741,
              32.6263122
            ],
            [
              120.0697652,
              32.6263258
            ],
            [
              120.0697812,
              32.6263235
            ],
            [
              120.0698027,
              32.6263077
            ],
            [
              120.0698295,
              32.6263054
            ],
            [
              120.0698429,
              32.6262941
            ],
            [
              120.0698698,
              32.6262964
            ],
            [
              120.0699127,
              32.6262783
            ],
            [
              120.0699341,
              32.626258
            ],
            [
              120.0699797,
              32.6262422
            ],
            [
              120.0699931,
              32.6262309
            ],
            [
              120.0699985,
              32.6262083
            ],
            [
              120.07002,
              32.6261925
            ],
            [
              120.0700897,
              32.6262218
            ],
            [
              120.0701192,
              32.6262173
            ],
            [
              120.0701702,
              32.6262286
            ],
            [
              120.0701916,
              32.6262241
            ],
            [
              120.0702345,
              32.6262512
            ],
            [
              120.0702426,
              32.6262715
            ],
            [
              120.070256,
              32.6262806
            ],
            [
              120.070256,
              32.6263122
            ],
            [
              120.0702345,
              32.6263348
            ],
            [
              120.0702292,
              32.626398
            ],
            [
              120.0702372,
              32.6264184
            ],
            [
              120.070264,
              32.6264342
            ],
            [
              120.0702694,
              32.6264816
            ],
            [
              120.070264,
              32.6265087
            ],
            [
              120.0702479,
              32.6265245
            ],
            [
              120.0702479,
              32.6265607
            ],
            [
              120.0702587,
              32.6265675
            ],
            [
              120.0702587,
              32.626581
            ],
            [
              120.0702372,
              32.6265878
            ],
            [
              120.0701809,
              32.6266398
            ],
            [
              120.0701836,
              32.6267075
            ],
            [
              120.0701702,
              32.626712
            ],
            [
              120.0701514,
              32.6267392
            ],
            [
              120.0701165,
              32.6267617
            ],
            [
              120.0701112,
              32.6268363
            ],
            [
              120.0701246,
              32.6268702
            ],
            [
              120.0701004,
              32.6269131
            ],
            [
              120.0700682,
              32.6269447
            ],
            [
              120.0700656,
              32.6269944
            ],
            [
              120.070079,
              32.6270147
            ],
            [
              120.0700763,
              32.6270622
            ],
            [
              120.0700897,
              32.6270712
            ],
            [
              120.070087,
              32.6271028
            ],
            [
              120.0700924,
              32.6271074
            ],
            [
              120.0700817,
              32.6271684
            ],
            [
              120.0701004,
              32.6271909
            ],
            [
              120.0700951,
              32.6272497
            ],
            [
              120.0701058,
              32.6272587
            ],
            [
              120.0701058,
              32.6272836
            ],
            [
              120.0700951,
              32.6272994
            ],
            [
              120.0700897,
              32.62734
            ],
            [
              120.070079,
              32.6273445
            ],
            [
              120.0700039,
              32.6273423
            ],
            [
              120.0699878,
              32.6273513
            ],
            [
              120.0699905,
              32.6273671
            ],
            [
              120.0700092,
              32.6273784
            ],
            [
              120.0700924,
              32.6273762
            ],
            [
              120.0700951,
              32.6274259
            ],
            [
              120.0701219,
              32.627453
            ],
            [
              120.0701165,
              32.6275027
            ],
            [
              120.0701246,
              32.6275275
            ],
            [
              120.0701058,
              32.6275614
            ],
            [
              120.0701112,
              32.627706
            ],
            [
              120.0701031,
              32.6277466
            ],
            [
              120.0700951,
              32.6277534
            ],
            [
              120.0701004,
              32.6277941
            ],
            [
              120.0700897,
              32.627828
            ],
            [
              120.0700682,
              32.6278506
            ],
            [
              120.0700682,
              32.6278912
            ],
            [
              120.0700602,
              32.6279138
            ],
            [
              120.0700629,
              32.6279522
            ],
            [
              120.0700709,
              32.627959
            ],
            [
              120.070079,
              32.6279974
            ],
            [
              120.0700682,
              32.6280651
            ],
            [
              120.0700709,
              32.628142
            ],
            [
              120.0700656,
              32.6281532
            ],
            [
              120.0700495,
              32.6281578
            ],
            [
              120.0700307,
              32.6281758
            ],
            [
              120.0700092,
              32.628212
            ],
            [
              120.0700092,
              32.6282594
            ],
            [
              120.0700307,
              32.6282865
            ],
            [
              120.0700361,
              32.6283114
            ],
            [
              120.0700173,
              32.6283204
            ],
            [
              120.0699905,
              32.6283498
            ],
            [
              120.0699824,
              32.6283882
            ],
            [
              120.0699717,
              32.6283995
            ],
            [
              120.0699851,
              32.6284401
            ],
            [
              120.0700521,
              32.628483
            ],
            [
              120.0700575,
              32.6285305
            ],
            [
              120.0700897,
              32.6285847
            ],
            [
              120.0700924,
              32.6286344
            ],
            [
              120.0700843,
              32.6286547
            ],
            [
              120.0700656,
              32.6286683
            ],
            [
              120.0700682,
              32.6287157
            ],
            [
              120.0700575,
              32.6287202
            ],
            [
              120.07002,
              32.6287135
            ],
            [
              120.0699583,
              32.6287157
            ],
            [
              120.0699422,
              32.6287248
            ],
            [
              120.0699422,
              32.6287338
            ],
            [
              120.0699636,
              32.6287496
            ],
            [
              120.0700495,
              32.6287473
            ],
            [
              120.0700682,
              32.6287519
            ],
            [
              120.0700629,
              32.6288038
            ],
            [
              120.0700361,
              32.6288241
            ],
            [
              120.0700226,
              32.6288625
            ],
            [
              120.0700065,
              32.6288806
            ],
            [
              120.0700307,
              32.6289416
            ],
            [
              120.0701165,
              32.6289981
            ],
            [
              120.0701755,
              32.6290094
            ],
            [
              120.0702024,
              32.6290433
            ],
            [
              120.0702372,
              32.6290546
            ],
            [
              120.0702614,
              32.6290523
            ],
            [
              120.0703231,
              32.629093
            ],
            [
              120.0703579,
              32.6290952
            ],
            [
              120.0704116,
              32.6290771
            ],
            [
              120.0704733,
              32.6291133
            ],
            [
              120.0705162,
              32.629111
            ],
            [
              120.0705537,
              32.6290952
            ],
            [
              120.0705805,
              32.6290749
            ],
            [
              120.0706127,
              32.6290726
            ],
            [
              120.0706369,
              32.6290546
            ],
            [
              120.0706556,
              32.62905
            ],
            [
              120.0706717,
              32.6290365
            ],
            [
              120.0706744,
              32.6290207
            ],
            [
              120.0706851,
              32.6290184
            ],
            [
              120.0707039,
              32.6289958
            ],
            [
              120.0707281,
              32.6289868
            ],
            [
              120.0707495,
              32.6289665
            ],
            [
              120.0707737,
              32.6289597
            ],
            [
              120.0707737,
              32.6289732
            ],
            [
              120.0707603,
              32.6289845
            ],
            [
              120.0707629,
              32.6290749
            ],
            [
              120.0707522,
              32.6291065
            ],
            [
              120.07072,
              32.6291223
            ],
            [
              120.0706959,
              32.6291472
            ],
            [
              120.0706181,
              32.6291427
            ],
            [
              120.070594,
              32.6291517
            ],
            [
              120.0705805,
              32.6291494
            ],
            [
              120.0705644,
              32.6291585
            ],
            [
              120.0705644,
              32.629172
            ],
            [
              120.0705537,
              32.6291811
            ],
            [
              120.0705108,
              32.6291652
            ],
            [
              120.0704545,
              32.6291652
            ],
            [
              120.0704035,
              32.6291811
            ],
            [
              120.0703686,
              32.6292104
            ],
            [
              120.070366,
              32.6292262
            ],
            [
              120.0703552,
              32.6292307
            ]
          ]
        ]
      }
    },
    {
      "type": "Feature",
      "id": "cn0000385-h14-bridge-0",
      "properties": {
        "course_id": "cn0000385",
        "hole": 14,
        "feature_type": "bridge",
        "index": 0
      },
      "geometry": {
        "type": "Polygon",
        "coordinates": [
          [
            [
              120.0702672,
              32.6261972
            ],
            [
              120.0702563,
              32.6261959
            ],
            [
              120.0702454,
              32.6261946
            ],
            [
              120.0702345,
              32.6261933
            ],
            [
              120.0702236,
              32.6261921
            ],
            [
              120.0702128,
              32.6261908
            ],
            [
              120.0702019,
              32.6261895
            ],
            [
              120.070191,
              32.6261882
            ],
            [
              120.0701801,
              32.6261869
            ],
            [
              120.0701692,
              32.6261856
            ],
            [
              120.0701583,
              32.6261843
            ],
            [
              120.0701475,
              32.626183
            ],
            [
              120.0701366,
              32.6261817
            ],
            [
              120.0701257,
              32.6261804
            ],
            [
              120.0701148,
              32.6261791
            ],
            [
              120.0701039,
              32.6261779
            ],
            [
              120.0700931,
              32.6261766
            ],
            [
              120.0700822,
              32.6261753
            ],
            [
              120.0700713,
              32.626174
            ],
            [
              120.0700604,
              32.6261727
            ],
            [
              120.0700495,
              32.6261714
            ],
            [
              120.0700386,
              32.6261701
            ],
            [
              120.0700278,
              32.6261688
            ],
            [
              120.0700169,
              32.6261675
            ],
            [
              120.070006,
              32.6261662
            ],
            [
              120.0700149,
              32.6261129
            ],
            [
              120.0700258,
              32.6261142
            ],
            [
              120.0700367,
              32.6261155
            ],
            [
              120.0700476,
              32.6261167
            ],
            [
              120.0700584,
              32.626118
            ],
            [
              120.0700693,
              32.6261193
            ],
            [
              120.0700802,
              32.6261206
            ],
            [
              120.0700911,
              32.6261219
            ],
            [
              120.070102,
              32.6261232
            ],
            [
              120.0701129,
              32.6261245
            ],
            [
              120.0701237,
              32.6261258
            ],
            [
              120.0701346,
              32.6261271
            ],
            [
              120.0701455,
              32.6261284
            ],
            [
              120.0701564,
              32.6261297
            ],
            [
              120.0701673,
              32.6261309
            ],
            [
              120.0701782,
              32.6261322
            ],
            [
              120.070189,
              32.6261335
            ],
            [
              120.0701999,
              32.6261348
            ],
            [
              120.0702108,
              32.6261361
            ],
            [
              120.0702217,
              32.6261374
            ],
            [
              120.0702326,
              32.6261387
            ],
            [
              120.0702434,
              32.62614
            ],
            [
              120.0702543,
              32.6261413
            ],
            [
              120.0702652,
              32.6261426
            ],
            [
              120.0702761,
              32.6261439
            ],
            [
              120.0702672,
              32.6261972
            ]
          ]
        ]
      }
    },
    {
      "type": "Feature",
      "id": "cn0000385-h14-centerline-0",
      "properties": {
        "course_id": "cn0000385",
        "hole": 14,
        "feature_type": "centerline",
        "index": 0
      },
      "geometry": {
        "type": "LineString",
        "coordinates": [
          [
            120.069035,
            32.6260157
          ],
          [
            120.0692173,
            32.6265032
          ],
          [
            120.0694478,
            32.6270042
          ],
          [
            120.0695925,
            32.6275776
          ],
          [
            120.0699087,
            32.628083
          ],
          [
            120.0702625,
            32.6287329
          ]
        ]
      }
    },
    {
      "type": "Feature",
      "id": "cn0000385-h14-cart_path-0",
      "properties": {
        "course_id": "cn0000385",
        "hole": 14,
        "feature_type": "cart_path",
        "index": 0
      },
      "geometry": {
        "type": "LineString",
        "coordinates": [
          [
            120.069918,
            32.625822
          ],
          [
            120.0699127,
            32.6257633
          ],
          [
            120.0698912,
            32.6257497
          ],
          [
            120.0696445,
            32.6257091
          ]
        ]
      }
    },
    {
      "type": "Feature",
      "id": "cn0000385-h14-cart_path-1",
      "properties": {
        "course_id": "cn0000385",
        "hole": 14,
        "feature_type": "cart_path",
        "index": 1
      },
      "geometry": {
        "type": "LineString",
        "coordinates": [
          [
            120.0703043,
            32.6261744
          ],
          [
            120.0699449,
            32.6261337
          ],
          [
            120.0697303,
            32.626075
          ]
        ]
      }
    },
    {
      "type": "Feature",
      "id": "cn0000385-h14-cart_path-2",
      "properties": {
        "course_id": "cn0000385",
        "hole": 14,
        "feature_type": "cart_path",
        "index": 2
      },
      "geometry": {
        "type": "LineString",
        "coordinates": [
          [
            120.0707603,
            32.6284785
          ],
          [
            120.0707442,
            32.6286864
          ],
          [
            120.0707656,
            32.628718
          ]
        ]
      }
    },
    {
      "type": "Feature",
      "id": "cn0000385-h14-cart_path-3",
      "properties": {
        "course_id": "cn0000385",
        "hole": 14,
        "feature_type": "cart_path",
        "index": 3
      },
      "geometry": {
        "type": "LineString",
        "coordinates": [
          [
            120.0713396,
            32.6289213
          ],
          [
            120.0712699,
            32.6289303
          ],
          [
            120.0712699,
            32.6290342
          ],
          [
            120.0712162,
            32.6290162
          ],
          [
            120.0711465,
            32.6290252
          ]
        ]
      }
    },
    {
      "type": "Feature",
      "id": "cn0000385-h14-cart_path-4",
      "properties": {
        "course_id": "cn0000385",
        "hole": 14,
        "feature_type": "cart_path",
        "index": 4
      },
      "geometry": {
        "type": "LineString",
        "coordinates": [
          [
            120.0704706,
            32.6262648
          ],
          [
            120.0704867,
            32.6260389
          ],
          [
            120.0705296,
            32.6258265
          ],
          [
            120.0705671,
            32.6257407
          ]
        ]
      }
    },
    {
      "type": "Feature",
      "id": "cn0000385-h14-cart_path-5",
      "properties": {
        "course_id": "cn0000385",
        "hole": 14,
        "feature_type": "cart_path",
        "index": 5
      },
      "geometry": {
        "type": "LineString",
        "coordinates": [
          [
            120.070138,
            32.6271503
          ],
          [
            120.0701326,
            32.6273942
          ]
        ]
      }
    },
    {
      "type": "Feature",
      "id": "cn0000385-h14-cart_path-6",
      "properties": {
        "course_id": "cn0000385",
        "hole": 14,
        "feature_type": "cart_path",
        "index": 6
      },
      "geometry": {
        "type": "LineString",
        "coordinates": [
          [
            120.0705135,
            32.6263777
          ],
          [
            120.0705671,
            32.6266533
          ]
        ]
      }
    },
    {
      "type": "Feature",
      "id": "cn0000385-h14-tree-0",
      "properties": {
        "course_id": "cn0000385",
        "hole": 14,
        "feature_type": "tree",
        "index": 0
      },
      "geometry": {
        "type": "Point",
        "coordinates": [
          120.0706218,
          32.625595
        ]
      }
    },
    {
      "type": "Feature",
      "id": "cn0000385-h14-tree-1",
      "properties": {
        "course_id": "cn0000385",
        "hole": 14,
        "feature_type": "tree",
        "index": 1
      },
      "geometry": {
        "type": "Point",
        "coordinates": [
          120.0704009,
          32.6260068
        ]
      }
    },
    {
      "type": "Feature",
      "id": "cn0000385-h14-tree-2",
      "properties": {
        "course_id": "cn0000385",
        "hole": 14,
        "feature_type": "tree",
        "index": 2
      },
      "geometry": {
        "type": "Point",
        "coordinates": [
          120.0703482,
          32.6263421
        ]
      }
    },
    {
      "type": "Feature",
      "id": "cn0000385-h14-tree-3",
      "properties": {
        "course_id": "cn0000385",
        "hole": 14,
        "feature_type": "tree",
        "index": 3
      },
      "geometry": {
        "type": "Point",
        "coordinates": [
          120.0695829,
          32.62771
        ]
      }
    },
    {
      "type": "Feature",
      "id": "cn0000385-h14-tree-4",
      "properties": {
        "course_id": "cn0000385",
        "hole": 14,
        "feature_type": "tree",
        "index": 4
      },
      "geometry": {
        "type": "Point",
        "coordinates": [
          120.0695979,
          32.6282761
        ]
      }
    },
    {
      "type": "Feature",
      "id": "cn0000385-h14-tree-5",
      "properties": {
        "course_id": "cn0000385",
        "hole": 14,
        "feature_type": "tree",
        "index": 5
      },
      "geometry": {
        "type": "Point",
        "coordinates": [
          120.0708802,
          32.6291561
        ]
      }
    },
    {
      "type": "Feature",
      "id": "cn0000385-h14-tee-black",
      "properties": {
        "course_id": "cn0000385",
        "hole": 14,
        "feature_type": "tee",
        "color": "black",
        "distance_m": 362
      },
      "geometry": {
        "type": "Point",
        "coordinates": [
          120.069035,
          32.6260157
        ]
      }
    },
    {
      "type": "Feature",
      "id": "cn0000385-h14-tee-blue",
      "properties": {
        "course_id": "cn0000385",
        "hole": 14,
        "feature_type": "tee",
        "color": "blue",
        "distance_m": 351
      },
      "geometry": {
        "type": "Point",
        "coordinates": [
          120.069287,
          32.6260515
        ]
      }
    },
    {
      "type": "Feature",
      "id": "cn0000385-h14-tee-white",
      "properties": {
        "course_id": "cn0000385",
        "hole": 14,
        "feature_type": "tee",
        "color": "white",
        "distance_m": 300
      },
      "geometry": {
        "type": "Point",
        "coordinates": [
          120.0695015,
          32.6260828
        ]
      }
    },
    {
      "type": "Feature",
      "id": "cn0000385-h14-tee-red",
      "properties": {
        "course_id": "cn0000385",
        "hole": 14,
        "feature_type": "tee",
        "color": "red",
        "distance_m": 256
      },
      "geometry": {
        "type": "Point",
        "coordinates": [
          120.0698446,
          32.6261456
        ]
      }
    },
    {
      "type": "Feature",
      "id": "cn0000385-h14-flag-daily_pin",
      "properties": {
        "course_id": "cn0000385",
        "hole": 14,
        "feature_type": "flag",
        "role": "daily_pin"
      },
      "geometry": {
        "type": "Point",
        "coordinates": [
          120.0702625,
          32.6287329
        ]
      }
    },
    {
      "type": "Feature",
      "id": "cn0000385-h14-green_target-front",
      "properties": {
        "course_id": "cn0000385",
        "hole": 14,
        "feature_type": "green_target",
        "role": "front"
      },
      "geometry": {
        "type": "Point",
        "coordinates": [
          120.0701976,
          32.6285893
        ]
      }
    },
    {
      "type": "Feature",
      "id": "cn0000385-h14-green_target-middle",
      "properties": {
        "course_id": "cn0000385",
        "hole": 14,
        "feature_type": "green_target",
        "role": "middle"
      },
      "geometry": {
        "type": "Point",
        "coordinates": [
          120.07026473793103,
          32.62873785172414
        ]
      }
    },
    {
      "type": "Feature",
      "id": "cn0000385-h14-green_target-back",
      "properties": {
        "course_id": "cn0000385",
        "hole": 14,
        "feature_type": "green_target",
        "role": "back"
      },
      "geometry": {
        "type": "Point",
        "coordinates": [
          120.0703274,
          32.6288765
        ]
      }
    },
    {
      "type": "Feature",
      "id": "cn0000385-h15-hole_perimeter-0",
      "properties": {
        "course_id": "cn0000385",
        "hole": 15,
        "feature_type": "hole_perimeter",
        "index": 0
      },
      "geometry": {
        "type": "Polygon",
        "coordinates": [
          [
            [
              120.0716121,
              32.6284804
            ],
            [
              120.0706367,
              32.626517
            ],
            [
              120.070471,
              32.6264302
            ],
            [
              120.0703591,
              32.6262749
            ],
            [
              120.0703385,
              32.6261528
            ],
            [
              120.0703881,
              32.6261092
            ],
            [
              120.0706931,
              32.6260469
            ],
            [
              120.0706805,
              32.6259698
            ],
            [
              120.0707009,
              32.6258883
            ],
            [
              120.0707571,
              32.6258265
            ],
            [
              120.0708018,
              32.6258067
            ],
            [
              120.0708896,
              32.6258051
            ],
            [
              120.0709737,
              32.6258435
            ],
            [
              120.0710655,
              32.6259708
            ],
            [
              120.0712305,
              32.6259371
            ],
            [
              120.0721841,
              32.6280967
            ],
            [
              120.0719429,
              32.6282141
            ],
            [
              120.0720652,
              32.6284906
            ],
            [
              120.0721096,
              32.6284242
            ],
            [
              120.0721871,
              32.6284009
            ],
            [
              120.0722647,
              32.6284238
            ],
            [
              120.0723079,
              32.6284828
            ],
            [
              120.072314,
              32.629053
            ],
            [
              120.0724426,
              32.6293437
            ],
            [
              120.0723521,
              32.6293539
            ],
            [
              120.0723369,
              32.6294315
            ],
            [
              120.0722731,
              32.6294891
            ],
            [
              120.072198,
              32.6295073
            ],
            [
              120.0721361,
              32.6294988
            ],
            [
              120.0720717,
              32.6294614
            ],
            [
              120.0720332,
              32.6293898
            ],
            [
              120.0719569,
              32.6293891
            ],
            [
              120.0717469,
              32.6288456
            ],
            [
              120.0717921,
              32.6288247
            ],
            [
              120.0716121,
              32.6284804
            ]
          ]
        ]
      }
    },
    {
      "type": "Feature",
      "id": "cn0000385-h15-rough-0",
      "properties": {
        "course_id": "cn0000385",
        "hole": 15,
        "feature_type": "rough",
        "index": 0
      },
      "geometry": {
        "type": "Polygon",
        "coordinates": [
          [
            [
              120.0716121,
              32.6284804
            ],
            [
              120.0706367,
              32.626517
            ],
            [
              120.070471,
              32.6264302
            ],
            [
              120.0703591,
              32.6262749
            ],
            [
              120.0703385,
              32.6261528
            ],
            [
              120.0703881,
              32.6261092
            ],
            [
              120.0706931,
              32.6260469
            ],
            [
              120.0706805,
              32.6259698
            ],
            [
              120.0707009,
              32.6258883
            ],
            [
              120.0707571,
              32.6258265
            ],
            [
              120.0708018,
              32.6258067
            ],
            [
              120.0708896,
              32.6258051
            ],
            [
              120.0709737,
              32.6258435
            ],
            [
              120.0710655,
              32.6259708
            ],
            [
              120.0712305,
              32.6259371
            ],
            [
              120.0721841,
              32.6280967
            ],
            [
              120.0719429,
              32.6282141
            ],
            [
              120.0720652,
              32.6284906
            ],
            [
              120.0721096,
              32.6284242
            ],
            [
              120.0721871,
              32.6284009
            ],
            [
              120.0722647,
              32.6284238
            ],
            [
              120.0723079,
              32.6284828
            ],
            [
              120.072314,
              32.629053
            ],
            [
              120.0724426,
              32.6293437
            ],
            [
              120.0723521,
              32.6293539
            ],
            [
              120.0723369,
              32.6294315
            ],
            [
              120.0722731,
              32.6294891
            ],
            [
              120.072198,
              32.6295073
            ],
            [
              120.0721361,
              32.6294988
            ],
            [
              120.0720717,
              32.6294614
            ],
            [
              120.0720332,
              32.6293898
            ],
            [
              120.0719569,
              32.6293891
            ],
            [
              120.0717469,
              32.6288456
            ],
            [
              120.0717921,
              32.6288247
            ],
            [
              120.0716121,
              32.6284804
            ]
          ]
        ]
      }
    },
    {
      "type": "Feature",
      "id": "cn0000385-h15-tee_box-0",
      "properties": {
        "course_id": "cn0000385",
        "hole": 15,
        "feature_type": "tee_box",
        "index": 0
      },
      "geometry": {
        "type": "Polygon",
        "coordinates": [
          [
            [
              120.0722838,
              32.6293714
            ],
            [
              120.0722684,
              32.6294144
            ],
            [
              120.0722272,
              32.6294429
            ],
            [
              120.072183,
              32.6294482
            ],
            [
              120.0721339,
              32.6294307
            ],
            [
              120.0721079,
              32.6294002
            ],
            [
              120.0719999,
              32.6291612
            ],
            [
              120.0720984,
              32.628488
            ],
            [
              120.0721241,
              32.6284495
            ],
            [
              120.0721795,
              32.6284283
            ],
            [
              120.0722454,
              32.6284455
            ],
            [
              120.072278,
              32.6284968
            ],
            [
              120.0722838,
              32.6293714
            ]
          ]
        ]
      }
    },
    {
      "type": "Feature",
      "id": "cn0000385-h15-fairway-0",
      "properties": {
        "course_id": "cn0000385",
        "hole": 15,
        "feature_type": "fairway",
        "index": 0
      },
      "geometry": {
        "type": "Polygon",
        "coordinates": [
          [
            [
              120.0710274,
              32.6259786
            ],
            [
              120.0709731,
              32.6259896
            ],
            [
              120.0709214,
              32.6259356
            ],
            [
              120.0708476,
              32.6259321
            ],
            [
              120.0707924,
              32.6259735
            ],
            [
              120.0707855,
              32.626028
            ],
            [
              120.0706555,
              32.6260546
            ],
            [
              120.0706729,
              32.6260721
            ],
            [
              120.0706351,
              32.6261072
            ],
            [
              120.0706524,
              32.6261276
            ],
            [
              120.0705884,
              32.6263011
            ],
            [
              120.0705966,
              32.6264408
            ],
            [
              120.070922,
              32.6270913
            ],
            [
              120.0711579,
              32.6274846
            ],
            [
              120.0711742,
              32.6275227
            ],
            [
              120.0711469,
              32.6275439
            ],
            [
              120.0711605,
              32.6275714
            ],
            [
              120.0711715,
              32.6275664
            ],
            [
              120.0712023,
              32.6275948
            ],
            [
              120.0712239,
              32.6276991
            ],
            [
              120.0714492,
              32.6281526
            ],
            [
              120.0716499,
              32.6283877
            ],
            [
              120.0716685,
              32.6284542
            ],
            [
              120.0718495,
              32.6287312
            ],
            [
              120.0718319,
              32.6287444
            ],
            [
              120.0718249,
              32.628783
            ],
            [
              120.0718765,
              32.6287727
            ],
            [
              120.0719312,
              32.6288656
            ],
            [
              120.0720377,
              32.6293893
            ],
            [
              120.0720969,
              32.6293827
            ],
            [
              120.0721142,
              32.6294194
            ],
            [
              120.07215,
              32.6294449
            ],
            [
              120.0722325,
              32.6294458
            ],
            [
              120.0722746,
              32.6294147
            ],
            [
              120.0722891,
              32.629369
            ],
            [
              120.0722384,
              32.6290462
            ],
            [
              120.0720768,
              32.6287423
            ],
            [
              120.0719907,
              32.62861
            ],
            [
              120.0718967,
              32.6282649
            ],
            [
              120.0719108,
              32.6282186
            ],
            [
              120.0718851,
              32.6282222
            ],
            [
              120.0719451,
              32.628213
            ],
            [
              120.0719953,
              32.6281886
            ],
            [
              120.0720233,
              32.6280748
            ],
            [
              120.0718398,
              32.6276213
            ],
            [
              120.07174,
              32.6274868
            ],
            [
              120.0716272,
              32.6271272
            ],
            [
              120.0715194,
              32.6269341
            ],
            [
              120.0715663,
              32.626933
            ],
            [
              120.0715574,
              32.6269045
            ],
            [
              120.071514,
              32.626924
            ],
            [
              120.0713187,
              32.6265595
            ],
            [
              120.0713538,
              32.6264549
            ],
            [
              120.0712561,
              32.6262647
            ],
            [
              120.0711711,
              32.6262839
            ],
            [
              120.0711053,
              32.626129
            ],
            [
              120.0710699,
              32.6260949
            ],
            [
              120.0710928,
              32.6260698
            ],
            [
              120.0710434,
              32.6260455
            ],
            [
              120.0710252,
              32.6260115
            ],
            [
              120.071056,
              32.6259756
            ],
            [
              120.0710281,
              32.6259784
            ],
            [
              120.0710109,
              32.6259819
            ],
            [
              120.0710274,
              32.6259786
            ]
          ]
        ]
      }
    },
    {
      "type": "Feature",
      "id": "cn0000385-h15-green_fringe-0",
      "properties": {
        "course_id": "cn0000385",
        "hole": 15,
        "feature_type": "green_fringe",
        "index": 0
      },
      "geometry": {
        "type": "Polygon",
        "coordinates": [
          [
            [
              120.0708089,
              32.6258285
            ],
            [
              120.0707757,
              32.6258428
            ],
            [
              120.0707478,
              32.6258654
            ],
            [
              120.0707264,
              32.6258953
            ],
            [
              120.0707127,
              32.6259308
            ],
            [
              120.0707073,
              32.6259703
            ],
            [
              120.0707106,
              32.6260117
            ],
            [
              120.0707224,
              32.6260529
            ],
            [
              120.070742,
              32.6260919
            ],
            [
              120.0707685,
              32.6261268
            ],
            [
              120.0708005,
              32.6261557
            ],
            [
              120.0708365,
              32.6261773
            ],
            [
              120.0708747,
              32.6261904
            ],
            [
              120.070913,
              32.6261944
            ],
            [
              120.0709497,
              32.6261891
            ],
            [
              120.0709829,
              32.6261748
            ],
            [
              120.0710108,
              32.6261522
            ],
            [
              120.0710322,
              32.6261223
            ],
            [
              120.0710459,
              32.6260868
            ],
            [
              120.0710513,
              32.6260473
            ],
            [
              120.071048,
              32.6260059
            ],
            [
              120.0710362,
              32.6259647
            ],
            [
              120.0710166,
              32.6259257
            ],
            [
              120.0709901,
              32.6258908
            ],
            [
              120.0709581,
              32.6258619
            ],
            [
              120.0709221,
              32.6258403
            ],
            [
              120.0708839,
              32.6258272
            ],
            [
              120.0708456,
              32.6258232
            ],
            [
              120.0708089,
              32.6258285
            ]
          ]
        ]
      }
    },
    {
      "type": "Feature",
      "id": "cn0000385-h15-green-0",
      "properties": {
        "course_id": "cn0000385",
        "hole": 15,
        "feature_type": "green",
        "index": 0
      },
      "geometry": {
        "type": "Polygon",
        "coordinates": [
          [
            [
              120.0708223,
              32.6258628
            ],
            [
              120.0707978,
              32.6258737
            ],
            [
              120.0707774,
              32.6258915
            ],
            [
              120.0707621,
              32.6259151
            ],
            [
              120.0707527,
              32.6259433
            ],
            [
              120.0707497,
              32.6259749
            ],
            [
              120.0707531,
              32.6260082
            ],
            [
              120.0707629,
              32.6260415
            ],
            [
              120.0707785,
              32.6260732
            ],
            [
              120.0707991,
              32.6261016
            ],
            [
              120.0708238,
              32.6261254
            ],
            [
              120.0708513,
              32.6261433
            ],
            [
              120.0708801,
              32.6261545
            ],
            [
              120.070909,
              32.6261584
            ],
            [
              120.0709363,
              32.6261548
            ],
            [
              120.0709608,
              32.6261439
            ],
            [
              120.0709812,
              32.6261261
            ],
            [
              120.0709965,
              32.6261025
            ],
            [
              120.0710059,
              32.6260743
            ],
            [
              120.0710089,
              32.6260427
            ],
            [
              120.0710055,
              32.6260094
            ],
            [
              120.0709957,
              32.6259761
            ],
            [
              120.0709801,
              32.6259444
            ],
            [
              120.0709595,
              32.625916
            ],
            [
              120.0709348,
              32.6258922
            ],
            [
              120.0709073,
              32.6258743
            ],
            [
              120.0708785,
              32.6258631
            ],
            [
              120.0708496,
              32.6258592
            ],
            [
              120.0708223,
              32.6258628
            ]
          ]
        ]
      }
    },
    {
      "type": "Feature",
      "id": "cn0000385-h15-bunker-0",
      "properties": {
        "course_id": "cn0000385",
        "hole": 15,
        "feature_type": "bunker",
        "index": 0
      },
      "geometry": {
        "type": "Polygon",
        "coordinates": [
          [
            [
              120.0716331,
              32.6273525
            ],
            [
              120.0718877,
              32.6276076
            ],
            [
              120.0718762,
              32.627654
            ],
            [
              120.0718148,
              32.6277003
            ],
            [
              120.0717458,
              32.627699
            ],
            [
              120.0716868,
              32.627642
            ],
            [
              120.0715587,
              32.6274534
            ],
            [
              120.0715527,
              32.6273553
            ],
            [
              120.0716331,
              32.6273525
            ]
          ]
        ]
      }
    },
    {
      "type": "Feature",
      "id": "cn0000385-h15-bunker-1",
      "properties": {
        "course_id": "cn0000385",
        "hole": 15,
        "feature_type": "bunker",
        "index": 1
      },
      "geometry": {
        "type": "Polygon",
        "coordinates": [
          [
            [
              120.071505,
              32.6268256
            ],
            [
              120.071565,
              32.6268607
            ],
            [
              120.0715546,
              32.6269224
            ],
            [
              120.0716124,
              32.6269682
            ],
            [
              120.0715982,
              32.6270101
            ],
            [
              120.0715475,
              32.627047
            ],
            [
              120.0714957,
              32.6270494
            ],
            [
              120.0714518,
              32.6270286
            ],
            [
              120.0714669,
              32.6269424
            ],
            [
              120.0714054,
              32.6269362
            ],
            [
              120.0713736,
              32.6269136
            ],
            [
              120.0713641,
              32.6268789
            ],
            [
              120.0714305,
              32.6268328
            ],
            [
              120.071505,
              32.6268256
            ]
          ]
        ]
      }
    },
    {
      "type": "Feature",
      "id": "cn0000385-h15-bunker-2",
      "properties": {
        "course_id": "cn0000385",
        "hole": 15,
        "feature_type": "bunker",
        "index": 2
      },
      "geometry": {
        "type": "Polygon",
        "coordinates": [
          [
            [
              120.0706169,
              32.6261019
            ],
            [
              120.0706591,
              32.6261355
            ],
            [
              120.0706518,
              32.6262396
            ],
            [
              120.0705795,
              32.6263018
            ],
            [
              120.0705076,
              32.6262938
            ],
            [
              120.0704836,
              32.6262656
            ],
            [
              120.0705067,
              32.6261269
            ],
            [
              120.0705403,
              32.626091
            ],
            [
              120.0706169,
              32.6261019
            ]
          ]
        ]
      }
    },
    {
      "type": "Feature",
      "id": "cn0000385-h15-bunker-3",
      "properties": {
        "course_id": "cn0000385",
        "hole": 15,
        "feature_type": "bunker",
        "index": 3
      },
      "geometry": {
        "type": "Polygon",
        "coordinates": [
          [
            [
              120.071087,
              32.62597
            ],
            [
              120.0711631,
              32.6259744
            ],
            [
              120.0712278,
              32.6260096
            ],
            [
              120.0712258,
              32.6260531
            ],
            [
              120.0711377,
              32.6260731
            ],
            [
              120.0710746,
              32.6260644
            ],
            [
              120.0710376,
              32.6260405
            ],
            [
              120.0710305,
              32.6259976
            ],
            [
              120.071087,
              32.62597
            ]
          ]
        ]
      }
    },
    {
      "type": "Feature",
      "id": "cn0000385-h15-water-0",
      "properties": {
        "course_id": "cn0000385",
        "hole": 15,
        "feature_type": "water",
        "index": 0
      },
      "geometry": {
        "type": "Polygon",
        "coordinates": [
          [
            [
              120.0689659,
              32.6303783
            ],
            [
              120.0689417,
              32.6303896
            ],
            [
              120.0689042,
              32.630376
            ],
            [
              120.0688747,
              32.6303918
            ],
            [
              120.0688586,
              32.6303783
            ],
            [
              120.0688371,
              32.6303737
            ],
            [
              120.0688022,
              32.6303805
            ],
            [
              120.0687513,
              32.630376
            ],
            [
              120.0687352,
              32.6303828
            ],
            [
              120.0686976,
              32.630376
            ],
            [
              120.0686601,
              32.6303805
            ],
            [
              120.0686386,
              32.6303737
            ],
            [
              120.0686413,
              32.6302653
            ],
            [
              120.0686547,
              32.6302563
            ],
            [
              120.0686628,
              32.6302156
            ],
            [
              120.0686976,
              32.6301908
            ],
            [
              120.0686976,
              32.6301795
            ],
            [
              120.0686815,
              32.6301704
            ],
            [
              120.0686547,
              32.6301682
            ],
            [
              120.0686467,
              32.6301433
            ],
            [
              120.0686333,
              32.6301343
            ],
            [
              120.0686333,
              32.6301207
            ],
            [
              120.0685877,
              32.6301027
            ],
            [
              120.0685501,
              32.630053
            ],
            [
              120.0685501,
              32.6300349
            ],
            [
              120.068526,
              32.6300236
            ],
            [
              120.0684884,
              32.6299671
            ],
            [
              120.0684911,
              32.6299581
            ],
            [
              120.0685206,
              32.6299558
            ],
            [
              120.0685555,
              32.6299626
            ],
            [
              120.0685555,
              32.629992
            ],
            [
              120.0685877,
              32.6300372
            ],
            [
              120.0686279,
              32.6300665
            ],
            [
              120.0686789,
              32.6300711
            ],
            [
              120.0687405,
              32.6300417
            ],
            [
              120.0687674,
              32.6300055
            ],
            [
              120.0687808,
              32.6299536
            ],
            [
              120.0687915,
              32.6299491
            ],
            [
              120.068813,
              32.6299558
            ],
            [
              120.0688183,
              32.6299717
            ],
            [
              120.0688344,
              32.629983
            ],
            [
              120.0688371,
              32.6300101
            ],
            [
              120.0688478,
              32.6300191
            ],
            [
              120.0688478,
              32.6300394
            ],
            [
              120.068872,
              32.6300914
            ],
            [
              120.0688747,
              32.630132
            ],
            [
              120.0688908,
              32.6301433
            ],
            [
              120.0688934,
              32.6301682
            ],
            [
              120.0689042,
              32.630184
            ],
            [
              120.0689203,
              32.6302653
            ],
            [
              120.0689283,
              32.6302721
            ],
            [
              120.0689229,
              32.6303037
            ],
            [
              120.0689471,
              32.630324
            ],
            [
              120.0689659,
              32.6303783
            ]
          ]
        ]
      }
    },
    {
      "type": "Feature",
      "id": "cn0000385-h15-centerline-0",
      "properties": {
        "course_id": "cn0000385",
        "hole": 15,
        "feature_type": "centerline",
        "index": 0
      },
      "geometry": {
        "type": "LineString",
        "coordinates": [
          [
            120.0721926,
            32.6293719
          ],
          [
            120.0721444,
            32.6290648
          ],
          [
            120.0719889,
            32.628776
          ],
          [
            120.071753,
            32.628415
          ],
          [
            120.0716834,
            32.6280583
          ],
          [
            120.0713617,
            32.6276251
          ],
          [
            120.0711366,
            32.6269073
          ],
          [
            120.0708793,
            32.6260088
          ]
        ]
      }
    },
    {
      "type": "Feature",
      "id": "cn0000385-h15-cart_path-0",
      "properties": {
        "course_id": "cn0000385",
        "hole": 15,
        "feature_type": "cart_path",
        "index": 0
      },
      "geometry": {
        "type": "LineString",
        "coordinates": [
          [
            120.0688076,
            32.6293369
          ],
          [
            120.068931,
            32.629364
          ],
          [
            120.0689954,
            32.6295854
          ],
          [
            120.0689095,
            32.6296351
          ]
        ]
      }
    },
    {
      "type": "Feature",
      "id": "cn0000385-h15-cart_path-1",
      "properties": {
        "course_id": "cn0000385",
        "hole": 15,
        "feature_type": "cart_path",
        "index": 1
      },
      "geometry": {
        "type": "LineString",
        "coordinates": [
          [
            120.0689927,
            32.6297819
          ],
          [
            120.0690383,
            32.6297571
          ],
          [
            120.0690705,
            32.6298836
          ],
          [
            120.0690597,
            32.6298926
          ]
        ]
      }
    },
    {
      "type": "Feature",
      "id": "cn0000385-h15-cart_path-2",
      "properties": {
        "course_id": "cn0000385",
        "hole": 15,
        "feature_type": "cart_path",
        "index": 2
      },
      "geometry": {
        "type": "LineString",
        "coordinates": [
          [
            120.0708514,
            32.6273445
          ],
          [
            120.0708783,
            32.6274349
          ],
          [
            120.0708514,
            32.6276156
          ]
        ]
      }
    },
    {
      "type": "Feature",
      "id": "cn0000385-h15-cart_path-3",
      "properties": {
        "course_id": "cn0000385",
        "hole": 15,
        "feature_type": "cart_path",
        "index": 3
      },
      "geometry": {
        "type": "LineString",
        "coordinates": [
          [
            120.0688881,
            32.6296306
          ],
          [
            120.0688183,
            32.6293505
          ],
          [
            120.0689256,
            32.629355
          ],
          [
            120.0688773,
            32.6291923
          ]
        ]
      }
    },
    {
      "type": "Feature",
      "id": "cn0000385-h15-tree-0",
      "properties": {
        "course_id": "cn0000385",
        "hole": 15,
        "feature_type": "tree",
        "index": 0
      },
      "geometry": {
        "type": "Point",
        "coordinates": [
          120.0707467,
          32.6267713
        ]
      }
    },
    {
      "type": "Feature",
      "id": "cn0000385-h15-tree-1",
      "properties": {
        "course_id": "cn0000385",
        "hole": 15,
        "feature_type": "tree",
        "index": 1
      },
      "geometry": {
        "type": "Point",
        "coordinates": [
          120.0710086,
          32.6277226
        ]
      }
    },
    {
      "type": "Feature",
      "id": "cn0000385-h15-tree-2",
      "properties": {
        "course_id": "cn0000385",
        "hole": 15,
        "feature_type": "tree",
        "index": 2
      },
      "geometry": {
        "type": "Point",
        "coordinates": [
          120.0710797,
          32.6283689
        ]
      }
    },
    {
      "type": "Feature",
      "id": "cn0000385-h15-tree-3",
      "properties": {
        "course_id": "cn0000385",
        "hole": 15,
        "feature_type": "tree",
        "index": 3
      },
      "geometry": {
        "type": "Point",
        "coordinates": [
          120.0698735,
          32.6292237
        ]
      }
    },
    {
      "type": "Feature",
      "id": "cn0000385-h15-tree-4",
      "properties": {
        "course_id": "cn0000385",
        "hole": 15,
        "feature_type": "tree",
        "index": 4
      },
      "geometry": {
        "type": "Point",
        "coordinates": [
          120.0699233,
          32.6294449
        ]
      }
    },
    {
      "type": "Feature",
      "id": "cn0000385-h15-tee-black",
      "properties": {
        "course_id": "cn0000385",
        "hole": 15,
        "feature_type": "tee",
        "color": "black",
        "distance_m": 401
      },
      "geometry": {
        "type": "Point",
        "coordinates": [
          120.0721926,
          32.6293719
        ]
      }
    },
    {
      "type": "Feature",
      "id": "cn0000385-h15-tee-blue",
      "properties": {
        "course_id": "cn0000385",
        "hole": 15,
        "feature_type": "tee",
        "color": "blue",
        "distance_m": 375
      },
      "geometry": {
        "type": "Point",
        "coordinates": [
          120.0720908,
          32.6291552
        ]
      }
    },
    {
      "type": "Feature",
      "id": "cn0000385-h15-tee-white",
      "properties": {
        "course_id": "cn0000385",
        "hole": 15,
        "feature_type": "tee",
        "color": "white",
        "distance_m": 355
      },
      "geometry": {
        "type": "Point",
        "coordinates": [
          120.0721605,
          32.6289158
        ]
      }
    },
    {
      "type": "Feature",
      "id": "cn0000385-h15-tee-red",
      "properties": {
        "course_id": "cn0000385",
        "hole": 15,
        "feature_type": "tee",
        "color": "red",
        "distance_m": 311
      },
      "geometry": {
        "type": "Point",
        "coordinates": [
          120.0721873,
          32.6285048
        ]
      }
    },
    {
      "type": "Feature",
      "id": "cn0000385-h15-flag-daily_pin",
      "properties": {
        "course_id": "cn0000385",
        "hole": 15,
        "feature_type": "flag",
        "role": "daily_pin"
      },
      "geometry": {
        "type": "Point",
        "coordinates": [
          120.0708793,
          32.6260088
        ]
      }
    },
    {
      "type": "Feature",
      "id": "cn0000385-h15-green_target-front",
      "properties": {
        "course_id": "cn0000385",
        "hole": 15,
        "feature_type": "green_target",
        "role": "front"
      },
      "geometry": {
        "type": "Point",
        "coordinates": [
          120.0709363,
          32.6261548
        ]
      }
    },
    {
      "type": "Feature",
      "id": "cn0000385-h15-green_target-middle",
      "properties": {
        "course_id": "cn0000385",
        "hole": 15,
        "feature_type": "green_target",
        "role": "middle"
      },
      "geometry": {
        "type": "Point",
        "coordinates": [
          120.07087733448274,
          32.62600376551724
        ]
      }
    },
    {
      "type": "Feature",
      "id": "cn0000385-h15-green_target-back",
      "properties": {
        "course_id": "cn0000385",
        "hole": 15,
        "feature_type": "green_target",
        "role": "back"
      },
      "geometry": {
        "type": "Point",
        "coordinates": [
          120.0708223,
          32.6258628
        ]
      }
    },
    {
      "type": "Feature",
      "id": "cn0000385-h16-hole_perimeter-0",
      "properties": {
        "course_id": "cn0000385",
        "hole": 16,
        "feature_type": "hole_perimeter",
        "index": 0
      },
      "geometry": {
        "type": "Polygon",
        "coordinates": [
          [
            [
              120.0733432,
              32.6270317
            ],
            [
              120.0732272,
              32.6270853
            ],
            [
              120.0730868,
              32.6270628
            ],
            [
              120.0730293,
              32.6271865
            ],
            [
              120.0729004,
              32.6269703
            ],
            [
              120.072499,
              32.62682
            ],
            [
              120.0723762,
              32.6267343
            ],
            [
              120.072372,
              32.6267991
            ],
            [
              120.0723261,
              32.6268474
            ],
            [
              120.07225,
              32.6268651
            ],
            [
              120.0721813,
              32.6268434
            ],
            [
              120.0716425,
              32.6260903
            ],
            [
              120.0715429,
              32.6260105
            ],
            [
              120.0715233,
              32.6259336
            ],
            [
              120.0715577,
              32.6258604
            ],
            [
              120.0716654,
              32.62581
            ],
            [
              120.0717838,
              32.6258385
            ],
            [
              120.0720566,
              32.6260217
            ],
            [
              120.0723858,
              32.6263834
            ],
            [
              120.0726064,
              32.6265433
            ],
            [
              120.073267,
              32.6266503
            ],
            [
              120.0732293,
              32.6267561
            ],
            [
              120.0733131,
              32.62681
            ],
            [
              120.0733648,
              32.6268822
            ],
            [
              120.0733767,
              32.6269618
            ],
            [
              120.0733432,
              32.6270317
            ]
          ]
        ]
      }
    },
    {
      "type": "Feature",
      "id": "cn0000385-h16-rough-0",
      "properties": {
        "course_id": "cn0000385",
        "hole": 16,
        "feature_type": "rough",
        "index": 0
      },
      "geometry": {
        "type": "Polygon",
        "coordinates": [
          [
            [
              120.0733432,
              32.6270317
            ],
            [
              120.0732272,
              32.6270853
            ],
            [
              120.0730868,
              32.6270628
            ],
            [
              120.0730293,
              32.6271865
            ],
            [
              120.0729004,
              32.6269703
            ],
            [
              120.072499,
              32.62682
            ],
            [
              120.0723762,
              32.6267343
            ],
            [
              120.072372,
              32.6267991
            ],
            [
              120.0723261,
              32.6268474
            ],
            [
              120.07225,
              32.6268651
            ],
            [
              120.0721813,
              32.6268434
            ],
            [
              120.0716425,
              32.6260903
            ],
            [
              120.0715429,
              32.6260105
            ],
            [
              120.0715233,
              32.6259336
            ],
            [
              120.0715577,
              32.6258604
            ],
            [
              120.0716654,
              32.62581
            ],
            [
              120.0717838,
              32.6258385
            ],
            [
              120.0720566,
              32.6260217
            ],
            [
              120.0723858,
              32.6263834
            ],
            [
              120.0726064,
              32.6265433
            ],
            [
              120.073267,
              32.6266503
            ],
            [
              120.0732293,
              32.6267561
            ],
            [
              120.0733131,
              32.62681
            ],
            [
              120.0733648,
              32.6268822
            ],
            [
              120.0733767,
              32.6269618
            ],
            [
              120.0733432,
              32.6270317
            ]
          ]
        ]
      }
    },
    {
      "type": "Feature",
      "id": "cn0000385-h16-tee_box-0",
      "properties": {
        "course_id": "cn0000385",
        "hole": 16,
        "feature_type": "tee_box",
        "index": 0
      },
      "geometry": {
        "type": "Polygon",
        "coordinates": [
          [
            [
              120.0723416,
              32.6267323
            ],
            [
              120.0723446,
              32.6267832
            ],
            [
              120.0723016,
              32.6268284
            ],
            [
              120.0722334,
              32.6268356
            ],
            [
              120.0721836,
              32.6268068
            ],
            [
              120.0716009,
              32.6259771
            ],
            [
              120.0715955,
              32.625925
            ],
            [
              120.0716308,
              32.6258821
            ],
            [
              120.0716816,
              32.6258679
            ],
            [
              120.071733,
              32.6258801
            ],
            [
              120.0720219,
              32.6260775
            ],
            [
              120.0723416,
              32.6267323
            ]
          ]
        ]
      }
    },
    {
      "type": "Feature",
      "id": "cn0000385-h16-fairway-0",
      "properties": {
        "course_id": "cn0000385",
        "hole": 16,
        "feature_type": "fairway",
        "index": 0
      },
      "geometry": {
        "type": "Polygon",
        "coordinates": [
          [
            [
              120.0730755,
              32.6270871
            ],
            [
              120.0729477,
              32.6270496
            ],
            [
              120.0729004,
              32.6269703
            ],
            [
              120.0726035,
              32.6268592
            ],
            [
              120.0724718,
              32.626732
            ],
            [
              120.0721976,
              32.6265326
            ],
            [
              120.0718767,
              32.6261778
            ],
            [
              120.0716041,
              32.6259909
            ],
            [
              120.0715874,
              32.625938
            ],
            [
              120.0716143,
              32.6258881
            ],
            [
              120.0716542,
              32.6258672
            ],
            [
              120.071701,
              32.6258647
            ],
            [
              120.0718097,
              32.6259251
            ],
            [
              120.0718256,
              32.6259121
            ],
            [
              120.0718529,
              32.6259212
            ],
            [
              120.0720703,
              32.6261179
            ],
            [
              120.0722965,
              32.626374
            ],
            [
              120.0724271,
              32.6264134
            ],
            [
              120.0726064,
              32.6265433
            ],
            [
              120.0731269,
              32.6266276
            ],
            [
              120.0732596,
              32.6266712
            ],
            [
              120.0731932,
              32.6268337
            ],
            [
              120.0732464,
              32.6268767
            ],
            [
              120.0732479,
              32.6269389
            ],
            [
              120.0731967,
              32.6269839
            ],
            [
              120.0731229,
              32.6269852
            ],
            [
              120.0730755,
              32.6270871
            ]
          ]
        ]
      }
    },
    {
      "type": "Feature",
      "id": "cn0000385-h16-green_fringe-0",
      "properties": {
        "course_id": "cn0000385",
        "hole": 16,
        "feature_type": "green_fringe",
        "index": 0
      },
      "geometry": {
        "type": "Polygon",
        "coordinates": [
          [
            [
              120.0733227,
              32.6270172
            ],
            [
              120.073341,
              32.6269898
            ],
            [
              120.0733502,
              32.6269583
            ],
            [
              120.0733497,
              32.6269244
            ],
            [
              120.0733396,
              32.6268898
            ],
            [
              120.0733204,
              32.6268561
            ],
            [
              120.0732931,
              32.6268251
            ],
            [
              120.073259,
              32.6267984
            ],
            [
              120.0732198,
              32.6267772
            ],
            [
              120.0731775,
              32.6267626
            ],
            [
              120.0731343,
              32.6267554
            ],
            [
              120.0730922,
              32.6267559
            ],
            [
              120.0730534,
              32.6267641
            ],
            [
              120.0730199,
              32.6267796
            ],
            [
              120.0729933,
              32.6268016
            ],
            [
              120.072975,
              32.626829
            ],
            [
              120.0729658,
              32.6268605
            ],
            [
              120.0729663,
              32.6268944
            ],
            [
              120.0729764,
              32.626929
            ],
            [
              120.0729956,
              32.6269627
            ],
            [
              120.0730229,
              32.6269937
            ],
            [
              120.073057,
              32.6270204
            ],
            [
              120.0730962,
              32.6270416
            ],
            [
              120.0731385,
              32.6270562
            ],
            [
              120.0731817,
              32.6270634
            ],
            [
              120.0732238,
              32.6270629
            ],
            [
              120.0732626,
              32.6270547
            ],
            [
              120.0732961,
              32.6270392
            ],
            [
              120.0733227,
              32.6270172
            ]
          ]
        ]
      }
    },
    {
      "type": "Feature",
      "id": "cn0000385-h16-green-0",
      "properties": {
        "course_id": "cn0000385",
        "hole": 16,
        "feature_type": "green",
        "index": 0
      },
      "geometry": {
        "type": "Polygon",
        "coordinates": [
          [
            [
              120.0732889,
              32.6269951
            ],
            [
              120.0733023,
              32.6269746
            ],
            [
              120.0733084,
              32.6269508
            ],
            [
              120.0733071,
              32.626925
            ],
            [
              120.0732982,
              32.6268984
            ],
            [
              120.0732823,
              32.6268724
            ],
            [
              120.0732602,
              32.6268482
            ],
            [
              120.0732329,
              32.626827
            ],
            [
              120.0732019,
              32.62681
            ],
            [
              120.0731687,
              32.626798
            ],
            [
              120.073135,
              32.6267916
            ],
            [
              120.0731024,
              32.6267911
            ],
            [
              120.0730726,
              32.6267965
            ],
            [
              120.0730471,
              32.6268076
            ],
            [
              120.0730271,
              32.6268237
            ],
            [
              120.0730137,
              32.6268442
            ],
            [
              120.0730076,
              32.626868
            ],
            [
              120.0730089,
              32.6268938
            ],
            [
              120.0730178,
              32.6269204
            ],
            [
              120.0730337,
              32.6269464
            ],
            [
              120.0730558,
              32.6269706
            ],
            [
              120.0730831,
              32.6269918
            ],
            [
              120.0731141,
              32.6270088
            ],
            [
              120.0731473,
              32.6270208
            ],
            [
              120.073181,
              32.6270272
            ],
            [
              120.0732136,
              32.6270277
            ],
            [
              120.0732434,
              32.6270223
            ],
            [
              120.0732689,
              32.6270112
            ],
            [
              120.0732889,
              32.6269951
            ]
          ]
        ]
      }
    },
    {
      "type": "Feature",
      "id": "cn0000385-h16-bunker-0",
      "properties": {
        "course_id": "cn0000385",
        "hole": 16,
        "feature_type": "bunker",
        "index": 0
      },
      "geometry": {
        "type": "Polygon",
        "coordinates": [
          [
            [
              120.0727447,
              32.6268876
            ],
            [
              120.0727316,
              32.6269071
            ],
            [
              120.0726118,
              32.6268622
            ],
            [
              120.0726808,
              32.6267069
            ],
            [
              120.0726655,
              32.6267747
            ],
            [
              120.0726874,
              32.6267818
            ],
            [
              120.0726945,
              32.6268248
            ],
            [
              120.0727421,
              32.6268493
            ],
            [
              120.0727447,
              32.6268876
            ]
          ]
        ]
      }
    },
    {
      "type": "Feature",
      "id": "cn0000385-h16-bunker-1",
      "properties": {
        "course_id": "cn0000385",
        "hole": 16,
        "feature_type": "bunker",
        "index": 1
      },
      "geometry": {
        "type": "Polygon",
        "coordinates": [
          [
            [
              120.0730378,
              32.6270794
            ],
            [
              120.072993,
              32.6270514
            ],
            [
              120.0729656,
              32.6270797
            ],
            [
              120.0729262,
              32.6270026
            ],
            [
              120.0730004,
              32.6269663
            ],
            [
              120.0730237,
              32.6269711
            ],
            [
              120.0730317,
              32.6270161
            ],
            [
              120.073059,
              32.6270436
            ],
            [
              120.0730378,
              32.6270794
            ]
          ]
        ]
      }
    },
    {
      "type": "Feature",
      "id": "cn0000385-h16-centerline-0",
      "properties": {
        "course_id": "cn0000385",
        "hole": 16,
        "feature_type": "centerline",
        "index": 0
      },
      "geometry": {
        "type": "LineString",
        "coordinates": [
          [
            120.0716836,
            32.6259446
          ],
          [
            120.0719463,
            32.6261205
          ],
          [
            120.072268,
            32.6264769
          ],
          [
            120.0725789,
            32.6267023
          ],
          [
            120.0729114,
            32.6268284
          ],
          [
            120.073158,
            32.6269094
          ]
        ]
      }
    },
    {
      "type": "Feature",
      "id": "cn0000385-h16-cart_path-0",
      "properties": {
        "course_id": "cn0000385",
        "hole": 16,
        "feature_type": "cart_path",
        "index": 0
      },
      "geometry": {
        "type": "LineString",
        "coordinates": [
          [
            120.0737268,
            32.6273852
          ],
          [
            120.0737268,
            32.6268205
          ],
          [
            120.0737697,
            32.6266669
          ]
        ]
      }
    },
    {
      "type": "Feature",
      "id": "cn0000385-h16-cart_path-1",
      "properties": {
        "course_id": "cn0000385",
        "hole": 16,
        "feature_type": "cart_path",
        "index": 1
      },
      "geometry": {
        "type": "LineString",
        "coordinates": [
          [
            120.0736517,
            32.6264861
          ],
          [
            120.0735712,
            32.6267663
          ],
          [
            120.0735712,
            32.6268521
          ],
          [
            120.0736088,
            32.626965
          ],
          [
            120.073598,
            32.627087
          ]
        ]
      }
    },
    {
      "type": "Feature",
      "id": "cn0000385-h16-cart_path-2",
      "properties": {
        "course_id": "cn0000385",
        "hole": 16,
        "feature_type": "cart_path",
        "index": 2
      },
      "geometry": {
        "type": "LineString",
        "coordinates": [
          [
            120.0717098,
            32.625944
          ],
          [
            120.071876,
            32.626459
          ]
        ]
      }
    },
    {
      "type": "Feature",
      "id": "cn0000385-h16-cart_path-3",
      "properties": {
        "course_id": "cn0000385",
        "hole": 16,
        "feature_type": "cart_path",
        "index": 3
      },
      "geometry": {
        "type": "LineString",
        "coordinates": [
          [
            120.0732332,
            32.6273988
          ],
          [
            120.0735283,
            32.6273988
          ],
          [
            120.0736141,
            32.6273807
          ],
          [
            120.0736302,
            32.6272858
          ],
          [
            120.073716,
            32.6272768
          ]
        ]
      }
    },
    {
      "type": "Feature",
      "id": "cn0000385-h16-cart_path-4",
      "properties": {
        "course_id": "cn0000385",
        "hole": 16,
        "feature_type": "cart_path",
        "index": 4
      },
      "geometry": {
        "type": "LineString",
        "coordinates": [
          [
            120.0720692,
            32.626188
          ],
          [
            120.0720638,
            32.6262286
          ],
          [
            120.0721067,
            32.6262919
          ],
          [
            120.0721335,
            32.6263054
          ],
          [
            120.072096,
            32.6262557
          ],
          [
            120.072155,
            32.6262557
          ]
        ]
      }
    },
    {
      "type": "Feature",
      "id": "cn0000385-h16-cart_path-5",
      "properties": {
        "course_id": "cn0000385",
        "hole": 16,
        "feature_type": "cart_path",
        "index": 5
      },
      "geometry": {
        "type": "LineString",
        "coordinates": [
          [
            120.0741184,
            32.6274101
          ],
          [
            120.0738502,
            32.6274168
          ],
          [
            120.0736141,
            32.6273807
          ]
        ]
      }
    },
    {
      "type": "Feature",
      "id": "cn0000385-h16-cart_path-6",
      "properties": {
        "course_id": "cn0000385",
        "hole": 16,
        "feature_type": "cart_path",
        "index": 6
      },
      "geometry": {
        "type": "LineString",
        "coordinates": [
          [
            120.0730991,
            32.6272497
          ],
          [
            120.0734049,
            32.627218
          ],
          [
            120.0735712,
            32.6271277
          ]
        ]
      }
    },
    {
      "type": "Feature",
      "id": "cn0000385-h16-cart_path-7",
      "properties": {
        "course_id": "cn0000385",
        "hole": 16,
        "feature_type": "cart_path",
        "index": 7
      },
      "geometry": {
        "type": "LineString",
        "coordinates": [
          [
            120.0724018,
            32.6265901
          ],
          [
            120.0724018,
            32.6266759
          ],
          [
            120.0723267,
            32.6265901
          ],
          [
            120.0723267,
            32.6266714
          ],
          [
            120.0723964,
            32.6265855
          ],
          [
            120.0723267,
            32.6265901
          ]
        ]
      }
    },
    {
      "type": "Feature",
      "id": "cn0000385-h16-cart_path-8",
      "properties": {
        "course_id": "cn0000385",
        "hole": 16,
        "feature_type": "cart_path",
        "index": 8
      },
      "geometry": {
        "type": "LineString",
        "coordinates": [
          [
            120.0737697,
            32.6266669
          ],
          [
            120.0739977,
            32.6266895
          ],
          [
            120.0741023,
            32.6266759
          ]
        ]
      }
    },
    {
      "type": "Feature",
      "id": "cn0000385-h16-tree-0",
      "properties": {
        "course_id": "cn0000385",
        "hole": 16,
        "feature_type": "tree",
        "index": 0
      },
      "geometry": {
        "type": "Point",
        "coordinates": [
          120.0727552,
          32.6265083
        ]
      }
    },
    {
      "type": "Feature",
      "id": "cn0000385-h16-tree-1",
      "properties": {
        "course_id": "cn0000385",
        "hole": 16,
        "feature_type": "tree",
        "index": 1
      },
      "geometry": {
        "type": "Point",
        "coordinates": [
          120.0726318,
          32.626668
        ]
      }
    },
    {
      "type": "Feature",
      "id": "cn0000385-h16-tree-2",
      "properties": {
        "course_id": "cn0000385",
        "hole": 16,
        "feature_type": "tree",
        "index": 2
      },
      "geometry": {
        "type": "Point",
        "coordinates": [
          120.0738134,
          32.6268973
        ]
      }
    },
    {
      "type": "Feature",
      "id": "cn0000385-h16-tree-3",
      "properties": {
        "course_id": "cn0000385",
        "hole": 16,
        "feature_type": "tree",
        "index": 3
      },
      "geometry": {
        "type": "Point",
        "coordinates": [
          120.0719933,
          32.6262653
        ]
      }
    },
    {
      "type": "Feature",
      "id": "cn0000385-h16-tree-4",
      "properties": {
        "course_id": "cn0000385",
        "hole": 16,
        "feature_type": "tree",
        "index": 4
      },
      "geometry": {
        "type": "Point",
        "coordinates": [
          120.0738386,
          32.6273359
        ]
      }
    },
    {
      "type": "Feature",
      "id": "cn0000385-h16-tree-5",
      "properties": {
        "course_id": "cn0000385",
        "hole": 16,
        "feature_type": "tree",
        "index": 5
      },
      "geometry": {
        "type": "Point",
        "coordinates": [
          120.0731546,
          32.6274509
        ]
      }
    },
    {
      "type": "Feature",
      "id": "cn0000385-h16-tee-black",
      "properties": {
        "course_id": "cn0000385",
        "hole": 16,
        "feature_type": "tee",
        "color": "black",
        "distance_m": 166
      },
      "geometry": {
        "type": "Point",
        "coordinates": [
          120.0716836,
          32.6259446
        ]
      }
    },
    {
      "type": "Feature",
      "id": "cn0000385-h16-tee-blue",
      "properties": {
        "course_id": "cn0000385",
        "hole": 16,
        "feature_type": "tee",
        "color": "blue",
        "distance_m": 150
      },
      "geometry": {
        "type": "Point",
        "coordinates": [
          120.0719463,
          32.6261205
        ]
      }
    },
    {
      "type": "Feature",
      "id": "cn0000385-h16-tee-white",
      "properties": {
        "course_id": "cn0000385",
        "hole": 16,
        "feature_type": "tee",
        "color": "white",
        "distance_m": 133
      },
      "geometry": {
        "type": "Point",
        "coordinates": [
          120.0720642,
          32.6264726
        ]
      }
    },
    {
      "type": "Feature",
      "id": "cn0000385-h16-tee-red",
      "properties": {
        "course_id": "cn0000385",
        "hole": 16,
        "feature_type": "tee",
        "color": "red",
        "distance_m": 102
      },
      "geometry": {
        "type": "Point",
        "coordinates": [
          120.0722572,
          32.6267614
        ]
      }
    },
    {
      "type": "Feature",
      "id": "cn0000385-h16-flag-daily_pin",
      "properties": {
        "course_id": "cn0000385",
        "hole": 16,
        "feature_type": "flag",
        "role": "daily_pin"
      },
      "geometry": {
        "type": "Point",
        "coordinates": [
          120.073158,
          32.6269094
        ]
      }
    },
    {
      "type": "Feature",
      "id": "cn0000385-h16-green_target-front",
      "properties": {
        "course_id": "cn0000385",
        "hole": 16,
        "feature_type": "green_target",
        "role": "front"
      },
      "geometry": {
        "type": "Point",
        "coordinates": [
          120.0730271,
          32.6268237
        ]
      }
    },
    {
      "type": "Feature",
      "id": "cn0000385-h16-green_target-middle",
      "properties": {
        "course_id": "cn0000385",
        "hole": 16,
        "feature_type": "green_target",
        "role": "middle"
      },
      "geometry": {
        "type": "Point",
        "coordinates": [
          120.07316251379312,
          32.626912355172415
        ]
      }
    },
    {
      "type": "Feature",
      "id": "cn0000385-h16-green_target-back",
      "properties": {
        "course_id": "cn0000385",
        "hole": 16,
        "feature_type": "green_target",
        "role": "back"
      },
      "geometry": {
        "type": "Point",
        "coordinates": [
          120.0732889,
          32.6269951
        ]
      }
    },
    {
      "type": "Feature",
      "id": "cn0000385-h17-hole_perimeter-0",
      "properties": {
        "course_id": "cn0000385",
        "hole": 17,
        "feature_type": "hole_perimeter",
        "index": 0
      },
      "geometry": {
        "type": "Polygon",
        "coordinates": [
          [
            [
              120.0733192,
              32.6263582
            ],
            [
              120.0727778,
              32.6261718
            ],
            [
              120.0727452,
              32.6261273
            ],
            [
              120.072742,
              32.6260776
            ],
            [
              120.0727667,
              32.6260323
            ],
            [
              120.072821,
              32.6259993
            ],
            [
              120.0726654,
              32.6259097
            ],
            [
              120.0721775,
              32.6254722
            ],
            [
              120.0715601,
              32.624731
            ],
            [
              120.071018,
              32.6243486
            ],
            [
              120.0705419,
              32.6241383
            ],
            [
              120.0703164,
              32.6238442
            ],
            [
              120.0706489,
              32.6236565
            ],
            [
              120.0705851,
              32.6235251
            ],
            [
              120.0706019,
              32.6234512
            ],
            [
              120.0706606,
              32.6233973
            ],
            [
              120.0707104,
              32.6233809
            ],
            [
              120.070804,
              32.6233824
            ],
            [
              120.0709408,
              32.6234465
            ],
            [
              120.0710069,
              32.6235208
            ],
            [
              120.0710685,
              32.6236473
            ],
            [
              120.0721172,
              32.6244266
            ],
            [
              120.0722324,
              32.6245326
            ],
            [
              120.0728791,
              32.6255354
            ],
            [
              120.0731014,
              32.6257631
            ],
            [
              120.0732439,
              32.6258469
            ],
            [
              120.0736898,
              32.625947
            ],
            [
              120.0738573,
              32.6260037
            ],
            [
              120.0740645,
              32.6260237
            ],
            [
              120.074128,
              32.626062
            ],
            [
              120.0741585,
              32.6261082
            ],
            [
              120.0741636,
              32.6261739
            ],
            [
              120.0741209,
              32.6262439
            ],
            [
              120.0740392,
              32.6262822
            ],
            [
              120.07394,
              32.6262812
            ],
            [
              120.0738814,
              32.6263683
            ],
            [
              120.0738092,
              32.6263174
            ],
            [
              120.0733192,
              32.6263582
            ]
          ]
        ]
      }
    },
    {
      "type": "Feature",
      "id": "cn0000385-h17-rough-0",
      "properties": {
        "course_id": "cn0000385",
        "hole": 17,
        "feature_type": "rough",
        "index": 0
      },
      "geometry": {
        "type": "Polygon",
        "coordinates": [
          [
            [
              120.0733192,
              32.6263582
            ],
            [
              120.0727778,
              32.6261718
            ],
            [
              120.0727452,
              32.6261273
            ],
            [
              120.072742,
              32.6260776
            ],
            [
              120.0727667,
              32.6260323
            ],
            [
              120.072821,
              32.6259993
            ],
            [
              120.0726654,
              32.6259097
            ],
            [
              120.0721775,
              32.6254722
            ],
            [
              120.0715601,
              32.624731
            ],
            [
              120.071018,
              32.6243486
            ],
            [
              120.0705419,
              32.6241383
            ],
            [
              120.0703164,
              32.6238442
            ],
            [
              120.0706489,
              32.6236565
            ],
            [
              120.0705851,
              32.6235251
            ],
            [
              120.0706019,
              32.6234512
            ],
            [
              120.0706606,
              32.6233973
            ],
            [
              120.0707104,
              32.6233809
            ],
            [
              120.070804,
              32.6233824
            ],
            [
              120.0709408,
              32.6234465
            ],
            [
              120.0710069,
              32.6235208
            ],
            [
              120.0710685,
              32.6236473
            ],
            [
              120.0721172,
              32.6244266
            ],
            [
              120.0722324,
              32.6245326
            ],
            [
              120.0728791,
              32.6255354
            ],
            [
              120.0731014,
              32.6257631
            ],
            [
              120.0732439,
              32.6258469
            ],
            [
              120.0736898,
              32.625947
            ],
            [
              120.0738573,
              32.6260037
            ],
            [
              120.0740645,
              32.6260237
            ],
            [
              120.074128,
              32.626062
            ],
            [
              120.0741585,
              32.6261082
            ],
            [
              120.0741636,
              32.6261739
            ],
            [
              120.0741209,
              32.6262439
            ],
            [
              120.0740392,
              32.6262822
            ],
            [
              120.07394,
              32.6262812
            ],
            [
              120.0738814,
              32.6263683
            ],
            [
              120.0738092,
              32.6263174
            ],
            [
              120.0733192,
              32.6263582
            ]
          ]
        ]
      }
    },
    {
      "type": "Feature",
      "id": "cn0000385-h17-tee_box-0",
      "properties": {
        "course_id": "cn0000385",
        "hole": 17,
        "feature_type": "tee_box",
        "index": 0
      },
      "geometry": {
        "type": "Polygon",
        "coordinates": [
          [
            [
              120.0733267,
              32.6263309
            ],
            [
              120.0728129,
              32.6261609
            ],
            [
              120.0727741,
              32.6261131
            ],
            [
              120.0727861,
              32.626056
            ],
            [
              120.0728175,
              32.6260304
            ],
            [
              120.0728683,
              32.6260202
            ],
            [
              120.0740105,
              32.6260731
            ],
            [
              120.0740602,
              32.6260884
            ],
            [
              120.0740914,
              32.6261244
            ],
            [
              120.0740909,
              32.6261761
            ],
            [
              120.074059,
              32.6262118
            ],
            [
              120.0737886,
              32.6262948
            ],
            [
              120.0733267,
              32.6263309
            ]
          ]
        ]
      }
    },
    {
      "type": "Feature",
      "id": "cn0000385-h17-fairway-0",
      "properties": {
        "course_id": "cn0000385",
        "hole": 17,
        "feature_type": "fairway",
        "index": 0
      },
      "geometry": {
        "type": "Polygon",
        "coordinates": [
          [
            [
              120.0735237,
              32.6261993
            ],
            [
              120.0735268,
              32.6261897
            ],
            [
              120.0731431,
              32.6261105
            ],
            [
              120.0727208,
              32.6258793
            ],
            [
              120.0724398,
              32.6256282
            ],
            [
              120.0723476,
              32.6255701
            ],
            [
              120.0722715,
              32.6255565
            ],
            [
              120.0721775,
              32.6254722
            ],
            [
              120.0715601,
              32.624731
            ],
            [
              120.0713433,
              32.624578
            ],
            [
              120.0713164,
              32.6244784
            ],
            [
              120.0712248,
              32.6243446
            ],
            [
              120.0707615,
              32.6239985
            ],
            [
              120.0705916,
              32.6239084
            ],
            [
              120.0705698,
              32.6238809
            ],
            [
              120.0705684,
              32.6237944
            ],
            [
              120.0706281,
              32.6236682
            ],
            [
              120.0707296,
              32.6236108
            ],
            [
              120.0707152,
              32.6235498
            ],
            [
              120.0707486,
              32.6235028
            ],
            [
              120.0708193,
              32.6234846
            ],
            [
              120.07089,
              32.6235202
            ],
            [
              120.0709574,
              32.6234822
            ],
            [
              120.0710076,
              32.6235223
            ],
            [
              120.0710685,
              32.6236473
            ],
            [
              120.0719419,
              32.6244064
            ],
            [
              120.0722111,
              32.624754
            ],
            [
              120.0726233,
              32.6253893
            ],
            [
              120.0723484,
              32.6251839
            ],
            [
              120.0723745,
              32.6252496
            ],
            [
              120.072524,
              32.6253879
            ],
            [
              120.0726077,
              32.6254456
            ],
            [
              120.0726523,
              32.6254341
            ],
            [
              120.0726221,
              32.625456
            ],
            [
              120.0726522,
              32.6255118
            ],
            [
              120.0726424,
              32.6255722
            ],
            [
              120.0728452,
              32.625754
            ],
            [
              120.0732339,
              32.6259662
            ],
            [
              120.0736288,
              32.6260425
            ],
            [
              120.0740319,
              32.6260716
            ],
            [
              120.0740789,
              32.6260971
            ],
            [
              120.0741012,
              32.6261404
            ],
            [
              120.0740809,
              32.6262002
            ],
            [
              120.0740163,
              32.6262305
            ],
            [
              120.0736315,
              32.6262058
            ],
            [
              120.0735802,
              32.6262269
            ],
            [
              120.0735237,
              32.6261993
            ]
          ]
        ]
      }
    },
    {
      "type": "Feature",
      "id": "cn0000385-h17-green_fringe-0",
      "properties": {
        "course_id": "cn0000385",
        "hole": 17,
        "feature_type": "green_fringe",
        "index": 0
      },
      "geometry": {
        "type": "Polygon",
        "coordinates": [
          [
            [
              120.0706477,
              32.6234344
            ],
            [
              120.0706264,
              32.6234603
            ],
            [
              120.0706142,
              32.6234914
            ],
            [
              120.0706119,
              32.6235263
            ],
            [
              120.0706195,
              32.6235631
            ],
            [
              120.0706367,
              32.6236001
            ],
            [
              120.0706625,
              32.6236353
            ],
            [
              120.0706957,
              32.623667
            ],
            [
              120.0707346,
              32.6236936
            ],
            [
              120.0707774,
              32.6237138
            ],
            [
              120.0708217,
              32.6237266
            ],
            [
              120.0708654,
              32.6237313
            ],
            [
              120.0709064,
              32.6237276
            ],
            [
              120.0709425,
              32.6237159
            ],
            [
              120.0709719,
              32.6236966
            ],
            [
              120.0709932,
              32.6236707
            ],
            [
              120.0710054,
              32.6236396
            ],
            [
              120.0710077,
              32.6236047
            ],
            [
              120.0710001,
              32.6235679
            ],
            [
              120.0709829,
              32.6235309
            ],
            [
              120.0709571,
              32.6234957
            ],
            [
              120.0709239,
              32.623464
            ],
            [
              120.070885,
              32.6234374
            ],
            [
              120.0708422,
              32.6234172
            ],
            [
              120.0707979,
              32.6234044
            ],
            [
              120.0707542,
              32.6233997
            ],
            [
              120.0707132,
              32.6234034
            ],
            [
              120.0706771,
              32.6234151
            ],
            [
              120.0706477,
              32.6234344
            ]
          ]
        ]
      }
    },
    {
      "type": "Feature",
      "id": "cn0000385-h17-green-0",
      "properties": {
        "course_id": "cn0000385",
        "hole": 17,
        "feature_type": "green",
        "index": 0
      },
      "geometry": {
        "type": "Polygon",
        "coordinates": [
          [
            [
              120.0706786,
              32.6234594
            ],
            [
              120.070663,
              32.6234788
            ],
            [
              120.0706548,
              32.6235026
            ],
            [
              120.0706544,
              32.6235295
            ],
            [
              120.0706618,
              32.6235582
            ],
            [
              120.0706766,
              32.6235873
            ],
            [
              120.0706981,
              32.6236153
            ],
            [
              120.0707252,
              32.6236408
            ],
            [
              120.0707565,
              32.6236625
            ],
            [
              120.0707905,
              32.6236794
            ],
            [
              120.0708254,
              32.6236905
            ],
            [
              120.0708596,
              32.6236954
            ],
            [
              120.0708913,
              32.6236938
            ],
            [
              120.0709189,
              32.6236857
            ],
            [
              120.070941,
              32.6236716
            ],
            [
              120.0709566,
              32.6236522
            ],
            [
              120.0709648,
              32.6236284
            ],
            [
              120.0709652,
              32.6236015
            ],
            [
              120.0709578,
              32.6235728
            ],
            [
              120.070943,
              32.6235437
            ],
            [
              120.0709215,
              32.6235157
            ],
            [
              120.0708944,
              32.6234902
            ],
            [
              120.0708631,
              32.6234685
            ],
            [
              120.0708291,
              32.6234516
            ],
            [
              120.0707942,
              32.6234405
            ],
            [
              120.07076,
              32.6234356
            ],
            [
              120.0707283,
              32.6234372
            ],
            [
              120.0707007,
              32.6234453
            ],
            [
              120.0706786,
              32.6234594
            ]
          ]
        ]
      }
    },
    {
      "type": "Feature",
      "id": "cn0000385-h17-bunker-0",
      "properties": {
        "course_id": "cn0000385",
        "hole": 17,
        "feature_type": "bunker",
        "index": 0
      },
      "geometry": {
        "type": "Polygon",
        "coordinates": [
          [
            [
              120.0725845,
              32.625667
            ],
            [
              120.0727755,
              32.6257335
            ],
            [
              120.0728132,
              32.6258016
            ],
            [
              120.0727672,
              32.6258752
            ],
            [
              120.0726592,
              32.625768
            ],
            [
              120.0725884,
              32.6257294
            ],
            [
              120.0724035,
              32.6256749
            ],
            [
              120.0722866,
              32.6255701
            ],
            [
              120.0725845,
              32.625667
            ]
          ]
        ]
      }
    },
    {
      "type": "Feature",
      "id": "cn0000385-h17-bunker-1",
      "properties": {
        "course_id": "cn0000385",
        "hole": 17,
        "feature_type": "bunker",
        "index": 1
      },
      "geometry": {
        "type": "Polygon",
        "coordinates": [
          [
            [
              120.0708499,
              32.6237613
            ],
            [
              120.0708868,
              32.6237571
            ],
            [
              120.0709489,
              32.6237795
            ],
            [
              120.0709541,
              32.6238164
            ],
            [
              120.0709253,
              32.6238528
            ],
            [
              120.0708712,
              32.6238626
            ],
            [
              120.0708318,
              32.6238367
            ],
            [
              120.0708295,
              32.6237949
            ],
            [
              120.0708499,
              32.6237613
            ]
          ]
        ]
      }
    },
    {
      "type": "Feature",
      "id": "cn0000385-h17-centerline-0",
      "properties": {
        "course_id": "cn0000385",
        "hole": 17,
        "feature_type": "centerline",
        "index": 0
      },
      "geometry": {
        "type": "LineString",
        "coordinates": [
          [
            120.0740053,
            32.6261497
          ],
          [
            120.0736139,
            32.6261231
          ],
          [
            120.0731956,
            32.6260423
          ],
          [
            120.0727828,
            32.6258169
          ],
          [
            120.0722949,
            32.6253794
          ],
          [
            120.0718124,
            32.6247973
          ],
          [
            120.0713299,
            32.6242198
          ],
          [
            120.0708098,
            32.6235655
          ]
        ]
      }
    },
    {
      "type": "Feature",
      "id": "cn0000385-h17-cart_path-0",
      "properties": {
        "course_id": "cn0000385",
        "hole": 17,
        "feature_type": "cart_path",
        "index": 0
      },
      "geometry": {
        "type": "LineString",
        "coordinates": [
          [
            120.072788,
            32.6261157
          ],
          [
            120.0730294,
            32.6261699
          ],
          [
            120.0732279,
            32.6262399
          ],
          [
            120.0733781,
            32.6262512
          ],
          [
            120.0734961,
            32.6262331
          ],
          [
            120.0735229,
            32.6262964
          ]
        ]
      }
    },
    {
      "type": "Feature",
      "id": "cn0000385-h17-cart_path-1",
      "properties": {
        "course_id": "cn0000385",
        "hole": 17,
        "feature_type": "cart_path",
        "index": 1
      },
      "geometry": {
        "type": "LineString",
        "coordinates": [
          [
            120.0711197,
            32.6252708
          ],
          [
            120.0711733,
            32.6251895
          ],
          [
            120.0711894,
            32.6250765
          ],
          [
            120.0712377,
            32.6250133
          ],
          [
            120.071227,
            32.6248913
          ],
          [
            120.0711894,
            32.6248665
          ],
          [
            120.0711492,
            32.6247964
          ],
          [
            120.0711653,
            32.6246247
          ],
          [
            120.071243,
            32.6243943
          ]
        ]
      }
    },
    {
      "type": "Feature",
      "id": "cn0000385-h17-cart_path-2",
      "properties": {
        "course_id": "cn0000385",
        "hole": 17,
        "feature_type": "cart_path",
        "index": 2
      },
      "geometry": {
        "type": "LineString",
        "coordinates": [
          [
            120.0726217,
            32.6256142
          ],
          [
            120.0726217,
            32.6255419
          ],
          [
            120.07267,
            32.6254515
          ],
          [
            120.0726485,
            32.625307
          ]
        ]
      }
    },
    {
      "type": "Feature",
      "id": "cn0000385-h17-cart_path-3",
      "properties": {
        "course_id": "cn0000385",
        "hole": 17,
        "feature_type": "cart_path",
        "index": 3
      },
      "geometry": {
        "type": "LineString",
        "coordinates": [
          [
            120.0720638,
            32.6256594
          ],
          [
            120.0721228,
            32.6256729
          ],
          [
            120.0721228,
            32.6257045
          ],
          [
            120.0720477,
            32.6256684
          ],
          [
            120.0720531,
            32.6257045
          ],
          [
            120.0720906,
            32.6257316
          ]
        ]
      }
    },
    {
      "type": "Feature",
      "id": "cn0000385-h17-cart_path-4",
      "properties": {
        "course_id": "cn0000385",
        "hole": 17,
        "feature_type": "cart_path",
        "index": 4
      },
      "geometry": {
        "type": "LineString",
        "coordinates": [
          [
            120.0716454,
            32.6254289
          ],
          [
            120.0715327,
            32.6252911
          ],
          [
            120.0714684,
            32.6251262
          ]
        ]
      }
    },
    {
      "type": "Feature",
      "id": "cn0000385-h17-cart_path-5",
      "properties": {
        "course_id": "cn0000385",
        "hole": 17,
        "feature_type": "cart_path",
        "index": 5
      },
      "geometry": {
        "type": "LineString",
        "coordinates": [
          [
            120.0722247,
            32.6259033
          ],
          [
            120.0723535,
            32.6260027
          ],
          [
            120.0724447,
            32.6260208
          ]
        ]
      }
    },
    {
      "type": "Feature",
      "id": "cn0000385-h17-tree-0",
      "properties": {
        "course_id": "cn0000385",
        "hole": 17,
        "feature_type": "tree",
        "index": 0
      },
      "geometry": {
        "type": "Point",
        "coordinates": [
          120.0711706,
          32.6232603
        ]
      }
    },
    {
      "type": "Feature",
      "id": "cn0000385-h17-tree-1",
      "properties": {
        "course_id": "cn0000385",
        "hole": 17,
        "feature_type": "tree",
        "index": 1
      },
      "geometry": {
        "type": "Point",
        "coordinates": [
          120.0708928,
          32.6237711
        ]
      }
    },
    {
      "type": "Feature",
      "id": "cn0000385-h17-tree-2",
      "properties": {
        "course_id": "cn0000385",
        "hole": 17,
        "feature_type": "tree",
        "index": 2
      },
      "geometry": {
        "type": "Point",
        "coordinates": [
          120.0717484,
          32.6236539
        ]
      }
    },
    {
      "type": "Feature",
      "id": "cn0000385-h17-tree-3",
      "properties": {
        "course_id": "cn0000385",
        "hole": 17,
        "feature_type": "tree",
        "index": 3
      },
      "geometry": {
        "type": "Point",
        "coordinates": [
          120.0710484,
          32.6249335
        ]
      }
    },
    {
      "type": "Feature",
      "id": "cn0000385-h17-tree-4",
      "properties": {
        "course_id": "cn0000385",
        "hole": 17,
        "feature_type": "tree",
        "index": 4
      },
      "geometry": {
        "type": "Point",
        "coordinates": [
          120.0713999,
          32.6253724
        ]
      }
    },
    {
      "type": "Feature",
      "id": "cn0000385-h17-tree-5",
      "properties": {
        "course_id": "cn0000385",
        "hole": 17,
        "feature_type": "tree",
        "index": 5
      },
      "geometry": {
        "type": "Point",
        "coordinates": [
          120.0729536,
          32.6263117
        ]
      }
    },
    {
      "type": "Feature",
      "id": "cn0000385-h17-tree-6",
      "properties": {
        "course_id": "cn0000385",
        "hole": 17,
        "feature_type": "tree",
        "index": 6
      },
      "geometry": {
        "type": "Point",
        "coordinates": [
          120.0733492,
          32.6264308
        ]
      }
    },
    {
      "type": "Feature",
      "id": "cn0000385-h17-tee-black",
      "properties": {
        "course_id": "cn0000385",
        "hole": 17,
        "feature_type": "tee",
        "color": "black",
        "distance_m": 428
      },
      "geometry": {
        "type": "Point",
        "coordinates": [
          120.0740053,
          32.6261497
        ]
      }
    },
    {
      "type": "Feature",
      "id": "cn0000385-h17-tee-blue",
      "properties": {
        "course_id": "cn0000385",
        "hole": 17,
        "feature_type": "tee",
        "color": "blue",
        "distance_m": 411
      },
      "geometry": {
        "type": "Point",
        "coordinates": [
          120.0737586,
          32.6262223
        ]
      }
    },
    {
      "type": "Feature",
      "id": "cn0000385-h17-tee-white",
      "properties": {
        "course_id": "cn0000385",
        "hole": 17,
        "feature_type": "tee",
        "color": "white",
        "distance_m": 383
      },
      "geometry": {
        "type": "Point",
        "coordinates": [
          120.0733189,
          32.6262544
        ]
      }
    },
    {
      "type": "Feature",
      "id": "cn0000385-h17-tee-red",
      "properties": {
        "course_id": "cn0000385",
        "hole": 17,
        "feature_type": "tee",
        "color": "red",
        "distance_m": 339
      },
      "geometry": {
        "type": "Point",
        "coordinates": [
          120.0728632,
          32.6260968
        ]
      }
    },
    {
      "type": "Feature",
      "id": "cn0000385-h17-flag-daily_pin",
      "properties": {
        "course_id": "cn0000385",
        "hole": 17,
        "feature_type": "flag",
        "role": "daily_pin"
      },
      "geometry": {
        "type": "Point",
        "coordinates": [
          120.0708098,
          32.6235655
        ]
      }
    },
    {
      "type": "Feature",
      "id": "cn0000385-h17-green_target-front",
      "properties": {
        "course_id": "cn0000385",
        "hole": 17,
        "feature_type": "green_target",
        "role": "front"
      },
      "geometry": {
        "type": "Point",
        "coordinates": [
          120.070941,
          32.6236716
        ]
      }
    },
    {
      "type": "Feature",
      "id": "cn0000385-h17-green_target-middle",
      "properties": {
        "course_id": "cn0000385",
        "hole": 17,
        "feature_type": "green_target",
        "role": "middle"
      },
      "geometry": {
        "type": "Point",
        "coordinates": [
          120.0708052758621,
          32.62356184137931
        ]
      }
    },
    {
      "type": "Feature",
      "id": "cn0000385-h17-green_target-back",
      "properties": {
        "course_id": "cn0000385",
        "hole": 17,
        "feature_type": "green_target",
        "role": "back"
      },
      "geometry": {
        "type": "Point",
        "coordinates": [
          120.0706786,
          32.6234594
        ]
      }
    },
    {
      "type": "Feature",
      "id": "cn0000385-h18-hole_perimeter-0",
      "properties": {
        "course_id": "cn0000385",
        "hole": 18,
        "feature_type": "hole_perimeter",
        "index": 0
      },
      "geometry": {
        "type": "Polygon",
        "coordinates": [
          [
            [
              120.0706379,
              32.6228767
            ],
            [
              120.0705708,
              32.6227396
            ],
            [
              120.0705689,
              32.6226443
            ],
            [
              120.0710026,
              32.6220318
            ],
            [
              120.0710419,
              32.6211247
            ],
            [
              120.0711246,
              32.6205754
            ],
            [
              120.0714334,
              32.619003
            ],
            [
              120.0714154,
              32.6188333
            ],
            [
              120.0713728,
              32.618748
            ],
            [
              120.0713708,
              32.6186587
            ],
            [
              120.0714039,
              32.6185719
            ],
            [
              120.0714652,
              32.6185067
            ],
            [
              120.0715112,
              32.6184824
            ],
            [
              120.0715986,
              32.6184721
            ],
            [
              120.0717103,
              32.6185351
            ],
            [
              120.0717539,
              32.6186674
            ],
            [
              120.0722032,
              32.6186331
            ],
            [
              120.0722548,
              32.6187273
            ],
            [
              120.0722781,
              32.6189468
            ],
            [
              120.0722709,
              32.6190733
            ],
            [
              120.0720482,
              32.6192104
            ],
            [
              120.0718767,
              32.6198125
            ],
            [
              120.0719789,
              32.6203937
            ],
            [
              120.0718697,
              32.6209841
            ],
            [
              120.0717637,
              32.6214242
            ],
            [
              120.0715795,
              32.6218499
            ],
            [
              120.0714845,
              32.6221256
            ],
            [
              120.0713788,
              32.6223329
            ],
            [
              120.0715054,
              32.6222278
            ],
            [
              120.0715807,
              32.6222052
            ],
            [
              120.0716763,
              32.6222419
            ],
            [
              120.0717033,
              32.6223275
            ],
            [
              120.0713969,
              32.6227295
            ],
            [
              120.071183,
              32.6229092
            ],
            [
              120.0709722,
              32.6229981
            ],
            [
              120.0709152,
              32.6230549
            ],
            [
              120.0708101,
              32.6230771
            ],
            [
              120.0707238,
              32.623047
            ],
            [
              120.070672,
              32.6229816
            ],
            [
              120.0706774,
              32.6228905
            ],
            [
              120.0706379,
              32.6228767
            ]
          ]
        ]
      }
    },
    {
      "type": "Feature",
      "id": "cn0000385-h18-rough-0",
      "properties": {
        "course_id": "cn0000385",
        "hole": 18,
        "feature_type": "rough",
        "index": 0
      },
      "geometry": {
        "type": "Polygon",
        "coordinates": [
          [
            [
              120.0706379,
              32.6228767
            ],
            [
              120.0705708,
              32.6227396
            ],
            [
              120.0705689,
              32.6226443
            ],
            [
              120.0710026,
              32.6220318
            ],
            [
              120.0710419,
              32.6211247
            ],
            [
              120.0711246,
              32.6205754
            ],
            [
              120.0714334,
              32.619003
            ],
            [
              120.0714154,
              32.6188333
            ],
            [
              120.0713728,
              32.618748
            ],
            [
              120.0713708,
              32.6186587
            ],
            [
              120.0714039,
              32.6185719
            ],
            [
              120.0714652,
              32.6185067
            ],
            [
              120.0715112,
              32.6184824
            ],
            [
              120.0715986,
              32.6184721
            ],
            [
              120.0717103,
              32.6185351
            ],
            [
              120.0717539,
              32.6186674
            ],
            [
              120.0722032,
              32.6186331
            ],
            [
              120.0722548,
              32.6187273
            ],
            [
              120.0722781,
              32.6189468
            ],
            [
              120.0722709,
              32.6190733
            ],
            [
              120.0720482,
              32.6192104
            ],
            [
              120.0718767,
              32.6198125
            ],
            [
              120.0719789,
              32.6203937
            ],
            [
              120.0718697,
              32.6209841
            ],
            [
              120.0717637,
              32.6214242
            ],
            [
              120.0715795,
              32.6218499
            ],
            [
              120.0714845,
              32.6221256
            ],
            [
              120.0713788,
              32.6223329
            ],
            [
              120.0715054,
              32.6222278
            ],
            [
              120.0715807,
              32.6222052
            ],
            [
              120.0716763,
              32.6222419
            ],
            [
              120.0717033,
              32.6223275
            ],
            [
              120.0713969,
              32.6227295
            ],
            [
              120.071183,
              32.6229092
            ],
            [
              120.0709722,
              32.6229981
            ],
            [
              120.0709152,
              32.6230549
            ],
            [
              120.0708101,
              32.6230771
            ],
            [
              120.0707238,
              32.623047
            ],
            [
              120.070672,
              32.6229816
            ],
            [
              120.0706774,
              32.6228905
            ],
            [
              120.0706379,
              32.6228767
            ]
          ]
        ]
      }
    },
    {
      "type": "Feature",
      "id": "cn0000385-h18-tee_box-0",
      "properties": {
        "course_id": "cn0000385",
        "hole": 18,
        "feature_type": "tee_box",
        "index": 0
      },
      "geometry": {
        "type": "Polygon",
        "coordinates": [
          [
            [
              120.0708655,
              32.6230114
            ],
            [
              120.0708052,
              32.623017
            ],
            [
              120.0707542,
              32.6229896
            ],
            [
              120.0707349,
              32.6229413
            ],
            [
              120.0707558,
              32.6228933
            ],
            [
              120.0715245,
              32.6222496
            ],
            [
              120.0715822,
              32.6222322
            ],
            [
              120.0716398,
              32.6222496
            ],
            [
              120.0716714,
              32.6222938
            ],
            [
              120.0716626,
              32.6223449
            ],
            [
              120.0713791,
              32.6227056
            ],
            [
              120.0711533,
              32.622894
            ],
            [
              120.0708655,
              32.6230114
            ]
          ]
        ]
      }
    },
    {
      "type": "Feature",
      "id": "cn0000385-h18-fairway-0",
      "properties": {
        "course_id": "cn0000385",
        "hole": 18,
        "feature_type": "fairway",
        "index": 0
      },
      "geometry": {
        "type": "Polygon",
        "coordinates": [
          [
            [
              120.0709092,
              32.6225814
            ],
            [
              120.0710634,
              32.6224002
            ],
            [
              120.0712029,
              32.6221305
            ],
            [
              120.0711657,
              32.6220875
            ],
            [
              120.071247,
              32.6220375
            ],
            [
              120.0713245,
              32.6218127
            ],
            [
              120.0712775,
              32.6217602
            ],
            [
              120.071291,
              32.6217257
            ],
            [
              120.0712498,
              32.6217079
            ],
            [
              120.071253,
              32.6216755
            ],
            [
              120.0713008,
              32.6216694
            ],
            [
              120.0713312,
              32.6216221
            ],
            [
              120.0712857,
              32.6215165
            ],
            [
              120.0713207,
              32.6215839
            ],
            [
              120.0713822,
              32.6215077
            ],
            [
              120.0713411,
              32.6214609
            ],
            [
              120.0713615,
              32.6214437
            ],
            [
              120.0713323,
              32.6214139
            ],
            [
              120.0713464,
              32.621384
            ],
            [
              120.0714073,
              32.6214052
            ],
            [
              120.071428,
              32.6213878
            ],
            [
              120.0714094,
              32.621453
            ],
            [
              120.0714531,
              32.6213666
            ],
            [
              120.071535,
              32.6210119
            ],
            [
              120.0714355,
              32.6213614
            ],
            [
              120.0713605,
              32.6213541
            ],
            [
              120.0714022,
              32.6213239
            ],
            [
              120.0713894,
              32.6212521
            ],
            [
              120.0714193,
              32.6212612
            ],
            [
              120.0714534,
              32.6212221
            ],
            [
              120.0714389,
              32.6211918
            ],
            [
              120.0713995,
              32.6211852
            ],
            [
              120.071242,
              32.6216359
            ],
            [
              120.0713407,
              32.6211752
            ],
            [
              120.0712683,
              32.6210114
            ],
            [
              120.0713264,
              32.6207475
            ],
            [
              120.0715052,
              32.6190708
            ],
            [
              120.0714664,
              32.6186657
            ],
            [
              120.0715004,
              32.6186189
            ],
            [
              120.0715618,
              32.6186009
            ],
            [
              120.0716228,
              32.6186197
            ],
            [
              120.0716571,
              32.6186748
            ],
            [
              120.0720309,
              32.6186463
            ],
            [
              120.0720693,
              32.6190091
            ],
            [
              120.0719373,
              32.6192191
            ],
            [
              120.0720006,
              32.6193775
            ],
            [
              120.0718629,
              32.6198596
            ],
            [
              120.071872,
              32.6199244
            ],
            [
              120.0718519,
              32.619979
            ],
            [
              120.071866,
              32.6200718
            ],
            [
              120.0718812,
              32.6200915
            ],
            [
              120.0719191,
              32.6200535
            ],
            [
              120.0718813,
              32.6201049
            ],
            [
              120.0718688,
              32.6200904
            ],
            [
              120.0718856,
              32.6202011
            ],
            [
              120.0719381,
              32.6202156
            ],
            [
              120.0719505,
              32.6202324
            ],
            [
              120.0719789,
              32.6203937
            ],
            [
              120.0718697,
              32.6209841
            ],
            [
              120.0717637,
              32.6214242
            ],
            [
              120.0715861,
              32.6218348
            ],
            [
              120.0715167,
              32.621838
            ],
            [
              120.0714185,
              32.6221204
            ],
            [
              120.0712316,
              32.6224806
            ],
            [
              120.0710557,
              32.6226882
            ],
            [
              120.0709062,
              32.6229874
            ],
            [
              120.0708628,
              32.6230173
            ],
            [
              120.0708071,
              32.623022
            ],
            [
              120.0707457,
              32.6229875
            ],
            [
              120.07073,
              32.6229343
            ],
            [
              120.070855,
              32.6226714
            ],
            [
              120.0708226,
              32.6226428
            ],
            [
              120.0707483,
              32.6226728
            ],
            [
              120.070771,
              32.6225973
            ],
            [
              120.0707882,
              32.6226188
            ],
            [
              120.0709092,
              32.6225814
            ]
          ]
        ]
      }
    },
    {
      "type": "Feature",
      "id": "cn0000385-h18-green_fringe-0",
      "properties": {
        "course_id": "cn0000385",
        "hole": 18,
        "feature_type": "green_fringe",
        "index": 0
      },
      "geometry": {
        "type": "Polygon",
        "coordinates": [
          [
            [
              120.0715933,
              32.6184942
            ],
            [
              120.0715561,
              32.6184944
            ],
            [
              120.0715191,
              32.618504
            ],
            [
              120.0714843,
              32.6185226
            ],
            [
              120.0714532,
              32.6185491
            ],
            [
              120.0714276,
              32.6185824
            ],
            [
              120.0714086,
              32.6186206
            ],
            [
              120.0713973,
              32.6186619
            ],
            [
              120.0713942,
              32.6187042
            ],
            [
              120.0713995,
              32.6187455
            ],
            [
              120.0714128,
              32.6187835
            ],
            [
              120.0714336,
              32.6188165
            ],
            [
              120.0714607,
              32.6188428
            ],
            [
              120.0714929,
              32.6188609
            ],
            [
              120.0715285,
              32.6188702
            ],
            [
              120.0715657,
              32.61887
            ],
            [
              120.0716027,
              32.6188604
            ],
            [
              120.0716375,
              32.6188418
            ],
            [
              120.0716686,
              32.6188153
            ],
            [
              120.0716942,
              32.618782
            ],
            [
              120.0717132,
              32.6187438
            ],
            [
              120.0717245,
              32.6187025
            ],
            [
              120.0717276,
              32.6186602
            ],
            [
              120.0717223,
              32.6186189
            ],
            [
              120.071709,
              32.6185809
            ],
            [
              120.0716882,
              32.6185479
            ],
            [
              120.0716611,
              32.6185216
            ],
            [
              120.0716289,
              32.6185035
            ],
            [
              120.0715933,
              32.6184942
            ]
          ]
        ]
      }
    },
    {
      "type": "Feature",
      "id": "cn0000385-h18-green-0",
      "properties": {
        "course_id": "cn0000385",
        "hole": 18,
        "feature_type": "green",
        "index": 0
      },
      "geometry": {
        "type": "Polygon",
        "coordinates": [
          [
            [
              120.0715871,
              32.61853
            ],
            [
              120.0715595,
              32.6185305
            ],
            [
              120.0715319,
              32.6185386
            ],
            [
              120.0715058,
              32.6185538
            ],
            [
              120.0714824,
              32.6185755
            ],
            [
              120.0714629,
              32.6186026
            ],
            [
              120.0714484,
              32.6186337
            ],
            [
              120.0714395,
              32.6186671
            ],
            [
              120.0714367,
              32.6187014
            ],
            [
              120.0714402,
              32.6187347
            ],
            [
              120.0714497,
              32.6187653
            ],
            [
              120.0714647,
              32.6187918
            ],
            [
              120.0714846,
              32.6188128
            ],
            [
              120.0715083,
              32.6188272
            ],
            [
              120.0715347,
              32.6188344
            ],
            [
              120.0715623,
              32.6188339
            ],
            [
              120.0715899,
              32.6188258
            ],
            [
              120.071616,
              32.6188106
            ],
            [
              120.0716394,
              32.6187889
            ],
            [
              120.0716589,
              32.6187618
            ],
            [
              120.0716734,
              32.6187307
            ],
            [
              120.0716823,
              32.6186973
            ],
            [
              120.0716851,
              32.618663
            ],
            [
              120.0716816,
              32.6186297
            ],
            [
              120.0716721,
              32.6185991
            ],
            [
              120.0716571,
              32.6185726
            ],
            [
              120.0716372,
              32.6185516
            ],
            [
              120.0716135,
              32.6185372
            ],
            [
              120.0715871,
              32.61853
            ]
          ]
        ]
      }
    },
    {
      "type": "Feature",
      "id": "cn0000385-h18-bunker-0",
      "properties": {
        "course_id": "cn0000385",
        "hole": 18,
        "feature_type": "bunker",
        "index": 0
      },
      "geometry": {
        "type": "Polygon",
        "coordinates": [
          [
            [
              120.0721281,
              32.6188973
            ],
            [
              120.072054,
              32.6189521
            ],
            [
              120.0721293,
              32.6190121
            ],
            [
              120.0720756,
              32.6190562
            ],
            [
              120.0720106,
              32.6190633
            ],
            [
              120.0719366,
              32.6190117
            ],
            [
              120.0719181,
              32.6189626
            ],
            [
              120.0720143,
              32.6188373
            ],
            [
              120.0720996,
              32.6188195
            ],
            [
              120.0721281,
              32.6188973
            ]
          ]
        ]
      }
    },
    {
      "type": "Feature",
      "id": "cn0000385-h18-bunker-1",
      "properties": {
        "course_id": "cn0000385",
        "hole": 18,
        "feature_type": "bunker",
        "index": 1
      },
      "geometry": {
        "type": "Polygon",
        "coordinates": [
          [
            [
              120.0714897,
              32.620747
            ],
            [
              120.0715359,
              32.6208061
            ],
            [
              120.0714731,
              32.6208764
            ],
            [
              120.0713976,
              32.6208577
            ],
            [
              120.0713701,
              32.6208253
            ],
            [
              120.0714514,
              32.6207429
            ],
            [
              120.0714897,
              32.620747
            ]
          ]
        ]
      }
    },
    {
      "type": "Feature",
      "id": "cn0000385-h18-bunker-2",
      "properties": {
        "course_id": "cn0000385",
        "hole": 18,
        "feature_type": "bunker",
        "index": 2
      },
      "geometry": {
        "type": "Polygon",
        "coordinates": [
          [
            [
              120.0719537,
              32.6193272
            ],
            [
              120.0719363,
              32.6194173
            ],
            [
              120.0718954,
              32.6194384
            ],
            [
              120.0718267,
              32.6193544
            ],
            [
              120.071912,
              32.6192991
            ],
            [
              120.0719537,
              32.6193272
            ]
          ]
        ]
      }
    },
    {
      "type": "Feature",
      "id": "cn0000385-h18-bunker-3",
      "properties": {
        "course_id": "cn0000385",
        "hole": 18,
        "feature_type": "bunker",
        "index": 3
      },
      "geometry": {
        "type": "Polygon",
        "coordinates": [
          [
            [
              120.0717732,
              32.619236
            ],
            [
              120.0718999,
              32.6192401
            ],
            [
              120.071794,
              32.6193058
            ],
            [
              120.07175,
              32.6192474
            ],
            [
              120.0717732,
              32.619236
            ]
          ]
        ]
      }
    },
    {
      "type": "Feature",
      "id": "cn0000385-h18-bunker-4",
      "properties": {
        "course_id": "cn0000385",
        "hole": 18,
        "feature_type": "bunker",
        "index": 4
      },
      "geometry": {
        "type": "Polygon",
        "coordinates": [
          [
            [
              120.0718422,
              32.6186607
            ],
            [
              120.071797,
              32.6186778
            ],
            [
              120.0717332,
              32.618669
            ],
            [
              120.0717747,
              32.6186659
            ],
            [
              120.0718422,
              32.6186607
            ]
          ]
        ]
      }
    },
    {
      "type": "Feature",
      "id": "cn0000385-h18-water-0",
      "properties": {
        "course_id": "cn0000385",
        "hole": 18,
        "feature_type": "water",
        "index": 0
      },
      "geometry": {
        "type": "Polygon",
        "coordinates": [
          [
            [
              120.0708836,
              32.6226255
            ],
            [
              120.0707388,
              32.6225916
            ],
            [
              120.0707254,
              32.6225713
            ],
            [
              120.0707012,
              32.6225622
            ],
            [
              120.0707012,
              32.6225419
            ],
            [
              120.0706905,
              32.6225238
            ],
            [
              120.0706637,
              32.6225035
            ],
            [
              120.0706556,
              32.6224809
            ],
            [
              120.0706315,
              32.6224583
            ],
            [
              120.0706288,
              32.6224131
            ],
            [
              120.0706422,
              32.6223996
            ],
            [
              120.0706422,
              32.622368
            ],
            [
              120.070653,
              32.6223408
            ],
            [
              120.0706503,
              32.622307
            ],
            [
              120.0706369,
              32.6222821
            ],
            [
              120.0706422,
              32.6222505
            ],
            [
              120.0706342,
              32.6222437
            ],
            [
              120.0706422,
              32.6222189
            ],
            [
              120.0706342,
              32.6221895
            ],
            [
              120.0706342,
              32.6221579
            ],
            [
              120.0706422,
              32.6221511
            ],
            [
              120.0706369,
              32.622124
            ],
            [
              120.0706449,
              32.6221104
            ],
            [
              120.070653,
              32.6220268
            ],
            [
              120.0706422,
              32.6219613
            ],
            [
              120.0706637,
              32.6219297
            ],
            [
              120.0706637,
              32.6219139
            ],
            [
              120.070653,
              32.6219026
            ],
            [
              120.0706556,
              32.6218551
            ],
            [
              120.0706422,
              32.6218461
            ],
            [
              120.0706422,
              32.6218213
            ],
            [
              120.0706583,
              32.6217987
            ],
            [
              120.0706637,
              32.6217535
            ],
            [
              120.0706556,
              32.6217467
            ],
            [
              120.0706556,
              32.6217106
            ],
            [
              120.0706449,
              32.621688
            ],
            [
              120.0705966,
              32.6216405
            ],
            [
              120.0705993,
              32.6216292
            ],
            [
              120.0706127,
              32.6216202
            ],
            [
              120.070602,
              32.6215728
            ],
            [
              120.0705805,
              32.6215434
            ],
            [
              120.0705537,
              32.6215253
            ],
            [
              120.0704196,
              32.621505
            ],
            [
              120.0703928,
              32.6214914
            ],
            [
              120.070374,
              32.6214711
            ],
            [
              120.070374,
              32.6214327
            ],
            [
              120.0704008,
              32.6214056
            ],
            [
              120.0704303,
              32.6214146
            ],
            [
              120.070484,
              32.6214146
            ],
            [
              120.0705054,
              32.6214056
            ],
            [
              120.0706127,
              32.6214146
            ],
            [
              120.0706342,
              32.6214078
            ],
            [
              120.0706449,
              32.6213898
            ],
            [
              120.0706342,
              32.6213807
            ],
            [
              120.07061,
              32.6213762
            ],
            [
              120.0705296,
              32.6213785
            ],
            [
              120.0705135,
              32.6213853
            ],
            [
              120.0704733,
              32.6213762
            ],
            [
              120.0704142,
              32.6213762
            ],
            [
              120.070425,
              32.6213649
            ],
            [
              120.0704303,
              32.621331
            ],
            [
              120.0704196,
              32.6213197
            ],
            [
              120.0704169,
              32.6212972
            ],
            [
              120.0703928,
              32.62127
            ],
            [
              120.0703928,
              32.621252
            ],
            [
              120.0703767,
              32.6212407
            ],
            [
              120.0703767,
              32.6212226
            ],
            [
              120.0704008,
              32.621209
            ],
            [
              120.0704035,
              32.6211819
            ],
            [
              120.0704464,
              32.6211526
            ],
            [
              120.0704491,
              32.6211051
            ],
            [
              120.0704411,
              32.6210916
            ],
            [
              120.0704679,
              32.6210599
            ],
            [
              120.0704947,
              32.6210419
            ],
            [
              120.0705081,
              32.6210441
            ],
            [
              120.070543,
              32.6210351
            ],
            [
              120.0705591,
              32.6210125
            ],
            [
              120.0706181,
              32.6210012
            ],
            [
              120.0706261,
              32.6209944
            ],
            [
              120.0706261,
              32.6209718
            ],
            [
              120.0706396,
              32.6209673
            ],
            [
              120.0706583,
              32.6209425
            ],
            [
              120.0706851,
              32.6209267
            ],
            [
              120.0706986,
              32.6208973
            ],
            [
              120.0707388,
              32.6208702
            ],
            [
              120.0707415,
              32.6208476
            ],
            [
              120.0707603,
              32.6208295
            ],
            [
              120.0707737,
              32.6207934
            ],
            [
              120.0708139,
              32.6207708
            ],
            [
              120.0708112,
              32.6207233
            ],
            [
              120.0708166,
              32.6206872
            ],
            [
              120.0708273,
              32.6206736
            ],
            [
              120.0708622,
              32.6206488
            ],
            [
              120.0709265,
              32.6206556
            ],
            [
              120.0709534,
              32.620642
            ],
            [
              120.0709426,
              32.6206239
            ],
            [
              120.0709131,
              32.6206149
            ],
            [
              120.0709239,
              32.6205607
            ],
            [
              120.0708997,
              32.6205245
            ],
            [
              120.0708944,
              32.6204726
            ],
            [
              120.0708836,
              32.6204613
            ],
            [
              120.0708836,
              32.62045
            ],
            [
              120.0708622,
              32.6204364
            ],
            [
              120.0708407,
              32.6204003
            ],
            [
              120.0708327,
              32.6203619
            ],
            [
              120.0708836,
              32.6203325
            ],
            [
              120.070889,
              32.6203122
            ],
            [
              120.0708836,
              32.6202693
            ],
            [
              120.0709078,
              32.6202512
            ],
            [
              120.0709695,
              32.6202557
            ],
            [
              120.071007,
              32.6202489
            ],
            [
              120.0710365,
              32.6202602
            ],
            [
              120.071117,
              32.620328
            ],
            [
              120.0711223,
              32.6204048
            ],
            [
              120.0711384,
              32.6204251
            ],
            [
              120.0711384,
              32.6204455
            ],
            [
              120.0711679,
              32.6204816
            ],
            [
              120.0711706,
              32.6205155
            ],
            [
              120.071184,
              32.6205291
            ],
            [
              120.0711867,
              32.6205629
            ],
            [
              120.071176,
              32.6206194
            ],
            [
              120.0711036,
              32.6206194
            ],
            [
              120.0710875,
              32.6206285
            ],
            [
              120.0710875,
              32.6206375
            ],
            [
              120.071117,
              32.6206556
            ],
            [
              120.0711545,
              32.6206556
            ],
            [
              120.0711384,
              32.6206759
            ],
            [
              120.0711358,
              32.6207008
            ],
            [
              120.0711706,
              32.6207663
            ],
            [
              120.0711706,
              32.6207956
            ],
            [
              120.0711787,
              32.6208205
            ],
            [
              120.0711572,
              32.620834
            ],
            [
              120.0711572,
              32.6208679
            ],
            [
              120.0711733,
              32.620895
            ],
            [
              120.0711948,
              32.6209131
            ],
            [
              120.0712216,
              32.6209154
            ],
            [
              120.0712296,
              32.6209334
            ],
            [
              120.0712055,
              32.6209447
            ],
            [
              120.071184,
              32.6209447
            ],
            [
              120.071176,
              32.6209515
            ],
            [
              120.071176,
              32.6209651
            ],
            [
              120.0711894,
              32.6209786
            ],
            [
              120.0712296,
              32.6209831
            ],
            [
              120.0712377,
              32.6209899
            ],
            [
              120.0712296,
              32.6210057
            ],
            [
              120.0712377,
              32.6210509
            ],
            [
              120.0712618,
              32.6210667
            ],
            [
              120.0712672,
              32.6211006
            ],
            [
              120.0712618,
              32.6211571
            ],
            [
              120.0712833,
              32.6211819
            ],
            [
              120.0712833,
              32.6212
            ],
            [
              120.0713074,
              32.6212158
            ],
            [
              120.0713128,
              32.621261
            ],
            [
              120.0712886,
              32.6212791
            ],
            [
              120.0712833,
              32.6212949
            ],
            [
              120.0712618,
              32.6213062
            ],
            [
              120.0712618,
              32.6213197
            ],
            [
              120.0712886,
              32.6213604
            ],
            [
              120.0712833,
              32.6214259
            ],
            [
              120.0712967,
              32.6214485
            ],
            [
              120.0712994,
              32.6215005
            ],
            [
              120.0712672,
              32.6215321
            ],
            [
              120.0712645,
              32.6215818
            ],
            [
              120.071286,
              32.6215931
            ],
            [
              120.071286,
              32.621636
            ],
            [
              120.0712699,
              32.6216451
            ],
            [
              120.0712457,
              32.6217015
            ],
            [
              120.071235,
              32.6217083
            ],
            [
              120.071235,
              32.6217219
            ],
            [
              120.0712484,
              32.6217377
            ],
            [
              120.0712833,
              32.6217445
            ],
            [
              120.0712833,
              32.6217693
            ],
            [
              120.0713047,
              32.6217851
            ],
            [
              120.0713074,
              32.6218258
            ],
            [
              120.0713503,
              32.6218506
            ],
            [
              120.0713825,
              32.62188
            ],
            [
              120.0714684,
              32.6219048
            ],
            [
              120.071522,
              32.6219048
            ],
            [
              120.0715542,
              32.6219229
            ],
            [
              120.071573,
              32.6219433
            ],
            [
              120.0716347,
              32.6219726
            ],
            [
              120.0716454,
              32.6219862
            ],
            [
              120.0716132,
              32.6220088
            ],
            [
              120.0715944,
              32.6219884
            ],
            [
              120.0715488,
              32.6219884
            ],
            [
              120.07153,
              32.6219997
            ],
            [
              120.0715274,
              32.6220133
            ],
            [
              120.0715166,
              32.6220201
            ],
            [
              120.0714925,
              32.6220223
            ],
            [
              120.0714791,
              32.6220336
            ],
            [
              120.0714603,
              32.6220246
            ],
            [
              120.0714442,
              32.6220268
            ],
            [
              120.0714254,
              32.6220607
            ],
            [
              120.0714067,
              32.6220675
            ],
            [
              120.0713933,
              32.6220856
            ],
            [
              120.0713664,
              32.6220878
            ],
            [
              120.0713477,
              32.6221217
            ],
            [
              120.0713289,
              32.622133
            ],
            [
              120.0713342,
              32.6221601
            ],
            [
              120.0713101,
              32.6221737
            ],
            [
              120.0713047,
              32.6222053
            ],
            [
              120.0712886,
              32.6222369
            ],
            [
              120.071235,
              32.6222753
            ],
            [
              120.071235,
              32.622307
            ],
            [
              120.0712001,
              32.6223386
            ],
            [
              120.0712001,
              32.6223521
            ],
            [
              120.0711706,
              32.6223567
            ],
            [
              120.0711599,
              32.6223657
            ],
            [
              120.0711679,
              32.622386
            ],
            [
              120.0711358,
              32.6224086
            ],
            [
              120.0711116,
              32.6224583
            ],
            [
              120.0710794,
              32.6224899
            ],
            [
              120.0710768,
              32.6225058
            ],
            [
              120.0710499,
              32.6225216
            ],
            [
              120.0710043,
              32.6225645
            ],
            [
              120.0710043,
              32.6225713
            ],
            [
              120.0709856,
              32.6225758
            ],
            [
              120.07094,
              32.6226074
            ],
            [
              120.0708836,
              32.6226255
            ]
          ]
        ]
      }
    },
    {
      "type": "Feature",
      "id": "cn0000385-h18-water-1",
      "properties": {
        "course_id": "cn0000385",
        "hole": 18,
        "feature_type": "water",
        "index": 1
      },
      "geometry": {
        "type": "Polygon",
        "coordinates": [
          [
            [
              120.0734827,
              32.6259779
            ],
            [
              120.0734156,
              32.6259688
            ],
            [
              120.0733888,
              32.6259824
            ],
            [
              120.0733459,
              32.6259643
            ],
            [
              120.0733003,
              32.6259643
            ],
            [
              120.0732788,
              32.6259553
            ],
            [
              120.0732386,
              32.6259575
            ],
            [
              120.0732064,
              32.625935
            ],
            [
              120.0731876,
              32.6259417
            ],
            [
              120.0731716,
              32.625935
            ],
            [
              120.0731394,
              32.625935
            ],
            [
              120.073075,
              32.6259598
            ],
            [
              120.0730535,
              32.6259282
            ],
            [
              120.0730509,
              32.6259078
            ],
            [
              120.0730053,
              32.6258559
            ],
            [
              120.0730079,
              32.6258288
            ],
            [
              120.0729999,
              32.625822
            ],
            [
              120.0729007,
              32.6257994
            ],
            [
              120.0728819,
              32.6257701
            ],
            [
              120.0728658,
              32.6257633
            ],
            [
              120.0728443,
              32.6257655
            ],
            [
              120.0728121,
              32.6257407
            ],
            [
              120.0727317,
              32.6257362
            ],
            [
              120.0726995,
              32.6257158
            ],
            [
              120.0727049,
              32.6256413
            ],
            [
              120.0727719,
              32.6256435
            ],
            [
              120.0727987,
              32.62563
            ],
            [
              120.0727987,
              32.6256187
            ],
            [
              120.07278,
              32.6256074
            ],
            [
              120.0727129,
              32.6256074
            ],
            [
              120.0727102,
              32.6255893
            ],
            [
              120.0726834,
              32.6255645
            ],
            [
              120.0726888,
              32.6255396
            ],
            [
              120.0727129,
              32.6255058
            ],
            [
              120.0727049,
              32.6254651
            ],
            [
              120.072737,
              32.6254561
            ],
            [
              120.0727478,
              32.6254357
            ],
            [
              120.0727183,
              32.6254244
            ],
            [
              120.0727236,
              32.6254109
            ],
            [
              120.0727102,
              32.6253092
            ],
            [
              120.0726968,
              32.6253002
            ],
            [
              120.0726968,
              32.6252844
            ],
            [
              120.0726619,
              32.625255
            ],
            [
              120.0726566,
              32.6252256
            ],
            [
              120.0726297,
              32.6252143
            ],
            [
              120.0726137,
              32.6251918
            ],
            [
              120.0725922,
              32.625185
            ],
            [
              120.0725868,
              32.6251466
            ],
            [
              120.0725439,
              32.6251036
            ],
            [
              120.0725439,
              32.6250675
            ],
            [
              120.0725278,
              32.6250585
            ],
            [
              120.0725251,
              32.6250314
            ],
            [
              120.0725091,
              32.6250178
            ],
            [
              120.0725037,
              32.6249907
            ],
            [
              120.0725091,
              32.6249591
            ],
            [
              120.072493,
              32.624941
            ],
            [
              120.072493,
              32.6249207
            ],
            [
              120.0724715,
              32.6249094
            ],
            [
              120.0724715,
              32.624889
            ],
            [
              120.0724527,
              32.624871
            ],
            [
              120.0724527,
              32.6248393
            ],
            [
              120.0724366,
              32.6248303
            ],
            [
              120.0723991,
              32.6248371
            ],
            [
              120.0723937,
              32.6247919
            ],
            [
              120.0723857,
              32.6247851
            ],
            [
              120.0723508,
              32.6247784
            ],
            [
              120.0723508,
              32.6247671
            ],
            [
              120.0723186,
              32.6247354
            ],
            [
              120.0722811,
              32.6247377
            ],
            [
              120.0722221,
              32.6247106
            ],
            [
              120.0722221,
              32.624697
            ],
            [
              120.0722113,
              32.6246903
            ],
            [
              120.0722167,
              32.6246609
            ],
            [
              120.0721979,
              32.6246518
            ],
            [
              120.0721791,
              32.6246609
            ],
            [
              120.0721523,
              32.6246564
            ],
            [
              120.0721228,
              32.6246293
            ],
            [
              120.0721014,
              32.6246225
            ],
            [
              120.0721014,
              32.6246067
            ],
            [
              120.0720879,
              32.6245886
            ],
            [
              120.0720611,
              32.6245841
            ],
            [
              120.0720423,
              32.6245705
            ],
            [
              120.072037,
              32.6245502
            ],
            [
              120.0720021,
              32.6245344
            ],
            [
              120.0719914,
              32.6245073
            ],
            [
              120.0719619,
              32.6244892
            ],
            [
              120.0719592,
              32.6244689
            ],
            [
              120.0719431,
              32.6244463
            ],
            [
              120.0719833,
              32.6244214
            ],
            [
              120.0719646,
              32.6243627
            ],
            [
              120.0719646,
              32.6243265
            ],
            [
              120.0719753,
              32.6243175
            ],
            [
              120.0719753,
              32.624304
            ],
            [
              120.0719351,
              32.6242746
            ],
            [
              120.0719056,
              32.6242678
            ],
            [
              120.0718948,
              32.6242543
            ],
            [
              120.071868,
              32.6242543
            ],
            [
              120.0718707,
              32.6242452
            ],
            [
              120.0718895,
              32.6242475
            ],
            [
              120.0719109,
              32.6242339
            ],
            [
              120.0719807,
              32.6242339
            ],
            [
              120.0720048,
              32.6242272
            ],
            [
              120.0720155,
              32.6242317
            ],
            [
              120.0720933,
              32.6242294
            ],
            [
              120.0721148,
              32.6242362
            ],
            [
              120.0721416,
              32.6242204
            ],
            [
              120.0721335,
              32.6242023
            ],
            [
              120.0721014,
              32.6241933
            ],
            [
              120.0720745,
              32.6242
            ],
            [
              120.0720209,
              32.6241978
            ],
            [
              120.0720102,
              32.6242023
            ],
            [
              120.0719538,
              32.6241978
            ],
            [
              120.071927,
              32.6241865
            ],
            [
              120.0719565,
              32.6241549
            ],
            [
              120.0719565,
              32.6241391
            ],
            [
              120.071978,
              32.6241345
            ],
            [
              120.0719994,
              32.6241052
            ],
            [
              120.0719994,
              32.6240939
            ],
            [
              120.0719887,
              32.6240848
            ],
            [
              120.0719672,
              32.6240803
            ],
            [
              120.0719699,
              32.624069
            ],
            [
              120.0720128,
              32.6240826
            ],
            [
              120.0720263,
              32.6240803
            ],
            [
              120.0720343,
              32.6240645
            ],
            [
              120.0720155,
              32.6240555
            ],
            [
              120.0720155,
              32.6240487
            ],
            [
              120.0720477,
              32.6240397
            ],
            [
              120.0720611,
              32.6240284
            ],
            [
              120.0720665,
              32.6240058
            ],
            [
              120.0720879,
              32.623999
            ],
            [
              120.072096,
              32.6239809
            ],
            [
              120.0721228,
              32.6239583
            ],
            [
              120.0721148,
              32.6239335
            ],
            [
              120.0721282,
              32.6239244
            ],
            [
              120.0721255,
              32.6238725
            ],
            [
              120.0721496,
              32.6238341
            ],
            [
              120.072147,
              32.6238092
            ],
            [
              120.0721577,
              32.6237957
            ],
            [
              120.0721577,
              32.6237821
            ],
            [
              120.072147,
              32.6237753
            ],
            [
              120.0721577,
              32.6237256
            ],
            [
              120.0721335,
              32.6237098
            ],
            [
              120.0721335,
              32.6236556
            ],
            [
              120.072206,
              32.6236511
            ],
            [
              120.0722167,
              32.6236421
            ],
            [
              120.0722167,
              32.6236308
            ],
            [
              120.0721952,
              32.6236172
            ],
            [
              120.0721282,
              32.6236195
            ],
            [
              120.0721201,
              32.623615
            ],
            [
              120.0721228,
              32.6235946
            ],
            [
              120.072104,
              32.6235856
            ],
            [
              120.072104,
              32.6235585
            ],
            [
              120.0720665,
              32.6235223
            ],
            [
              120.0720665,
              32.6234546
            ],
            [
              120.0720584,
              32.6234478
            ],
            [
              120.0720531,
              32.6234071
            ],
            [
              120.072045,
              32.6234003
            ],
            [
              120.0720397,
              32.6233755
            ],
            [
              120.0720236,
              32.6233665
            ],
            [
              120.0720155,
              32.6233461
            ],
            [
              120.0719941,
              32.6233258
            ],
            [
              120.0719941,
              32.62331
            ],
            [
              120.0719672,
              32.6232964
            ],
            [
              120.0719699,
              32.6232738
            ],
            [
              120.0719619,
              32.6232671
            ],
            [
              120.0719056,
              32.623249
            ],
            [
              120.0718868,
              32.6232332
            ],
            [
              120.0718787,
              32.6232083
            ],
            [
              120.0718465,
              32.6231835
            ],
            [
              120.0717956,
              32.6231699
            ],
            [
              120.071758,
              32.6231767
            ],
            [
              120.0716963,
              32.6231428
            ],
            [
              120.0716695,
              32.6231519
            ],
            [
              120.0716454,
              32.6231406
            ],
            [
              120.0716186,
              32.6231406
            ],
            [
              120.0716105,
              32.623136
            ],
            [
              120.0716105,
              32.6231247
            ],
            [
              120.0716373,
              32.6231089
            ],
            [
              120.0716293,
              32.6230909
            ],
            [
              120.0715917,
              32.6230976
            ],
            [
              120.0715783,
              32.6230818
            ],
            [
              120.0715461,
              32.6230796
            ],
            [
              120.0715247,
              32.6230705
            ],
            [
              120.071514,
              32.6230547
            ],
            [
              120.0714764,
              32.6230592
            ],
            [
              120.0714603,
              32.6230412
            ],
            [
              120.0714791,
              32.6230231
            ],
            [
              120.0714925,
              32.6230208
            ],
            [
              120.071522,
              32.6230434
            ],
            [
              120.0715569,
              32.6230412
            ],
            [
              120.0715837,
              32.6230637
            ],
            [
              120.0716373,
              32.6230412
            ],
            [
              120.0716373,
              32.6230276
            ],
            [
              120.0716293,
              32.6230208
            ],
            [
              120.0715998,
              32.623014
            ],
            [
              120.0716025,
              32.6229892
            ],
            [
              120.0716266,
              32.6229779
            ],
            [
              120.0716266,
              32.6229689
            ],
            [
              120.0716078,
              32.6229598
            ],
            [
              120.0716078,
              32.6229327
            ],
            [
              120.0716186,
              32.6228898
            ],
            [
              120.071632,
              32.6228808
            ],
            [
              120.0716266,
              32.6228514
            ],
            [
              120.0716132,
              32.6228401
            ],
            [
              120.0716105,
              32.622813
            ],
            [
              120.0716239,
              32.622804
            ],
            [
              120.0716266,
              32.6227859
            ],
            [
              120.0716534,
              32.6227588
            ],
            [
              120.0716454,
              32.6227294
            ],
            [
              120.0716507,
              32.6226865
            ],
            [
              120.07164,
              32.6226707
            ],
            [
              120.0716454,
              32.6226503
            ],
            [
              120.0716642,
              32.6226255
            ],
            [
              120.0716642,
              32.6226097
            ],
            [
              120.0716507,
              32.6225871
            ],
            [
              120.0716507,
              32.62256
            ],
            [
              120.0716373,
              32.6225532
            ],
            [
              120.0716561,
              32.6225284
            ],
            [
              120.0716534,
              32.6224899
            ],
            [
              120.0716615,
              32.6224764
            ],
            [
              120.0716856,
              32.6224651
            ],
            [
              120.0716883,
              32.6224402
            ],
            [
              120.0717124,
              32.622429
            ],
            [
              120.0717232,
              32.6224109
            ],
            [
              120.0717393,
              32.6224018
            ],
            [
              120.0717312,
              32.6223521
            ],
            [
              120.0717527,
              32.6223386
            ],
            [
              120.0717553,
              32.6223228
            ],
            [
              120.0717285,
              32.6223137
            ],
            [
              120.0717258,
              32.6223047
            ],
            [
              120.0717339,
              32.6223002
            ],
            [
              120.07175,
              32.622307
            ],
            [
              120.0717661,
              32.6222979
            ],
            [
              120.0717553,
              32.6222708
            ],
            [
              120.0718144,
              32.6222527
            ],
            [
              120.0718278,
              32.6222392
            ],
            [
              120.0718305,
              32.6222143
            ],
            [
              120.0718492,
              32.622203
            ],
            [
              120.0718573,
              32.6221895
            ],
            [
              120.0718573,
              32.6221669
            ],
            [
              120.0718707,
              32.6221308
            ],
            [
              120.0718841,
              32.6221172
            ],
            [
              120.0718841,
              32.6220969
            ],
            [
              120.0718975,
              32.6220833
            ],
            [
              120.0719029,
              32.6220539
            ],
            [
              120.071919,
              32.6220449
            ],
            [
              120.071919,
              32.6220246
            ],
            [
              120.0719351,
              32.6220133
            ],
            [
              120.0719592,
              32.6219591
            ],
            [
              120.0719565,
              32.6219274
            ],
            [
              120.0719726,
              32.6219184
            ],
            [
              120.0719753,
              32.6219003
            ],
            [
              120.0719914,
              32.6218823
            ],
            [
              120.0719914,
              32.6218732
            ],
            [
              120.071978,
              32.6218642
            ],
            [
              120.0719807,
              32.6218167
            ],
            [
              120.0720155,
              32.6218122
            ],
            [
              120.0720477,
              32.6217716
            ],
            [
              120.0720933,
              32.6217783
            ],
            [
              120.0721255,
              32.6217625
            ],
            [
              120.0721255,
              32.6217512
            ],
            [
              120.0721148,
              32.6217422
            ],
            [
              120.0720638,
              32.6217377
            ],
            [
              120.0720692,
              32.6217173
            ],
            [
              120.0720799,
              32.6217128
            ],
            [
              120.072096,
              32.6217173
            ],
            [
              120.0721121,
              32.6217083
            ],
            [
              120.0721121,
              32.6216948
            ],
            [
              120.0720853,
              32.6216812
            ],
            [
              120.0720987,
              32.6216722
            ],
            [
              120.0720987,
              32.6216518
            ],
            [
              120.0721228,
              32.6215976
            ],
            [
              120.0721389,
              32.6215931
            ],
            [
              120.072163,
              32.6215728
            ],
            [
              120.0721657,
              32.6215253
            ],
            [
              120.0721496,
              32.6215163
            ],
            [
              120.0721255,
              32.6215344
            ],
            [
              120.0721201,
              32.6215095
            ],
            [
              120.0721282,
              32.621505
            ],
            [
              120.0721443,
              32.6215118
            ],
            [
              120.0721872,
              32.621496
            ],
            [
              120.0721979,
              32.6214756
            ],
            [
              120.0722247,
              32.6214553
            ],
            [
              120.0722569,
              32.6214688
            ],
            [
              120.0722677,
              32.6214666
            ],
            [
              120.0722918,
              32.6214372
            ],
            [
              120.0722945,
              32.6214078
            ],
            [
              120.072324,
              32.6213875
            ],
            [
              120.0723374,
              32.6213581
            ],
            [
              120.0723615,
              32.6213559
            ],
            [
              120.0723749,
              32.6213469
            ],
            [
              120.0723749,
              32.621331
            ],
            [
              120.0723884,
              32.6213175
            ],
            [
              120.072391,
              32.6212994
            ],
            [
              120.0724205,
              32.6212994
            ],
            [
              120.0724393,
              32.6212881
            ],
            [
              120.0724393,
              32.6212768
            ],
            [
              120.0724232,
              32.621261
            ],
            [
              120.0724232,
              32.6212429
            ],
            [
              120.0724554,
              32.6212226
            ],
            [
              120.0724608,
              32.6211639
            ],
            [
              120.0724742,
              32.6211526
            ],
            [
              120.0724903,
              32.6211187
            ],
            [
              120.0725064,
              32.6211096
            ],
            [
              120.0725064,
              32.6210961
            ],
            [
              120.072493,
              32.6210758
            ],
            [
              120.072501,
              32.6210622
            ],
            [
              120.0724983,
              32.6210283
            ],
            [
              120.0725117,
              32.6210148
            ],
            [
              120.0725117,
              32.6209967
            ],
            [
              120.0725251,
              32.6209877
            ],
            [
              120.0725251,
              32.6209718
            ],
            [
              120.0725064,
              32.6209493
            ],
            [
              120.0725144,
              32.6209221
            ],
            [
              120.0725064,
              32.6208724
            ],
            [
              120.0725144,
              32.6208499
            ],
            [
              120.0724849,
              32.6207708
            ],
            [
              120.0724849,
              32.6207392
            ],
            [
              120.0724527,
              32.6207053
            ],
            [
              120.0724581,
              32.6206962
            ],
            [
              120.0724554,
              32.620651
            ],
            [
              120.0724205,
              32.6206398
            ],
            [
              120.0723964,
              32.6206194
            ],
            [
              120.0724018,
              32.6205833
            ],
            [
              120.0723937,
              32.6205765
            ],
            [
              120.0723562,
              32.620572
            ],
            [
              120.0723535,
              32.6205494
            ],
            [
              120.0723186,
              32.6205381
            ],
            [
              120.0723267,
              32.6205268
            ],
            [
              120.0723535,
              32.6205291
            ],
            [
              120.0723615,
              32.6205223
            ],
            [
              120.0723588,
              32.6205065
            ],
            [
              120.0723481,
              32.6204974
            ],
            [
              120.0723293,
              32.6204974
            ],
            [
              120.0722998,
              32.6204839
            ],
            [
              120.072265,
              32.6204884
            ],
            [
              120.0722301,
              32.62045
            ],
            [
              120.0722274,
              32.6204319
            ],
            [
              120.072265,
              32.6204025
            ],
            [
              120.072265,
              32.6203913
            ],
            [
              120.0722408,
              32.6203777
            ],
            [
              120.0722408,
              32.6203664
            ],
            [
              120.0722113,
              32.6203461
            ],
            [
              120.0722435,
              32.6203235
            ],
            [
              120.0722435,
              32.6203077
            ],
            [
              120.0722301,
              32.6202986
            ],
            [
              120.0722301,
              32.6202851
            ],
            [
              120.072206,
              32.620267
            ],
            [
              120.0721711,
              32.6202625
            ],
            [
              120.072147,
              32.6202263
            ],
            [
              120.072147,
              32.620215
            ],
            [
              120.0721148,
              32.6201879
            ],
            [
              120.0721121,
              32.6201676
            ],
            [
              120.0720879,
              32.6201382
            ],
            [
              120.0720719,
              32.6201269
            ],
            [
              120.0720477,
              32.6201247
            ],
            [
              120.0720316,
              32.6201156
            ],
            [
              120.0720209,
              32.6200592
            ],
            [
              120.0720048,
              32.6200388
            ],
            [
              120.0720102,
              32.6200027
            ],
            [
              120.071978,
              32.6199823
            ],
            [
              120.0719458,
              32.6199801
            ],
            [
              120.0719324,
              32.6199688
            ],
            [
              120.0718948,
              32.6199643
            ],
            [
              120.0718653,
              32.6199462
            ],
            [
              120.0718412,
              32.6199417
            ],
            [
              120.0718197,
              32.6199462
            ],
            [
              120.0718009,
              32.6199372
            ],
            [
              120.0717795,
              32.6199146
            ],
            [
              120.0717795,
              32.6198965
            ],
            [
              120.0717714,
              32.6198897
            ],
            [
              120.0717741,
              32.6198626
            ],
            [
              120.0717419,
              32.61984
            ],
            [
              120.0717339,
              32.6198174
            ],
            [
              120.071699,
              32.6197971
            ],
            [
              120.0716749,
              32.6197723
            ],
            [
              120.0716481,
              32.6197225
            ],
            [
              120.0716078,
              32.6196977
            ],
            [
              120.071581,
              32.6196593
            ],
            [
              120.0715595,
              32.6196525
            ],
            [
              120.0715569,
              32.6196344
            ],
            [
              120.0715354,
              32.6196186
            ],
            [
              120.0715354,
              32.6196006
            ],
            [
              120.0714952,
              32.6195847
            ],
            [
              120.0714737,
              32.6195622
            ],
            [
              120.0714737,
              32.6195418
            ],
            [
              120.0714254,
              32.6194786
            ],
            [
              120.0714281,
              32.6194537
            ],
            [
              120.0713959,
              32.6194424
            ],
            [
              120.0713986,
              32.6194085
            ],
            [
              120.0713772,
              32.6193859
            ],
            [
              120.0713691,
              32.6193633
            ],
            [
              120.0713772,
              32.6193249
            ],
            [
              120.0713477,
              32.6192933
            ],
            [
              120.0713262,
              32.6192888
            ],
            [
              120.0713208,
              32.6192481
            ],
            [
              120.0713396,
              32.6192278
            ],
            [
              120.0713423,
              32.6192097
            ],
            [
              120.0713584,
              32.6192007
            ],
            [
              120.0713611,
              32.619151
            ],
            [
              120.0714013,
              32.6191148
            ],
            [
              120.0714013,
              32.6191035
            ],
            [
              120.0714308,
              32.6190855
            ],
            [
              120.0714415,
              32.6190674
            ],
            [
              120.0714442,
              32.6190403
            ],
            [
              120.0714576,
              32.6190245
            ],
            [
              120.0714818,
              32.6190132
            ],
            [
              120.0714818,
              32.6189861
            ],
            [
              120.0715113,
              32.618968
            ],
            [
              120.07153,
              32.6189725
            ],
            [
              120.0715488,
              32.6189635
            ],
            [
              120.0716051,
              32.6189635
            ],
            [
              120.0716347,
              32.6189454
            ],
            [
              120.0716749,
              32.6189409
            ],
            [
              120.0717017,
              32.6189206
            ],
            [
              120.071758,
              32.6189002
            ],
            [
              120.0717688,
              32.6188867
            ],
            [
              120.0717902,
              32.6188799
            ],
            [
              120.0718626,
              32.6188844
            ],
            [
              120.0719056,
              32.6188754
            ],
            [
              120.0719216,
              32.6188821
            ],
            [
              120.0720128,
              32.6188844
            ],
            [
              120.0720423,
              32.6188686
            ],
            [
              120.0720343,
              32.6188528
            ],
            [
              120.0720075,
              32.618846
            ],
            [
              120.0719136,
              32.6188528
            ],
            [
              120.0718975,
              32.6188483
            ],
            [
              120.0719163,
              32.618785
            ],
            [
              120.0719512,
              32.6187556
            ],
            [
              120.0719512,
              32.6187466
            ],
            [
              120.071927,
              32.6187285
            ],
            [
              120.0719404,
              32.6187217
            ],
            [
              120.0719565,
              32.6187376
            ],
            [
              120.0719726,
              32.6187398
            ],
            [
              120.0720316,
              32.6187217
            ],
            [
              120.0720423,
              32.6187127
            ],
            [
              120.072037,
              32.6186879
            ],
            [
              120.0720584,
              32.6186879
            ],
            [
              120.0720745,
              32.6186788
            ],
            [
              120.0720745,
              32.6186698
            ],
            [
              120.0720477,
              32.6186562
            ],
            [
              120.0720263,
              32.6186585
            ],
            [
              120.0720182,
              32.6186766
            ],
            [
              120.0720021,
              32.6186833
            ],
            [
              120.0719538,
              32.6186743
            ],
            [
              120.0719592,
              32.618654
            ],
            [
              120.0719726,
              32.6186449
            ],
            [
              120.0719887,
              32.6186653
            ],
            [
              120.0720102,
              32.6186653
            ],
            [
              120.0720209,
              32.6186404
            ],
            [
              120.072037,
              32.6186291
            ],
            [
              120.0720477,
              32.6186088
            ],
            [
              120.0720477,
              32.6185952
            ],
            [
              120.0720316,
              32.6185817
            ],
            [
              120.0720289,
              32.6185501
            ],
            [
              120.072037,
              32.6185433
            ],
            [
              120.0720879,
              32.6185523
            ],
            [
              120.0720799,
              32.6185817
            ],
            [
              120.0720987,
              32.618593
            ],
            [
              120.0721201,
              32.6185907
            ],
            [
              120.0721604,
              32.6185613
            ],
            [
              120.0721765,
              32.6185907
            ],
            [
              120.0721979,
              32.6186043
            ],
            [
              120.0721979,
              32.6186201
            ],
            [
              120.0722247,
              32.6186359
            ],
            [
              120.0722355,
              32.6186517
            ],
            [
              120.072265,
              32.6186517
            ],
            [
              120.0722811,
              32.6186427
            ],
            [
              120.0722811,
              32.6186223
            ],
            [
              120.0723025,
              32.6186088
            ],
            [
              120.0723025,
              32.618593
            ],
            [
              120.072273,
              32.6185817
            ],
            [
              120.0722381,
              32.6185388
            ],
            [
              120.0722033,
              32.6185275
            ],
            [
              120.0721979,
              32.6185094
            ],
            [
              120.0721738,
              32.6184936
            ],
            [
              120.0721577,
              32.6185026
            ],
            [
              120.0721577,
              32.6185184
            ],
            [
              120.072147,
              32.6185275
            ],
            [
              120.0721094,
              32.6185139
            ],
            [
              120.0721094,
              32.6184981
            ],
            [
              120.0720853,
              32.6184755
            ],
            [
              120.0720665,
              32.6184732
            ],
            [
              120.0720397,
              32.6184868
            ],
            [
              120.0720102,
              32.6184868
            ],
            [
              120.0719941,
              32.6184755
            ],
            [
              120.0719592,
              32.6184168
            ],
            [
              120.0719699,
              32.6184032
            ],
            [
              120.0719699,
              32.6183896
            ],
            [
              120.0719485,
              32.6183784
            ],
            [
              120.0719485,
              32.6183603
            ],
            [
              120.0719672,
              32.6183467
            ],
            [
              120.0719619,
              32.618297
            ],
            [
              120.071978,
              32.6182812
            ],
            [
              120.0719807,
              32.6182609
            ],
            [
              120.0720048,
              32.6182473
            ],
            [
              120.0720075,
              32.6182202
            ],
            [
              120.0720209,
              32.6182112
            ],
            [
              120.0720209,
              32.6181886
            ],
            [
              120.0720584,
              32.6181863
            ],
            [
              120.0720692,
              32.6181728
            ],
            [
              120.0720799,
              32.6181705
            ],
            [
              120.0720933,
              32.6181524
            ],
            [
              120.0721255,
              32.6181321
            ],
            [
              120.0721255,
              32.6181185
            ],
            [
              120.0721577,
              32.6181005
            ],
            [
              120.0721738,
              32.6180734
            ],
            [
              120.0721979,
              32.6180666
            ],
            [
              120.0722194,
              32.6180485
            ],
            [
              120.0722221,
              32.6180327
            ],
            [
              120.0722703,
              32.6179853
            ],
            [
              120.0722864,
              32.6179514
            ],
            [
              120.0722891,
              32.6179265
            ],
            [
              120.0723079,
              32.617913
            ],
            [
              120.0723132,
              32.617861
            ],
            [
              120.0723374,
              32.6178452
            ],
            [
              120.0723374,
              32.6178339
            ],
            [
              120.0723615,
              32.6178203
            ],
            [
              120.0723642,
              32.6177774
            ],
            [
              120.0723588,
              32.6177684
            ],
            [
              120.0723669,
              32.6177548
            ],
            [
              120.0723615,
              32.6177345
            ],
            [
              120.072391,
              32.61773
            ],
            [
              120.0723991,
              32.6177232
            ],
            [
              120.0723991,
              32.6176848
            ],
            [
              120.0724393,
              32.6176667
            ],
            [
              120.0724474,
              32.6176238
            ],
            [
              120.0725117,
              32.6175809
            ],
            [
              120.0725761,
              32.6175809
            ],
            [
              120.0725895,
              32.6175696
            ],
            [
              120.0725868,
              32.6175357
            ],
            [
              120.0726056,
              32.6175312
            ],
            [
              120.0726163,
              32.6175131
            ],
            [
              120.0726378,
              32.6174995
            ],
            [
              120.0726673,
              32.6174928
            ],
            [
              120.0726807,
              32.6174815
            ],
            [
              120.0726914,
              32.6174295
            ],
            [
              120.0727075,
              32.6174069
            ],
            [
              120.0727344,
              32.6174363
            ],
            [
              120.0727612,
              32.6174408
            ],
            [
              120.07278,
              32.6174295
            ],
            [
              120.0727853,
              32.6174046
            ],
            [
              120.0728014,
              32.6174024
            ],
            [
              120.0728363,
              32.6174431
            ],
            [
              120.072839,
              32.6174566
            ],
            [
              120.0728336,
              32.6174589
            ],
            [
              120.0728175,
              32.6174521
            ],
            [
              120.0727987,
              32.6174543
            ],
            [
              120.0727826,
              32.6174679
            ],
            [
              120.0727826,
              32.6174837
            ],
            [
              120.0727692,
              32.6174928
            ],
            [
              120.0727639,
              32.6175538
            ],
            [
              120.0727773,
              32.6175628
            ],
            [
              120.0727773,
              32.6175786
            ],
            [
              120.072737,
              32.6175854
            ],
            [
              120.0727236,
              32.6176057
            ],
            [
              120.0726807,
              32.6176238
            ],
            [
              120.0726619,
              32.6176577
            ],
            [
              120.0726324,
              32.6176825
            ],
            [
              120.0726324,
              32.6177029
            ],
            [
              120.0726083,
              32.61773
            ],
            [
              120.0726029,
              32.6177593
            ],
            [
              120.0725627,
              32.6177661
            ],
            [
              120.0725305,
              32.6177661
            ],
            [
              120.0725144,
              32.6177593
            ],
            [
              120.0724876,
              32.6177661
            ],
            [
              120.072442,
              32.6177616
            ],
            [
              120.0724205,
              32.6177684
            ],
            [
              120.0723964,
              32.6177616
            ],
            [
              120.0723803,
              32.6177706
            ],
            [
              120.072383,
              32.6177887
            ],
            [
              120.0724018,
              32.6178
            ],
            [
              120.0724527,
              32.6178023
            ],
            [
              120.0724849,
              32.6177932
            ],
            [
              120.0725681,
              32.6177955
            ],
            [
              120.0725949,
              32.6178068
            ],
            [
              120.0725976,
              32.6178474
            ],
            [
              120.0726137,
              32.617861
            ],
            [
              120.0726324,
              32.6178994
            ],
            [
              120.072619,
              32.6179084
            ],
            [
              120.072619,
              32.6179175
            ],
            [
              120.0726002,
              32.617922
            ],
            [
              120.0725842,
              32.6179356
            ],
            [
              120.0725761,
              32.6179672
            ],
            [
              120.0725922,
              32.6179898
            ],
            [
              120.0726002,
              32.6180576
            ],
            [
              120.0726378,
              32.6180869
            ],
            [
              120.0725493,
              32.6180914
            ],
            [
              120.0725412,
              32.6180982
            ],
            [
              120.0725439,
              32.6181163
            ],
            [
              120.07256,
              32.6181253
            ],
            [
              120.0726378,
              32.6181208
            ],
            [
              120.07267,
              32.6181253
            ],
            [
              120.0727022,
              32.6181185
            ],
            [
              120.0727478,
              32.6181253
            ],
            [
              120.0727746,
              32.6181185
            ],
            [
              120.072796,
              32.618096
            ],
            [
              120.0728658,
              32.6180982
            ],
            [
              120.0729007,
              32.6181276
            ],
            [
              120.0729328,
              32.6181321
            ],
            [
              120.072957,
              32.6181231
            ],
            [
              120.0729838,
              32.6181005
            ],
            [
              120.0730079,
              32.6181005
            ],
            [
              120.0730294,
              32.6180892
            ],
            [
              120.0730804,
              32.618096
            ],
            [
              120.0731367,
              32.6180892
            ],
            [
              120.0731876,
              32.6181231
            ],
            [
              120.0731608,
              32.6181344
            ],
            [
              120.0731474,
              32.6181592
            ],
            [
              120.0731286,
              32.6181502
            ],
            [
              120.0731018,
              32.6181502
            ],
            [
              120.0730723,
              32.618166
            ],
            [
              120.0729892,
              32.6181637
            ],
            [
              120.0729543,
              32.6181728
            ],
            [
              120.0729328,
              32.6181547
            ],
            [
              120.0729114,
              32.6181705
            ],
            [
              120.0728765,
              32.6181592
            ],
            [
              120.0728551,
              32.6181705
            ],
            [
              120.0728175,
              32.618166
            ],
            [
              120.0727934,
              32.6181795
            ],
            [
              120.0727558,
              32.6181705
            ],
            [
              120.0727183,
              32.6181886
            ],
            [
              120.0726593,
              32.6181886
            ],
            [
              120.0726163,
              32.6181795
            ],
            [
              120.0725761,
              32.6181592
            ],
            [
              120.0725546,
              32.6181615
            ],
            [
              120.0725278,
              32.6181773
            ],
            [
              120.0724903,
              32.6181818
            ],
            [
              120.0724715,
              32.6182021
            ],
            [
              120.0724688,
              32.618218
            ],
            [
              120.0724152,
              32.6182428
            ],
            [
              120.0723749,
              32.618349
            ],
            [
              120.0723535,
              32.6183648
            ],
            [
              120.0723642,
              32.6184009
            ],
            [
              120.0723454,
              32.6184122
            ],
            [
              120.0723347,
              32.6184416
            ],
            [
              120.0723669,
              32.6184868
            ],
            [
              120.0724205,
              32.6185094
            ],
            [
              120.0724152,
              32.618532
            ],
            [
              120.0724018,
              32.6185433
            ],
            [
              120.0724018,
              32.6185681
            ],
            [
              120.0724313,
              32.6186065
            ],
            [
              120.0724313,
              32.6186449
            ],
            [
              120.0724447,
              32.6186607
            ],
            [
              120.0724474,
              32.6187105
            ],
            [
              120.0724554,
              32.6187195
            ],
            [
              120.0724474,
              32.6187669
            ],
            [
              120.0724581,
              32.618776
            ],
            [
              120.0725064,
              32.6187805
            ],
            [
              120.0725225,
              32.6187873
            ],
            [
              120.0725493,
              32.6188144
            ],
            [
              120.0725761,
              32.6188121
            ],
            [
              120.0726458,
              32.6188324
            ],
            [
              120.0726834,
              32.6188302
            ],
            [
              120.0727451,
              32.6188121
            ],
            [
              120.0728604,
              32.6188076
            ],
            [
              120.072898,
              32.6188121
            ],
            [
              120.0729463,
              32.6188031
            ],
            [
              120.0729811,
              32.6188121
            ],
            [
              120.0729999,
              32.6188031
            ],
            [
              120.0730214,
              32.6188166
            ],
            [
              120.0730589,
              32.6188053
            ],
            [
              120.0730965,
              32.6188234
            ],
            [
              120.0730777,
              32.618837
            ],
            [
              120.0730884,
              32.6188573
            ],
            [
              120.0730696,
              32.6188731
            ],
            [
              120.0730535,
              32.6188663
            ],
            [
              120.0730321,
              32.6188776
            ],
            [
              120.0730133,
              32.6188754
            ],
            [
              120.0729087,
              32.618898
            ],
            [
              120.0728309,
              32.6189025
            ],
            [
              120.0728041,
              32.6189115
            ],
            [
              120.0727639,
              32.6189025
            ],
            [
              120.0727209,
              32.618916
            ],
            [
              120.0726834,
              32.6189138
            ],
            [
              120.0726217,
              32.6189318
            ],
            [
              120.0725976,
              32.6189477
            ],
            [
              120.0725949,
              32.6189635
            ],
            [
              120.0725707,
              32.6189793
            ],
            [
              120.0725707,
              32.6189974
            ],
            [
              120.072552,
              32.6190087
            ],
            [
              120.07256,
              32.6191035
            ],
            [
              120.0725546,
              32.6191329
            ],
            [
              120.07256,
              32.6191374
            ],
            [
              120.07256,
              32.6191984
            ],
            [
              120.0725707,
              32.6192188
            ],
            [
              120.0725681,
              32.6192414
            ],
            [
              120.072552,
              32.6192572
            ],
            [
              120.0725251,
              32.6192639
            ],
            [
              120.072501,
              32.619282
            ],
            [
              120.0724956,
              32.6193453
            ],
            [
              120.0724769,
              32.6193701
            ],
            [
              120.0724769,
              32.6193792
            ],
            [
              120.0724956,
              32.6193927
            ],
            [
              120.0724956,
              32.619413
            ],
            [
              120.0725117,
              32.6194221
            ],
            [
              120.0725171,
              32.6194515
            ],
            [
              120.072501,
              32.619465
            ],
            [
              120.0724983,
              32.6194899
            ],
            [
              120.0725198,
              32.6195079
            ],
            [
              120.0725198,
              32.6195215
            ],
            [
              120.0725305,
              32.619535
            ],
            [
              120.0725573,
              32.6195418
            ],
            [
              120.0725761,
              32.6195599
            ],
            [
              120.072611,
              32.6195622
            ],
            [
              120.0726673,
              32.6195983
            ],
            [
              120.0727022,
              32.6195915
            ],
            [
              120.0727504,
              32.619596
            ],
            [
              120.0727934,
              32.619587
            ],
            [
              120.0728202,
              32.6195622
            ],
            [
              120.0728336,
              32.6195667
            ],
            [
              120.0728792,
              32.6195554
            ],
            [
              120.0729141,
              32.6195599
            ],
            [
              120.0729704,
              32.6195554
            ],
            [
              120.0729999,
              32.6195396
            ],
            [
              120.0730321,
              32.6195441
            ],
            [
              120.0730535,
              32.6195622
            ],
            [
              120.0730804,
              32.6195644
            ],
            [
              120.0731528,
              32.6195396
            ],
            [
              120.0731689,
              32.6195192
            ],
            [
              120.0732064,
              32.6195215
            ],
            [
              120.0732413,
              32.6195034
            ],
            [
              120.0732788,
              32.6195079
            ],
            [
              120.0733566,
              32.6194966
            ],
            [
              120.0734022,
              32.6195124
            ],
            [
              120.0734049,
              32.619526
            ],
            [
              120.073429,
              32.6195486
            ],
            [
              120.0734478,
              32.6195531
            ],
            [
              120.0734586,
              32.6195486
            ],
            [
              120.0734639,
              32.6195554
            ],
            [
              120.0734398,
              32.6195622
            ],
            [
              120.073413,
              32.6195599
            ],
            [
              120.0733861,
              32.6195734
            ],
            [
              120.0733593,
              32.6195757
            ],
            [
              120.0733271,
              32.6195599
            ],
            [
              120.0733271,
              32.6195441
            ],
            [
              120.0733191,
              32.6195373
            ],
            [
              120.0733003,
              32.619535
            ],
            [
              120.0732735,
              32.6195418
            ],
            [
              120.0732413,
              32.619535
            ],
            [
              120.0732252,
              32.6195396
            ],
            [
              120.0732145,
              32.6195554
            ],
            [
              120.073185,
              32.6195712
            ],
            [
              120.0731823,
              32.6195847
            ],
            [
              120.0731474,
              32.6196051
            ],
            [
              120.0730884,
              32.6196051
            ],
            [
              120.0729865,
              32.6196254
            ],
            [
              120.0729516,
              32.6196164
            ],
            [
              120.0728953,
              32.619648
            ],
            [
              120.0728282,
              32.6196525
            ],
            [
              120.0727719,
              32.6196661
            ],
            [
              120.072729,
              32.6196932
            ],
            [
              120.0727209,
              32.619718
            ],
            [
              120.0726968,
              32.6197429
            ],
            [
              120.0726727,
              32.6197971
            ],
            [
              120.0726673,
              32.6198558
            ],
            [
              120.0726378,
              32.6198694
            ],
            [
              120.0725949,
              32.6198581
            ],
            [
              120.072552,
              32.6198581
            ],
            [
              120.0725359,
              32.6198671
            ],
            [
              120.0725386,
              32.6198852
            ],
            [
              120.0725573,
              32.6198965
            ],
            [
              120.0726163,
              32.6198942
            ],
            [
              120.0726378,
              32.6198875
            ],
            [
              120.0726593,
              32.6198988
            ],
            [
              120.0726619,
              32.6199552
            ],
            [
              120.0726432,
              32.6199823
            ],
            [
              120.0726566,
              32.6200298
            ],
            [
              120.0726807,
              32.6200501
            ],
            [
              120.0727102,
              32.6200614
            ],
            [
              120.0727478,
              32.6201337
            ],
            [
              120.0727853,
              32.6201744
            ],
            [
              120.072788,
              32.6201857
            ],
            [
              120.0728121,
              32.620197
            ],
            [
              120.0728256,
              32.6202218
            ],
            [
              120.0728711,
              32.6202444
            ],
            [
              120.0729463,
              32.6202647
            ],
            [
              120.0729945,
              32.620267
            ],
            [
              120.0730723,
              32.6202557
            ],
            [
              120.0731018,
              32.6202647
            ],
            [
              120.0732413,
              32.6202399
            ],
            [
              120.0732762,
              32.6202693
            ],
            [
              120.0733432,
              32.620276
            ],
            [
              120.0733835,
              32.620258
            ],
            [
              120.0733969,
              32.6202309
            ],
            [
              120.0734666,
              32.620197
            ],
            [
              120.0735524,
              32.6201857
            ],
            [
              120.0735846,
              32.620206
            ],
            [
              120.0736329,
              32.620206
            ],
            [
              120.0736678,
              32.6201924
            ],
            [
              120.0736892,
              32.6202105
            ],
            [
              120.0737026,
              32.6202128
            ],
            [
              120.0737348,
              32.6201947
            ],
            [
              120.0737348,
              32.6201721
            ],
            [
              120.0737482,
              32.6201586
            ],
            [
              120.0737858,
              32.6201495
            ],
            [
              120.0738689,
              32.6201495
            ],
            [
              120.0738904,
              32.6201405
            ],
            [
              120.0739172,
              32.6201473
            ],
            [
              120.0739226,
              32.6201631
            ],
            [
              120.073944,
              32.6201744
            ],
            [
              120.0739682,
              32.6201586
            ],
            [
              120.0739923,
              32.6201563
            ],
            [
              120.0740004,
              32.6201495
            ],
            [
              120.0740004,
              32.6201269
            ],
            [
              120.0740165,
              32.6201202
            ],
            [
              120.0740674,
              32.6201382
            ],
            [
              120.0740835,
              32.6201292
            ],
            [
              120.0740889,
              32.6201089
            ],
            [
              120.0741801,
              32.6200953
            ],
            [
              120.0742042,
              32.6200863
            ],
            [
              120.0742364,
              32.620093
            ],
            [
              120.0742793,
              32.6200795
            ],
            [
              120.0743383,
              32.6200863
            ],
            [
              120.0743598,
              32.6200772
            ],
            [
              120.0744376,
              32.6200682
            ],
            [
              120.0744724,
              32.6200569
            ],
            [
              120.0745127,
              32.6200637
            ],
            [
              120.0745288,
              32.6200546
            ],
            [
              120.0745314,
              32.6200388
            ],
            [
              120.074569,
              32.6200117
            ],
            [
              120.0745824,
              32.620014
            ],
            [
              120.0745824,
              32.620023
            ],
            [
              120.0746173,
              32.6200501
            ],
            [
              120.074636,
              32.6201879
            ],
            [
              120.0746199,
              32.6201924
            ],
            [
              120.0746119,
              32.6202083
            ],
            [
              120.0746414,
              32.6202218
            ],
            [
              120.0746307,
              32.6202738
            ],
            [
              120.0745931,
              32.6202851
            ],
            [
              120.0745824,
              32.6202738
            ],
            [
              120.0746092,
              32.6202625
            ],
            [
              120.0746173,
              32.6202467
            ],
            [
              120.0745797,
              32.6202331
            ],
            [
              120.0745529,
              32.6202444
            ],
            [
              120.0745556,
              32.620267
            ],
            [
              120.0745475,
              32.6202715
            ],
            [
              120.0745288,
              32.620267
            ],
            [
              120.0744805,
              32.6202783
            ],
            [
              120.0744402,
              32.6202783
            ],
            [
              120.0744188,
              32.6202693
            ],
            [
              120.074392,
              32.620276
            ],
            [
              120.0743812,
              32.6202715
            ],
            [
              120.0743759,
              32.6202489
            ],
            [
              120.0743437,
              32.6202331
            ],
            [
              120.0743222,
              32.6202354
            ],
            [
              120.0742605,
              32.620267
            ],
            [
              120.0742203,
              32.6202693
            ],
            [
              120.0741881,
              32.6202512
            ],
            [
              120.0741693,
              32.620267
            ],
            [
              120.0741479,
              32.6202693
            ],
            [
              120.0741318,
              32.6202602
            ],
            [
              120.0740996,
              32.6202557
            ],
            [
              120.0741076,
              32.6202331
            ],
            [
              120.0740862,
              32.6202218
            ],
            [
              120.0740594,
              32.6202173
            ],
            [
              120.0739628,
              32.6202263
            ],
            [
              120.0739011,
              32.6202128
            ],
            [
              120.0738609,
              32.6202263
            ],
            [
              120.0738502,
              32.6202218
            ],
            [
              120.0738287,
              32.6202263
            ],
            [
              120.073818,
              32.6202354
            ],
            [
              120.073818,
              32.6202467
            ],
            [
              120.0738367,
              32.6202602
            ],
            [
              120.0738072,
              32.620276
            ],
            [
              120.0737697,
              32.6202693
            ],
            [
              120.0737375,
              32.6202738
            ],
            [
              120.0736812,
              32.6202693
            ],
            [
              120.0736651,
              32.6202783
            ],
            [
              120.0736651,
              32.6202896
            ],
            [
              120.0736222,
              32.6203077
            ],
            [
              120.0736061,
              32.6203054
            ],
            [
              120.0735766,
              32.6203144
            ],
            [
              120.0735524,
              32.6203325
            ],
            [
              120.0735444,
              32.6203709
            ],
            [
              120.0735068,
              32.6203935
            ],
            [
              120.0735068,
              32.6204184
            ],
            [
              120.07348,
              32.6204342
            ],
            [
              120.0734827,
              32.6204907
            ],
            [
              120.0734746,
              32.6204974
            ],
            [
              120.073472,
              32.6205788
            ],
            [
              120.0734478,
              32.6205968
            ],
            [
              120.0734478,
              32.6206059
            ],
            [
              120.0734854,
              32.6206239
            ],
            [
              120.0734907,
              32.6206601
            ],
            [
              120.0735149,
              32.6206849
            ],
            [
              120.0735149,
              32.620694
            ],
            [
              120.0734961,
              32.620703
            ],
            [
              120.0734961,
              32.6207143
            ],
            [
              120.0735176,
              32.6207256
            ],
            [
              120.0735041,
              32.6207505
            ],
            [
              120.0735551,
              32.6207821
            ],
            [
              120.0735551,
              32.620825
            ],
            [
              120.0735632,
              32.6208499
            ],
            [
              120.0735766,
              32.6208589
            ],
            [
              120.073598,
              32.6208973
            ],
            [
              120.073598,
              32.6209154
            ],
            [
              120.0736544,
              32.620947
            ],
            [
              120.073708,
              32.6209651
            ],
            [
              120.073708,
              32.6209831
            ],
            [
              120.0737268,
              32.6209944
            ],
            [
              120.0737482,
              32.6209809
            ],
            [
              120.0738126,
              32.6209741
            ],
            [
              120.073826,
              32.6210012
            ],
            [
              120.0738609,
              32.6210102
            ],
            [
              120.0738823,
              32.6210035
            ],
            [
              120.0739038,
              32.6209854
            ],
            [
              120.0739574,
              32.6209854
            ],
            [
              120.0739869,
              32.6209741
            ],
            [
              120.0740191,
              32.6210035
            ],
            [
              120.0740325,
              32.621008
            ],
            [
              120.074003,
              32.6210441
            ],
            [
              120.0739762,
              32.6210351
            ],
            [
              120.0739548,
              32.6210487
            ],
            [
              120.0739226,
              32.6210419
            ],
            [
              120.073885,
              32.6210532
            ],
            [
              120.0737751,
              32.6210464
            ],
            [
              120.0737429,
              32.6210577
            ],
            [
              120.0736651,
              32.6210599
            ],
            [
              120.073649,
              32.6210645
            ],
            [
              120.0736329,
              32.6210803
            ],
            [
              120.0736088,
              32.6210871
            ],
            [
              120.0735953,
              32.6211142
            ],
            [
              120.0735846,
              32.6211209
            ],
            [
              120.0735873,
              32.6211481
            ],
            [
              120.073598,
              32.6211616
            ],
            [
              120.07359,
              32.6211887
            ],
            [
              120.0736061,
              32.6212045
            ],
            [
              120.0736248,
              32.6212068
            ],
            [
              120.0736248,
              32.6212339
            ],
            [
              120.073649,
              32.6212791
            ],
            [
              120.0736544,
              32.6213243
            ],
            [
              120.0736839,
              32.6213559
            ],
            [
              120.0736973,
              32.6214191
            ],
            [
              120.073708,
              32.621435
            ],
            [
              120.073708,
              32.6214666
            ],
            [
              120.0737268,
              32.6215072
            ],
            [
              120.0737295,
              32.6215615
            ],
            [
              120.0737402,
              32.6215795
            ],
            [
              120.0737321,
              32.6216225
            ],
            [
              120.0737429,
              32.6216315
            ],
            [
              120.073759,
              32.6216789
            ],
            [
              120.0737724,
              32.621688
            ],
            [
              120.073767,
              32.6217038
            ],
            [
              120.0737724,
              32.6217332
            ],
            [
              120.0737885,
              32.6217422
            ],
            [
              120.0738153,
              32.6217445
            ],
            [
              120.0738367,
              32.6217693
            ],
            [
              120.0738958,
              32.6217851
            ],
            [
              120.0739548,
              32.6217761
            ],
            [
              120.0739843,
              32.6217919
            ],
            [
              120.0739843,
              32.6218009
            ],
            [
              120.0740111,
              32.621828
            ],
            [
              120.0739843,
              32.6218484
            ],
            [
              120.0739682,
              32.6218326
            ],
            [
              120.0739521,
              32.6218326
            ],
            [
              120.073944,
              32.6218393
            ],
            [
              120.0739467,
              32.6218597
            ],
            [
              120.0739226,
              32.6218664
            ],
            [
              120.0738636,
              32.6218551
            ],
            [
              120.0738341,
              32.6218664
            ],
            [
              120.0738046,
              32.6218484
            ],
            [
              120.073767,
              32.6218506
            ],
            [
              120.0737455,
              32.6218597
            ],
            [
              120.0737268,
              32.6218574
            ],
            [
              120.0737053,
              32.6218664
            ],
            [
              120.0736785,
              32.6218597
            ],
            [
              120.0736356,
              32.6218348
            ],
            [
              120.0736007,
              32.6218326
            ],
            [
              120.0735524,
              32.6218461
            ],
            [
              120.0735041,
              32.6218393
            ],
            [
              120.0734773,
              32.6218077
            ],
            [
              120.0734156,
              32.6218122
            ],
            [
              120.0733969,
              32.6217964
            ],
            [
              120.0733566,
              32.6217942
            ],
            [
              120.0733379,
              32.6217806
            ],
            [
              120.0732976,
              32.621767
            ],
            [
              120.0732788,
              32.6217693
            ],
            [
              120.0732708,
              32.6217851
            ],
            [
              120.0732493,
              32.6217896
            ],
            [
              120.0731769,
              32.6217738
            ],
            [
              120.0731367,
              32.621758
            ],
            [
              120.0731018,
              32.621758
            ],
            [
              120.0730804,
              32.621749
            ],
            [
              120.0729623,
              32.621749
            ],
            [
              120.0728792,
              32.6217851
            ],
            [
              120.0728282,
              32.621767
            ],
            [
              120.0727907,
              32.6217874
            ],
            [
              120.0727558,
              32.6217919
            ],
            [
              120.0727424,
              32.6218032
            ],
            [
              120.0727263,
              32.6218416
            ],
            [
              120.0727317,
              32.6219026
            ],
            [
              120.0727612,
              32.6219342
            ],
            [
              120.0727558,
              32.6220268
            ],
            [
              120.0727853,
              32.6220494
            ],
            [
              120.072788,
              32.6220743
            ],
            [
              120.0728148,
              32.6220991
            ],
            [
              120.0728041,
              32.6221127
            ],
            [
              120.0727692,
              32.6221195
            ],
            [
              120.0727585,
              32.6221285
            ],
            [
              120.0727585,
              32.6221421
            ],
            [
              120.0727746,
              32.6221511
            ],
            [
              120.0728041,
              32.6221488
            ],
            [
              120.0728443,
              32.6221195
            ],
            [
              120.0728577,
              32.6221172
            ],
            [
              120.0729328,
              32.6221398
            ],
            [
              120.0729463,
              32.6221533
            ],
            [
              120.072965,
              32.6221579
            ],
            [
              120.0729597,
              32.6221872
            ],
            [
              120.0729409,
              32.622203
            ],
            [
              120.0729221,
              32.6221918
            ],
            [
              120.072906,
              32.6221918
            ],
            [
              120.0728658,
              32.6222256
            ],
            [
              120.0728604,
              32.6222437
            ],
            [
              120.0728497,
              32.622246
            ],
            [
              120.0728175,
              32.6222256
            ],
            [
              120.0727665,
              32.622246
            ],
            [
              120.0727424,
              32.6222663
            ],
            [
              120.0727397,
              32.6222889
            ],
            [
              120.0727531,
              32.6223115
            ],
            [
              120.0727236,
              32.6223521
            ],
            [
              120.0727156,
              32.6224154
            ],
            [
              120.0726941,
              32.6224267
            ],
            [
              120.0726753,
              32.6224719
            ],
            [
              120.0726753,
              32.6224854
            ],
            [
              120.0726914,
              32.6224967
            ],
            [
              120.0726914,
              32.6225103
            ],
            [
              120.0726807,
              32.6225306
            ],
            [
              120.0726673,
              32.6225396
            ],
            [
              120.07267,
              32.6225781
            ],
            [
              120.0726512,
              32.6225961
            ],
            [
              120.0726485,
              32.6226797
            ],
            [
              120.0726271,
              32.6226933
            ],
            [
              120.0726271,
              32.6227136
            ],
            [
              120.0725788,
              32.6227226
            ],
            [
              120.0725359,
              32.6227136
            ],
            [
              120.0724822,
              32.6227159
            ],
            [
              120.0724661,
              32.6227249
            ],
            [
              120.0724715,
              32.6227407
            ],
            [
              120.0724903,
              32.622752
            ],
            [
              120.0725171,
              32.6227475
            ],
            [
              120.0725439,
              32.622752
            ],
            [
              120.0725681,
              32.622743
            ],
            [
              120.0725868,
              32.6227497
            ],
            [
              120.0726083,
              32.622743
            ],
            [
              120.0726351,
              32.6227497
            ],
            [
              120.0726351,
              32.6227768
            ],
            [
              120.0726485,
              32.6227904
            ],
            [
              120.0726619,
              32.6228243
            ],
            [
              120.072737,
              32.6228672
            ],
            [
              120.072737,
              32.622874
            ],
            [
              120.0726512,
              32.6229079
            ],
            [
              120.0726163,
              32.6228943
            ],
            [
              120.0725842,
              32.6228943
            ],
            [
              120.0725332,
              32.6229079
            ],
            [
              120.0724956,
              32.6229576
            ],
            [
              120.0724956,
              32.6229779
            ],
            [
              120.0725064,
              32.6229892
            ],
            [
              120.0725144,
              32.6230186
            ],
            [
              120.0725144,
              32.623057
            ],
            [
              120.0725064,
              32.6230637
            ],
            [
              120.0725117,
              32.6231112
            ],
            [
              120.0724956,
              32.6231247
            ],
            [
              120.0724956,
              32.6231564
            ],
            [
              120.0724822,
              32.6231903
            ],
            [
              120.0724876,
              32.6232151
            ],
            [
              120.0724742,
              32.6232354
            ],
            [
              120.0724661,
              32.6232761
            ],
            [
              120.0724554,
              32.6232964
            ],
            [
              120.0724393,
              32.6233055
            ],
            [
              120.0724393,
              32.6233168
            ],
            [
              120.0724527,
              32.6233258
            ],
            [
              120.0724554,
              32.6233371
            ],
            [
              120.0724339,
              32.6233913
            ],
            [
              120.0724366,
              32.6234636
            ],
            [
              120.0724554,
              32.6234772
            ],
            [
              120.0724661,
              32.6235065
            ],
            [
              120.0725198,
              32.6235472
            ],
            [
              120.0725386,
              32.6235517
            ],
            [
              120.0726029,
              32.6235901
            ],
            [
              120.0726485,
              32.6236059
            ],
            [
              120.0726566,
              32.623615
            ],
            [
              120.0727344,
              32.6236195
            ],
            [
              120.0727612,
              32.623633
            ],
            [
              120.0727907,
              32.6236353
            ],
            [
              120.0728229,
              32.6236466
            ],
            [
              120.0728658,
              32.6236805
            ],
            [
              120.0729114,
              32.6236624
            ],
            [
              120.0729784,
              32.6236872
            ],
            [
              120.0730053,
              32.6236872
            ],
            [
              120.0730509,
              32.6237053
            ],
            [
              120.0730616,
              32.6237008
            ],
            [
              120.0731796,
              32.6237279
            ],
            [
              120.073185,
              32.6237347
            ],
            [
              120.0731716,
              32.6237437
            ],
            [
              120.0731742,
              32.6237618
            ],
            [
              120.0731528,
              32.6237595
            ],
            [
              120.0731045,
              32.6237641
            ],
            [
              120.073083,
              32.6237505
            ],
            [
              120.0730562,
              32.6237641
            ],
            [
              120.0730079,
              32.6237618
            ],
            [
              120.0729731,
              32.6237505
            ],
            [
              120.0729597,
              32.6237324
            ],
            [
              120.072906,
              32.6237256
            ],
            [
              120.0729141,
              32.623694
            ],
            [
              120.072898,
              32.623685
            ],
            [
              120.0728819,
              32.6236918
            ],
            [
              120.0728577,
              32.6236872
            ],
            [
              120.0728443,
              32.6237031
            ],
            [
              120.0728282,
              32.6236963
            ],
            [
              120.072796,
              32.6236985
            ],
            [
              120.0727746,
              32.6236805
            ],
            [
              120.0727451,
              32.6236805
            ],
            [
              120.0727102,
              32.6236624
            ],
            [
              120.072678,
              32.6236714
            ],
            [
              120.0725278,
              32.623633
            ],
            [
              120.0724822,
              32.6236398
            ],
            [
              120.0724527,
              32.6236353
            ],
            [
              120.0724286,
              32.6236443
            ],
            [
              120.0724205,
              32.6236624
            ],
            [
              120.0723884,
              32.623685
            ],
            [
              120.0723428,
              32.6237528
            ],
            [
              120.0723401,
              32.6238409
            ],
            [
              120.072324,
              32.6238634
            ],
            [
              120.0723213,
              32.6239086
            ],
            [
              120.0723106,
              32.6239403
            ],
            [
              120.0722998,
              32.6239493
            ],
            [
              120.0723052,
              32.6239945
            ],
            [
              120.0722998,
              32.6240058
            ],
            [
              120.0722837,
              32.6240148
            ],
            [
              120.0722837,
              32.6240577
            ],
            [
              120.072273,
              32.6240735
            ],
            [
              120.0722757,
              32.624121
            ],
            [
              120.0722596,
              32.6241458
            ],
            [
              120.0722623,
              32.6242046
            ],
            [
              120.0722811,
              32.6242407
            ],
            [
              120.072324,
              32.6242723
            ],
            [
              120.072332,
              32.6242904
            ],
            [
              120.072391,
              32.6243017
            ],
            [
              120.0724205,
              32.6243153
            ],
            [
              120.0725037,
              32.6243265
            ],
            [
              120.07256,
              32.6243537
            ],
            [
              120.0725949,
              32.6243514
            ],
            [
              120.0726324,
              32.624365
            ],
            [
              120.0726807,
              32.624365
            ],
            [
              120.0727907,
              32.6243966
            ],
            [
              120.0728336,
              32.6243988
            ],
            [
              120.0728792,
              32.6244147
            ],
            [
              120.0728953,
              32.6244124
            ],
            [
              120.0729328,
              32.6244327
            ],
            [
              120.0730026,
              32.6244327
            ],
            [
              120.0730777,
              32.6244508
            ],
            [
              120.0731206,
              32.6244508
            ],
            [
              120.0731528,
              32.6244689
            ],
            [
              120.0732064,
              32.6244689
            ],
            [
              120.0732628,
              32.6244802
            ],
            [
              120.0734827,
              32.6244869
            ],
            [
              120.0735229,
              32.6244779
            ],
            [
              120.0735578,
              32.6244869
            ],
            [
              120.0735739,
              32.6244847
            ],
            [
              120.073598,
              32.624496
            ],
            [
              120.0736114,
              32.6245253
            ],
            [
              120.0736248,
              32.6245344
            ],
            [
              120.0736222,
              32.624575
            ],
            [
              120.0736383,
              32.6245841
            ],
            [
              120.0736678,
              32.6245728
            ],
            [
              120.0736946,
              32.6245728
            ],
            [
              120.0737026,
              32.624566
            ],
            [
              120.0737026,
              32.6245479
            ],
            [
              120.0737241,
              32.6245366
            ],
            [
              120.0737241,
              32.6245186
            ],
            [
              120.0737321,
              32.6245118
            ],
            [
              120.0737321,
              32.6244982
            ],
            [
              120.073716,
              32.6244892
            ],
            [
              120.0736785,
              32.6245095
            ],
            [
              120.0736544,
              32.6245118
            ],
            [
              120.0736356,
              32.6245028
            ],
            [
              120.0736409,
              32.6244779
            ],
            [
              120.073708,
              32.6244802
            ],
            [
              120.0737751,
              32.6244711
            ],
            [
              120.0738046,
              32.6244892
            ],
            [
              120.0738287,
              32.6245253
            ],
            [
              120.073818,
              32.6245412
            ],
            [
              120.0738233,
              32.6245818
            ],
            [
              120.0738099,
              32.6246067
            ],
            [
              120.0738153,
              32.6246293
            ],
            [
              120.0737911,
              32.6246586
            ],
            [
              120.0737911,
              32.624679
            ],
            [
              120.0737804,
              32.6246948
            ],
            [
              120.0737295,
              32.6247038
            ],
            [
              120.073708,
              32.6246948
            ],
            [
              120.0736865,
              32.624697
            ],
            [
              120.0736678,
              32.6247151
            ],
            [
              120.073649,
              32.6247196
            ],
            [
              120.0736409,
              32.6247377
            ],
            [
              120.0736302,
              32.6247422
            ],
            [
              120.0736061,
              32.6247219
            ],
            [
              120.07359,
              32.6247241
            ],
            [
              120.0735766,
              32.6247399
            ],
            [
              120.0735417,
              32.6247241
            ],
            [
              120.0735229,
              32.6247264
            ],
            [
              120.0735041,
              32.6247174
            ],
            [
              120.0734505,
              32.6247151
            ],
            [
              120.0733835,
              32.6247377
            ],
            [
              120.07337,
              32.624758
            ],
            [
              120.0733325,
              32.624758
            ],
            [
              120.073311,
              32.6247693
            ],
            [
              120.0732681,
              32.6247512
            ],
            [
              120.0731635,
              32.624758
            ],
            [
              120.0731206,
              32.6247851
            ],
            [
              120.0731152,
              32.6248348
            ],
            [
              120.0730723,
              32.6248687
            ],
            [
              120.0730777,
              32.6249139
            ],
            [
              120.0730669,
              32.6249207
            ],
            [
              120.0730267,
              32.6249252
            ],
            [
              120.0730053,
              32.6249478
            ],
            [
              120.0730079,
              32.6249997
            ],
            [
              120.0729918,
              32.6250155
            ],
            [
              120.0729865,
              32.6250449
            ],
            [
              120.0730053,
              32.6250652
            ],
            [
              120.0729918,
              32.6250811
            ],
            [
              120.0729918,
              32.6250969
            ],
            [
              120.073016,
              32.6251104
            ],
            [
              120.0730321,
              32.6251375
            ],
            [
              120.073024,
              32.6251669
            ],
            [
              120.0730133,
              32.6251759
            ],
            [
              120.0730133,
              32.6252008
            ],
            [
              120.0730589,
              32.6252347
            ],
            [
              120.0730804,
              32.6252347
            ],
            [
              120.0731072,
              32.625246
            ],
            [
              120.073126,
              32.6252844
            ],
            [
              120.0731635,
              32.625316
            ],
            [
              120.0731769,
              32.6253544
            ],
            [
              120.073193,
              32.6253634
            ],
            [
              120.073193,
              32.6254041
            ],
            [
              120.0732225,
              32.6254289
            ],
            [
              120.0732252,
              32.6254425
            ],
            [
              120.073244,
              32.6254538
            ],
            [
              120.0732762,
              32.6254425
            ],
            [
              120.0733003,
              32.6254673
            ],
            [
              120.073303,
              32.6254967
            ],
            [
              120.0733298,
              32.6255103
            ],
            [
              120.0733727,
              32.6255532
            ],
            [
              120.0733727,
              32.625569
            ],
            [
              120.0734022,
              32.6255939
            ],
            [
              120.0734022,
              32.6256006
            ],
            [
              120.0733915,
              32.6256051
            ],
            [
              120.0733727,
              32.6255961
            ],
            [
              120.0733513,
              32.6256119
            ],
            [
              120.0732574,
              32.6256051
            ],
            [
              120.0732413,
              32.6256142
            ],
            [
              120.073244,
              32.6256345
            ],
            [
              120.0732601,
              32.6256435
            ],
            [
              120.0733271,
              32.6256435
            ],
            [
              120.0733459,
              32.6256345
            ],
            [
              120.073362,
              32.6256413
            ],
            [
              120.073429,
              32.625639
            ],
            [
              120.0734532,
              32.6256639
            ],
            [
              120.073472,
              32.6256729
            ],
            [
              120.073472,
              32.6256978
            ],
            [
              120.0734827,
              32.6257068
            ],
            [
              120.0735149,
              32.6257136
            ],
            [
              120.0735176,
              32.6257407
            ],
            [
              120.073531,
              32.625752
            ],
            [
              120.0735712,
              32.625752
            ],
            [
              120.0735927,
              32.6257768
            ],
            [
              120.0736812,
              32.6258243
            ],
            [
              120.0736892,
              32.6258378
            ],
            [
              120.0737268,
              32.6258333
            ],
            [
              120.0737455,
              32.6258423
            ],
            [
              120.0738207,
              32.6258469
            ],
            [
              120.0738099,
              32.625892
            ],
            [
              120.073759,
              32.6259056
            ],
            [
              120.0737107,
              32.6258966
            ],
            [
              120.0736731,
              32.6259191
            ],
            [
              120.0736812,
              32.6259372
            ],
            [
              120.0736731,
              32.6259575
            ],
            [
              120.0736034,
              32.625953
            ],
            [
              120.0735444,
              32.6259666
            ],
            [
              120.0735041,
              32.6259508
            ],
            [
              120.0734881,
              32.6259598
            ],
            [
              120.0734827,
              32.6259779
            ]
          ]
        ]
      }
    },
    {
      "type": "Feature",
      "id": "cn0000385-h18-centerline-0",
      "properties": {
        "course_id": "cn0000385",
        "hole": 18,
        "feature_type": "centerline",
        "index": 0
      },
      "geometry": {
        "type": "LineString",
        "coordinates": [
          [
            120.070826,
            32.6229423
          ],
          [
            120.0709708,
            32.6226485
          ],
          [
            120.0711477,
            32.6224405
          ],
          [
            120.0713301,
            32.622088
          ],
          [
            120.0714266,
            32.6218079
          ],
          [
            120.0716089,
            32.6213876
          ],
          [
            120.0717108,
            32.6209629
          ],
          [
            120.0718181,
            32.6203982
          ],
          [
            120.0717538,
            32.6199737
          ],
          [
            120.0716788,
            32.6196848
          ],
          [
            120.0716145,
            32.619188
          ],
          [
            120.0715609,
            32.6186822
          ]
        ]
      }
    },
    {
      "type": "Feature",
      "id": "cn0000385-h18-cart_path-0",
      "properties": {
        "course_id": "cn0000385",
        "hole": 18,
        "feature_type": "cart_path",
        "index": 0
      },
      "geometry": {
        "type": "LineString",
        "coordinates": [
          [
            120.0720692,
            32.6212497
          ],
          [
            120.0721014,
            32.621191
          ],
          [
            120.0721228,
            32.6209651
          ]
        ]
      }
    },
    {
      "type": "Feature",
      "id": "cn0000385-h18-cart_path-1",
      "properties": {
        "course_id": "cn0000385",
        "hole": 18,
        "feature_type": "cart_path",
        "index": 1
      },
      "geometry": {
        "type": "LineString",
        "coordinates": [
          [
            120.0719726,
            32.6202467
          ],
          [
            120.0720263,
            32.6203235
          ],
          [
            120.0720504,
            32.6204229
          ],
          [
            120.0721282,
            32.6205765
          ]
        ]
      }
    },
    {
      "type": "Feature",
      "id": "cn0000385-h18-cart_path-2",
      "properties": {
        "course_id": "cn0000385",
        "hole": 18,
        "feature_type": "cart_path",
        "index": 2
      },
      "geometry": {
        "type": "LineString",
        "coordinates": [
          [
            120.0712377,
            32.6201021
          ],
          [
            120.071345,
            32.6201066
          ],
          [
            120.0716668,
            32.6200524
          ],
          [
            120.0717473,
            32.620075
          ]
        ]
      }
    },
    {
      "type": "Feature",
      "id": "cn0000385-h18-cart_path-3",
      "properties": {
        "course_id": "cn0000385",
        "hole": 18,
        "feature_type": "cart_path",
        "index": 3
      },
      "geometry": {
        "type": "LineString",
        "coordinates": [
          [
            120.0717044,
            32.6220494
          ],
          [
            120.0717098,
            32.6219726
          ],
          [
            120.0717688,
            32.6220314
          ],
          [
            120.0717741,
            32.6219862
          ],
          [
            120.0717098,
            32.6219726
          ]
        ]
      }
    },
    {
      "type": "Feature",
      "id": "cn0000385-h18-cart_path-4",
      "properties": {
        "course_id": "cn0000385",
        "hole": 18,
        "feature_type": "cart_path",
        "index": 4
      },
      "geometry": {
        "type": "LineString",
        "coordinates": [
          [
            120.0707871,
            32.6230931
          ],
          [
            120.0707978,
            32.6231428
          ],
          [
            120.0708568,
            32.623197
          ],
          [
            120.0708407,
            32.6231699
          ],
          [
            120.0708139,
            32.6231654
          ],
          [
            120.0708568,
            32.6232241
          ],
          [
            120.0707173,
            32.6232106
          ]
        ]
      }
    },
    {
      "type": "Feature",
      "id": "cn0000385-h18-cart_path-5",
      "properties": {
        "course_id": "cn0000385",
        "hole": 18,
        "feature_type": "cart_path",
        "index": 5
      },
      "geometry": {
        "type": "LineString",
        "coordinates": [
          [
            120.0708568,
            32.6229395
          ],
          [
            120.0706637,
            32.6230073
          ],
          [
            120.0705886,
            32.6230073
          ]
        ]
      }
    },
    {
      "type": "Feature",
      "id": "cn0000385-h18-tree-0",
      "properties": {
        "course_id": "cn0000385",
        "hole": 18,
        "feature_type": "tree",
        "index": 0
      },
      "geometry": {
        "type": "Point",
        "coordinates": [
          120.071833,
          32.6183635
        ]
      }
    },
    {
      "type": "Feature",
      "id": "cn0000385-h18-tree-1",
      "properties": {
        "course_id": "cn0000385",
        "hole": 18,
        "feature_type": "tree",
        "index": 1
      },
      "geometry": {
        "type": "Point",
        "coordinates": [
          120.0714219,
          32.6189505
        ]
      }
    },
    {
      "type": "Feature",
      "id": "cn0000385-h18-tree-2",
      "properties": {
        "course_id": "cn0000385",
        "hole": 18,
        "feature_type": "tree",
        "index": 2
      },
      "geometry": {
        "type": "Point",
        "coordinates": [
          120.0707427,
          32.6200443
        ]
      }
    },
    {
      "type": "Feature",
      "id": "cn0000385-h18-tree-3",
      "properties": {
        "course_id": "cn0000385",
        "hole": 18,
        "feature_type": "tree",
        "index": 3
      },
      "geometry": {
        "type": "Point",
        "coordinates": [
          120.0712307,
          32.6206406
        ]
      }
    },
    {
      "type": "Feature",
      "id": "cn0000385-h18-tree-4",
      "properties": {
        "course_id": "cn0000385",
        "hole": 18,
        "feature_type": "tree",
        "index": 4
      },
      "geometry": {
        "type": "Point",
        "coordinates": [
          120.0713208,
          32.6210831
        ]
      }
    },
    {
      "type": "Feature",
      "id": "cn0000385-h18-tree-5",
      "properties": {
        "course_id": "cn0000385",
        "hole": 18,
        "feature_type": "tree",
        "index": 5
      },
      "geometry": {
        "type": "Point",
        "coordinates": [
          120.0722073,
          32.6209817
        ]
      }
    },
    {
      "type": "Feature",
      "id": "cn0000385-h18-tree-6",
      "properties": {
        "course_id": "cn0000385",
        "hole": 18,
        "feature_type": "tree",
        "index": 6
      },
      "geometry": {
        "type": "Point",
        "coordinates": [
          120.0714058,
          32.6227156
        ]
      }
    },
    {
      "type": "Feature",
      "id": "cn0000385-h18-tree-7",
      "properties": {
        "course_id": "cn0000385",
        "hole": 18,
        "feature_type": "tree",
        "index": 7
      },
      "geometry": {
        "type": "Point",
        "coordinates": [
          120.0708716,
          32.6230537
        ]
      }
    },
    {
      "type": "Feature",
      "id": "cn0000385-h18-tree-8",
      "properties": {
        "course_id": "cn0000385",
        "hole": 18,
        "feature_type": "tree",
        "index": 8
      },
      "geometry": {
        "type": "Point",
        "coordinates": [
          120.070434,
          32.6231778
        ]
      }
    },
    {
      "type": "Feature",
      "id": "cn0000385-h18-tee-black",
      "properties": {
        "course_id": "cn0000385",
        "hole": 18,
        "feature_type": "tee",
        "color": "black",
        "distance_m": 529
      },
      "geometry": {
        "type": "Point",
        "coordinates": [
          120.070826,
          32.6229423
        ]
      }
    },
    {
      "type": "Feature",
      "id": "cn0000385-h18-tee-blue",
      "properties": {
        "course_id": "cn0000385",
        "hole": 18,
        "feature_type": "tee",
        "color": "blue",
        "distance_m": 507
      },
      "geometry": {
        "type": "Point",
        "coordinates": [
          120.0711048,
          32.622829
        ]
      }
    },
    {
      "type": "Feature",
      "id": "cn0000385-h18-tee-white",
      "properties": {
        "course_id": "cn0000385",
        "hole": 18,
        "feature_type": "tee",
        "color": "white",
        "distance_m": 484
      },
      "geometry": {
        "type": "Point",
        "coordinates": [
          120.0713086,
          32.6226571
        ]
      }
    },
    {
      "type": "Feature",
      "id": "cn0000385-h18-tee-red",
      "properties": {
        "course_id": "cn0000385",
        "hole": 18,
        "feature_type": "tee",
        "color": "red",
        "distance_m": 443
      },
      "geometry": {
        "type": "Point",
        "coordinates": [
          120.071582,
          32.622309
        ]
      }
    },
    {
      "type": "Feature",
      "id": "cn0000385-h18-flag-daily_pin",
      "properties": {
        "course_id": "cn0000385",
        "hole": 18,
        "feature_type": "flag",
        "role": "daily_pin"
      },
      "geometry": {
        "type": "Point",
        "coordinates": [
          120.0715609,
          32.6186822
        ]
      }
    },
    {
      "type": "Feature",
      "id": "cn0000385-h18-green_target-front",
      "properties": {
        "course_id": "cn0000385",
        "hole": 18,
        "feature_type": "green_target",
        "role": "front"
      },
      "geometry": {
        "type": "Point",
        "coordinates": [
          120.0715347,
          32.6188344
        ]
      }
    },
    {
      "type": "Feature",
      "id": "cn0000385-h18-green_target-middle",
      "properties": {
        "course_id": "cn0000385",
        "hole": 18,
        "feature_type": "green_target",
        "role": "middle"
      },
      "geometry": {
        "type": "Point",
        "coordinates": [
          120.07156180344826,
          32.61867695172414
        ]
      }
    },
    {
      "type": "Feature",
      "id": "cn0000385-h18-green_target-back",
      "properties": {
        "course_id": "cn0000385",
        "hole": 18,
        "feature_type": "green_target",
        "role": "back"
      },
      "geometry": {
        "type": "Point",
        "coordinates": [
          120.0715871,
          32.61853
        ]
      }
    }
  ]
}
